ISO-10303-21;
HEADER;
/* Generated by software containing ST-Developer
 * from STEP Tools, Inc. (www.steptools.com) 
 */

FILE_DESCRIPTION(
/* description */ (''),
/* implementation_level */ '2;1');

FILE_NAME(
/* name */ 'einkcam v6 screws_v26.step',
/* time_stamp */ '2026-01-17T14:05:44-05:00',
/* author */ (''),
/* organization */ (''),
/* preprocessor_version */ 'ST-DEVELOPER v20.1',
/* originating_system */ 'Autodesk Translation Framework v14.10.0.0',
/* authorisation */ '');

FILE_SCHEMA (('AUTOMOTIVE_DESIGN { 1 0 10303 214 3 1 1 }'));
ENDSEC;

DATA;
#10=MECHANICAL_DESIGN_GEOMETRIC_PRESENTATION_REPRESENTATION('',(#13,#14,
#15,#16),#8647);
#11=SHAPE_REPRESENTATION_RELATIONSHIP('SRR','None',#8654,#12);
#12=ADVANCED_BREP_SHAPE_REPRESENTATION('',(#17,#18,#19,#20),#8646);
#13=STYLED_ITEM('',(#8663),#17);
#14=STYLED_ITEM('',(#8663),#18);
#15=STYLED_ITEM('',(#8663),#19);
#16=STYLED_ITEM('',(#8663),#20);
#17=MANIFOLD_SOLID_BREP('enclosure',#5217);
#18=MANIFOLD_SOLID_BREP('lid',#5218);
#19=MANIFOLD_SOLID_BREP('ring',#5219);
#20=MANIFOLD_SOLID_BREP('bezel',#5220);
#21=CONICAL_SURFACE('',#5365,1.625,0.523598775598299);
#22=CONICAL_SURFACE('',#5566,8.,1.22173047639603);
#23=(
BOUNDED_SURFACE()
B_SPLINE_SURFACE(2,2,((#7290,#7291,#7292),(#7293,#7294,#7295),(#7296,#7297,
#7298)),.UNSPECIFIED.,.F.,.F.,.F.)
B_SPLINE_SURFACE_WITH_KNOTS((3,3),(3,3),(-1.0471975511966,0.),(-3.14159265358979,
-1.5707963267949),.UNSPECIFIED.)
GEOMETRIC_REPRESENTATION_ITEM()
RATIONAL_B_SPLINE_SURFACE(((1.,0.707106781186548,1.),(0.866025403784444,
0.612372435695799,0.866025403784444),(1.,0.707106781186548,1.)))
REPRESENTATION_ITEM('')
SURFACE()
);
#24=(
BOUNDED_SURFACE()
B_SPLINE_SURFACE(2,2,((#7302,#7303,#7304),(#7305,#7306,#7307),(#7308,#7309,
#7310)),.UNSPECIFIED.,.F.,.F.,.F.)
B_SPLINE_SURFACE_WITH_KNOTS((3,3),(3,3),(-1.0471975511966,0.),(1.57079632679491,
3.1415926535898),.UNSPECIFIED.)
GEOMETRIC_REPRESENTATION_ITEM()
RATIONAL_B_SPLINE_SURFACE(((1.,0.707106781186547,1.),(0.866025403784444,
0.612372435695798,0.866025403784444),(1.,0.707106781186547,1.)))
REPRESENTATION_ITEM('')
SURFACE()
);
#25=(
BOUNDED_SURFACE()
B_SPLINE_SURFACE(2,2,((#7324,#7325,#7326),(#7327,#7328,#7329),(#7330,#7331,
#7332)),.UNSPECIFIED.,.F.,.F.,.F.)
B_SPLINE_SURFACE_WITH_KNOTS((3,3),(3,3),(-1.0471975511966,0.),(-3.14159265358978,
-1.57079632679488),.UNSPECIFIED.)
GEOMETRIC_REPRESENTATION_ITEM()
RATIONAL_B_SPLINE_SURFACE(((1.,0.707106781186546,1.),(0.866025403784459,
0.612372435695808,0.866025403784459),(1.,0.707106781186546,1.)))
REPRESENTATION_ITEM('')
SURFACE()
);
#26=(
BOUNDED_SURFACE()
B_SPLINE_SURFACE(2,2,((#7338,#7339,#7340),(#7341,#7342,#7343),(#7344,#7345,
#7346)),.UNSPECIFIED.,.F.,.F.,.F.)
B_SPLINE_SURFACE_WITH_KNOTS((3,3),(3,3),(-1.0471975511966,0.),(1.5707963267949,
3.14159265358979),.UNSPECIFIED.)
GEOMETRIC_REPRESENTATION_ITEM()
RATIONAL_B_SPLINE_SURFACE(((1.,0.707106781186547,1.),(0.866025403784431,
0.612372435695789,0.866025403784431),(1.,0.707106781186547,1.)))
REPRESENTATION_ITEM('')
SURFACE()
);
#27=(
BOUNDED_SURFACE()
B_SPLINE_SURFACE(2,2,((#8285,#8286,#8287),(#8288,#8289,#8290),(#8291,#8292,
#8293)),.UNSPECIFIED.,.F.,.F.,.F.)
B_SPLINE_SURFACE_WITH_KNOTS((3,3),(3,3),(0.523598775598299,1.5707963267949),
(-3.14159265358979,-1.5707963267949),.UNSPECIFIED.)
GEOMETRIC_REPRESENTATION_ITEM()
RATIONAL_B_SPLINE_SURFACE(((1.,0.707106781186547,1.),(0.866025403784438,
0.612372435695794,0.866025403784438),(1.,0.707106781186547,1.)))
REPRESENTATION_ITEM('')
SURFACE()
);
#28=(
BOUNDED_SURFACE()
B_SPLINE_SURFACE(2,2,((#8297,#8298,#8299),(#8300,#8301,#8302),(#8303,#8304,
#8305)),.UNSPECIFIED.,.F.,.F.,.F.)
B_SPLINE_SURFACE_WITH_KNOTS((3,3),(3,3),(0.523598775598299,1.5707963267949),
(1.5707963267949,3.14159265358979),.UNSPECIFIED.)
GEOMETRIC_REPRESENTATION_ITEM()
RATIONAL_B_SPLINE_SURFACE(((1.,0.707106781186548,1.),(0.866025403784438,
0.612372435695795,0.866025403784438),(1.,0.707106781186548,1.)))
REPRESENTATION_ITEM('')
SURFACE()
);
#29=(
BOUNDED_SURFACE()
B_SPLINE_SURFACE(2,2,((#8317,#8318,#8319),(#8320,#8321,#8322),(#8323,#8324,
#8325)),.UNSPECIFIED.,.F.,.F.,.F.)
B_SPLINE_SURFACE_WITH_KNOTS((3,3),(3,3),(0.523598775598299,1.5707963267949),
(-3.14159265358979,-1.5707963267949),.UNSPECIFIED.)
GEOMETRIC_REPRESENTATION_ITEM()
RATIONAL_B_SPLINE_SURFACE(((1.,0.707106781186548,1.),(0.866025403784438,
0.612372435695794,0.866025403784438),(1.,0.707106781186548,1.)))
REPRESENTATION_ITEM('')
SURFACE()
);
#30=(
BOUNDED_SURFACE()
B_SPLINE_SURFACE(2,2,((#8329,#8330,#8331),(#8332,#8333,#8334),(#8335,#8336,
#8337)),.UNSPECIFIED.,.F.,.F.,.F.)
B_SPLINE_SURFACE_WITH_KNOTS((3,3),(3,3),(0.523598775598299,1.5707963267949),
(1.5707963267949,3.14159265358979),.UNSPECIFIED.)
GEOMETRIC_REPRESENTATION_ITEM()
RATIONAL_B_SPLINE_SURFACE(((1.,0.707106781186548,1.),(0.866025403784427,
0.612372435695787,0.866025403784427),(1.,0.707106781186548,1.)))
REPRESENTATION_ITEM('')
SURFACE()
);
#31=FACE_BOUND('',#638,.T.);
#32=FACE_BOUND('',#640,.T.);
#33=FACE_BOUND('',#641,.T.);
#34=FACE_BOUND('',#642,.T.);
#35=FACE_BOUND('',#643,.T.);
#36=FACE_BOUND('',#644,.T.);
#37=FACE_BOUND('',#645,.T.);
#38=FACE_BOUND('',#646,.T.);
#39=FACE_BOUND('',#647,.T.);
#40=FACE_BOUND('',#648,.T.);
#41=FACE_BOUND('',#649,.T.);
#42=FACE_BOUND('',#650,.T.);
#43=FACE_BOUND('',#651,.T.);
#44=FACE_BOUND('',#652,.T.);
#45=FACE_BOUND('',#671,.T.);
#46=FACE_BOUND('',#672,.T.);
#47=FACE_BOUND('',#748,.T.);
#48=FACE_BOUND('',#749,.T.);
#49=FACE_BOUND('',#754,.T.);
#50=FACE_BOUND('',#755,.T.);
#51=FACE_BOUND('',#756,.T.);
#52=FACE_BOUND('',#757,.T.);
#53=FACE_BOUND('',#758,.T.);
#54=FACE_BOUND('',#760,.T.);
#55=FACE_BOUND('',#761,.T.);
#56=FACE_BOUND('',#773,.T.);
#57=FACE_BOUND('',#776,.T.);
#58=FACE_BOUND('',#780,.T.);
#59=FACE_BOUND('',#784,.T.);
#60=FACE_BOUND('',#788,.T.);
#61=FACE_BOUND('',#792,.T.);
#62=FACE_BOUND('',#794,.T.);
#63=FACE_BOUND('',#809,.T.);
#64=FACE_BOUND('',#810,.T.);
#65=FACE_BOUND('',#811,.T.);
#66=FACE_BOUND('',#813,.T.);
#67=FACE_BOUND('',#817,.T.);
#68=FACE_BOUND('',#830,.T.);
#69=FACE_BOUND('',#831,.T.);
#70=FACE_BOUND('',#832,.T.);
#71=FACE_BOUND('',#833,.T.);
#72=FACE_BOUND('',#834,.T.);
#73=FACE_BOUND('',#859,.T.);
#74=FACE_BOUND('',#862,.T.);
#75=FACE_BOUND('',#863,.T.);
#76=FACE_BOUND('',#864,.T.);
#77=FACE_BOUND('',#865,.T.);
#78=FACE_BOUND('',#866,.T.);
#79=FACE_BOUND('',#867,.T.);
#80=FACE_BOUND('',#868,.T.);
#81=FACE_BOUND('',#869,.T.);
#82=FACE_BOUND('',#870,.T.);
#83=FACE_BOUND('',#872,.T.);
#84=FACE_BOUND('',#873,.T.);
#85=FACE_BOUND('',#874,.T.);
#86=FACE_BOUND('',#875,.T.);
#87=FACE_BOUND('',#876,.T.);
#88=FACE_BOUND('',#879,.T.);
#89=FACE_BOUND('',#893,.T.);
#90=FACE_BOUND('',#899,.T.);
#91=FACE_BOUND('',#901,.T.);
#92=FACE_BOUND('',#902,.T.);
#93=FACE_BOUND('',#903,.T.);
#94=FACE_BOUND('',#904,.T.);
#95=FACE_BOUND('',#905,.T.);
#96=FACE_BOUND('',#916,.T.);
#97=FACE_BOUND('',#926,.T.);
#98=FACE_BOUND('',#927,.T.);
#99=FACE_BOUND('',#928,.T.);
#100=FACE_BOUND('',#929,.T.);
#101=FACE_BOUND('',#930,.T.);
#102=FACE_BOUND('',#931,.T.);
#103=FACE_BOUND('',#932,.T.);
#104=FACE_BOUND('',#933,.T.);
#105=FACE_BOUND('',#934,.T.);
#106=FACE_BOUND('',#935,.T.);
#107=FACE_BOUND('',#936,.T.);
#108=FACE_BOUND('',#937,.T.);
#109=FACE_BOUND('',#938,.T.);
#110=PLANE('',#5260);
#111=PLANE('',#5263);
#112=PLANE('',#5265);
#113=PLANE('',#5287);
#114=PLANE('',#5290);
#115=PLANE('',#5293);
#116=PLANE('',#5296);
#117=PLANE('',#5297);
#118=PLANE('',#5304);
#119=PLANE('',#5305);
#120=PLANE('',#5306);
#121=PLANE('',#5307);
#122=PLANE('',#5308);
#123=PLANE('',#5309);
#124=PLANE('',#5310);
#125=PLANE('',#5311);
#126=PLANE('',#5312);
#127=PLANE('',#5313);
#128=PLANE('',#5314);
#129=PLANE('',#5315);
#130=PLANE('',#5316);
#131=PLANE('',#5317);
#132=PLANE('',#5318);
#133=PLANE('',#5319);
#134=PLANE('',#5320);
#135=PLANE('',#5321);
#136=PLANE('',#5322);
#137=PLANE('',#5323);
#138=PLANE('',#5324);
#139=PLANE('',#5325);
#140=PLANE('',#5326);
#141=PLANE('',#5327);
#142=PLANE('',#5328);
#143=PLANE('',#5329);
#144=PLANE('',#5330);
#145=PLANE('',#5331);
#146=PLANE('',#5332);
#147=PLANE('',#5333);
#148=PLANE('',#5334);
#149=PLANE('',#5335);
#150=PLANE('',#5336);
#151=PLANE('',#5337);
#152=PLANE('',#5338);
#153=PLANE('',#5339);
#154=PLANE('',#5340);
#155=PLANE('',#5341);
#156=PLANE('',#5342);
#157=PLANE('',#5343);
#158=PLANE('',#5344);
#159=PLANE('',#5345);
#160=PLANE('',#5346);
#161=PLANE('',#5347);
#162=PLANE('',#5348);
#163=PLANE('',#5349);
#164=PLANE('',#5350);
#165=PLANE('',#5351);
#166=PLANE('',#5352);
#167=PLANE('',#5353);
#168=PLANE('',#5354);
#169=PLANE('',#5355);
#170=PLANE('',#5356);
#171=PLANE('',#5357);
#172=PLANE('',#5358);
#173=PLANE('',#5359);
#174=PLANE('',#5360);
#175=PLANE('',#5361);
#176=PLANE('',#5362);
#177=PLANE('',#5363);
#178=PLANE('',#5364);
#179=PLANE('',#5369);
#180=PLANE('',#5371);
#181=PLANE('',#5377);
#182=PLANE('',#5378);
#183=PLANE('',#5379);
#184=PLANE('',#5380);
#185=PLANE('',#5381);
#186=PLANE('',#5382);
#187=PLANE('',#5383);
#188=PLANE('',#5388);
#189=PLANE('',#5389);
#190=PLANE('',#5390);
#191=PLANE('',#5391);
#192=PLANE('',#5396);
#193=PLANE('',#5397);
#194=PLANE('',#5399);
#195=PLANE('',#5401);
#196=PLANE('',#5403);
#197=PLANE('',#5411);
#198=PLANE('',#5415);
#199=PLANE('',#5421);
#200=PLANE('',#5427);
#201=PLANE('',#5433);
#202=PLANE('',#5439);
#203=PLANE('',#5440);
#204=PLANE('',#5441);
#205=PLANE('',#5442);
#206=PLANE('',#5443);
#207=PLANE('',#5444);
#208=PLANE('',#5445);
#209=PLANE('',#5446);
#210=PLANE('',#5447);
#211=PLANE('',#5448);
#212=PLANE('',#5449);
#213=PLANE('',#5450);
#214=PLANE('',#5451);
#215=PLANE('',#5452);
#216=PLANE('',#5453);
#217=PLANE('',#5454);
#218=PLANE('',#5455);
#219=PLANE('',#5456);
#220=PLANE('',#5460);
#221=PLANE('',#5464);
#222=PLANE('',#5469);
#223=PLANE('',#5472);
#224=PLANE('',#5476);
#225=PLANE('',#5480);
#226=PLANE('',#5484);
#227=PLANE('',#5504);
#228=PLANE('',#5505);
#229=PLANE('',#5506);
#230=PLANE('',#5507);
#231=PLANE('',#5508);
#232=PLANE('',#5509);
#233=PLANE('',#5518);
#234=PLANE('',#5519);
#235=PLANE('',#5520);
#236=PLANE('',#5521);
#237=PLANE('',#5522);
#238=PLANE('',#5523);
#239=PLANE('',#5524);
#240=PLANE('',#5525);
#241=PLANE('',#5526);
#242=PLANE('',#5527);
#243=PLANE('',#5528);
#244=PLANE('',#5529);
#245=PLANE('',#5534);
#246=PLANE('',#5539);
#247=PLANE('',#5543);
#248=PLANE('',#5547);
#249=PLANE('',#5551);
#250=PLANE('',#5552);
#251=PLANE('',#5553);
#252=PLANE('',#5554);
#253=PLANE('',#5555);
#254=PLANE('',#5556);
#255=PLANE('',#5561);
#256=PLANE('',#5562);
#257=PLANE('',#5563);
#258=PLANE('',#5564);
#259=PLANE('',#5565);
#260=PLANE('',#5591);
#261=PLANE('',#5612);
#262=PLANE('',#5613);
#263=PLANE('',#5614);
#264=PLANE('',#5615);
#265=PLANE('',#5616);
#266=PLANE('',#5617);
#267=PLANE('',#5618);
#268=PLANE('',#5619);
#269=PLANE('',#5620);
#270=PLANE('',#5621);
#271=PLANE('',#5622);
#272=PLANE('',#5623);
#273=PLANE('',#5624);
#274=PLANE('',#5625);
#275=PLANE('',#5626);
#276=PLANE('',#5627);
#277=PLANE('',#5628);
#278=PLANE('',#5629);
#279=PLANE('',#5630);
#280=PLANE('',#5631);
#281=PLANE('',#5632);
#282=PLANE('',#5633);
#283=PLANE('',#5634);
#284=PLANE('',#5635);
#285=PLANE('',#5636);
#286=PLANE('',#5637);
#287=PLANE('',#5638);
#288=PLANE('',#5639);
#289=PLANE('',#5640);
#290=PLANE('',#5641);
#291=PLANE('',#5642);
#292=PLANE('',#5643);
#293=PLANE('',#5644);
#294=PLANE('',#5645);
#295=PLANE('',#5646);
#296=PLANE('',#5647);
#297=PLANE('',#5648);
#298=PLANE('',#5649);
#299=PLANE('',#5650);
#300=PLANE('',#5651);
#301=PLANE('',#5652);
#302=PLANE('',#5653);
#303=PLANE('',#5654);
#304=PLANE('',#5655);
#305=PLANE('',#5656);
#306=PLANE('',#5657);
#307=PLANE('',#5658);
#308=PLANE('',#5659);
#309=PLANE('',#5660);
#310=PLANE('',#5661);
#311=PLANE('',#5662);
#312=PLANE('',#5663);
#313=PLANE('',#5664);
#314=PLANE('',#5665);
#315=PLANE('',#5666);
#316=PLANE('',#5667);
#317=PLANE('',#5668);
#318=PLANE('',#5669);
#319=PLANE('',#5670);
#320=PLANE('',#5671);
#321=PLANE('',#5672);
#322=TOROIDAL_SURFACE('',#5237,4.2,0.3);
#323=TOROIDAL_SURFACE('',#5243,4.2,0.3);
#324=TOROIDAL_SURFACE('',#5249,4.2,0.3);
#325=TOROIDAL_SURFACE('',#5255,4.2,0.3);
#326=TOROIDAL_SURFACE('',#5405,8.,0.75);
#327=TOROIDAL_SURFACE('',#5530,18.,7.);
#328=TOROIDAL_SURFACE('',#5570,3.09807621135332,3.);
#329=TOROIDAL_SURFACE('',#5574,3.09807621135332,3.);
#330=TOROIDAL_SURFACE('',#5582,3.09807621135332,3.);
#331=TOROIDAL_SURFACE('',#5586,3.09807621135332,3.);
#332=FACE_OUTER_BOUND('',#626,.T.);
#333=FACE_OUTER_BOUND('',#627,.T.);
#334=FACE_OUTER_BOUND('',#628,.T.);
#335=FACE_OUTER_BOUND('',#629,.T.);
#336=FACE_OUTER_BOUND('',#630,.T.);
#337=FACE_OUTER_BOUND('',#631,.T.);
#338=FACE_OUTER_BOUND('',#632,.T.);
#339=FACE_OUTER_BOUND('',#633,.T.);
#340=FACE_OUTER_BOUND('',#634,.T.);
#341=FACE_OUTER_BOUND('',#635,.T.);
#342=FACE_OUTER_BOUND('',#636,.T.);
#343=FACE_OUTER_BOUND('',#637,.T.);
#344=FACE_OUTER_BOUND('',#639,.T.);
#345=FACE_OUTER_BOUND('',#653,.T.);
#346=FACE_OUTER_BOUND('',#654,.T.);
#347=FACE_OUTER_BOUND('',#655,.T.);
#348=FACE_OUTER_BOUND('',#656,.T.);
#349=FACE_OUTER_BOUND('',#657,.T.);
#350=FACE_OUTER_BOUND('',#658,.T.);
#351=FACE_OUTER_BOUND('',#659,.T.);
#352=FACE_OUTER_BOUND('',#660,.T.);
#353=FACE_OUTER_BOUND('',#661,.T.);
#354=FACE_OUTER_BOUND('',#662,.T.);
#355=FACE_OUTER_BOUND('',#663,.T.);
#356=FACE_OUTER_BOUND('',#664,.T.);
#357=FACE_OUTER_BOUND('',#665,.T.);
#358=FACE_OUTER_BOUND('',#666,.T.);
#359=FACE_OUTER_BOUND('',#667,.T.);
#360=FACE_OUTER_BOUND('',#668,.T.);
#361=FACE_OUTER_BOUND('',#669,.T.);
#362=FACE_OUTER_BOUND('',#670,.T.);
#363=FACE_OUTER_BOUND('',#673,.T.);
#364=FACE_OUTER_BOUND('',#674,.T.);
#365=FACE_OUTER_BOUND('',#675,.T.);
#366=FACE_OUTER_BOUND('',#676,.T.);
#367=FACE_OUTER_BOUND('',#677,.T.);
#368=FACE_OUTER_BOUND('',#678,.T.);
#369=FACE_OUTER_BOUND('',#679,.T.);
#370=FACE_OUTER_BOUND('',#680,.T.);
#371=FACE_OUTER_BOUND('',#681,.T.);
#372=FACE_OUTER_BOUND('',#682,.T.);
#373=FACE_OUTER_BOUND('',#683,.T.);
#374=FACE_OUTER_BOUND('',#684,.T.);
#375=FACE_OUTER_BOUND('',#685,.T.);
#376=FACE_OUTER_BOUND('',#686,.T.);
#377=FACE_OUTER_BOUND('',#687,.T.);
#378=FACE_OUTER_BOUND('',#688,.T.);
#379=FACE_OUTER_BOUND('',#689,.T.);
#380=FACE_OUTER_BOUND('',#690,.T.);
#381=FACE_OUTER_BOUND('',#691,.T.);
#382=FACE_OUTER_BOUND('',#692,.T.);
#383=FACE_OUTER_BOUND('',#693,.T.);
#384=FACE_OUTER_BOUND('',#694,.T.);
#385=FACE_OUTER_BOUND('',#695,.T.);
#386=FACE_OUTER_BOUND('',#696,.T.);
#387=FACE_OUTER_BOUND('',#697,.T.);
#388=FACE_OUTER_BOUND('',#698,.T.);
#389=FACE_OUTER_BOUND('',#699,.T.);
#390=FACE_OUTER_BOUND('',#700,.T.);
#391=FACE_OUTER_BOUND('',#701,.T.);
#392=FACE_OUTER_BOUND('',#702,.T.);
#393=FACE_OUTER_BOUND('',#703,.T.);
#394=FACE_OUTER_BOUND('',#704,.T.);
#395=FACE_OUTER_BOUND('',#705,.T.);
#396=FACE_OUTER_BOUND('',#706,.T.);
#397=FACE_OUTER_BOUND('',#707,.T.);
#398=FACE_OUTER_BOUND('',#708,.T.);
#399=FACE_OUTER_BOUND('',#709,.T.);
#400=FACE_OUTER_BOUND('',#710,.T.);
#401=FACE_OUTER_BOUND('',#711,.T.);
#402=FACE_OUTER_BOUND('',#712,.T.);
#403=FACE_OUTER_BOUND('',#713,.T.);
#404=FACE_OUTER_BOUND('',#714,.T.);
#405=FACE_OUTER_BOUND('',#715,.T.);
#406=FACE_OUTER_BOUND('',#716,.T.);
#407=FACE_OUTER_BOUND('',#717,.T.);
#408=FACE_OUTER_BOUND('',#718,.T.);
#409=FACE_OUTER_BOUND('',#719,.T.);
#410=FACE_OUTER_BOUND('',#720,.T.);
#411=FACE_OUTER_BOUND('',#721,.T.);
#412=FACE_OUTER_BOUND('',#722,.T.);
#413=FACE_OUTER_BOUND('',#723,.T.);
#414=FACE_OUTER_BOUND('',#724,.T.);
#415=FACE_OUTER_BOUND('',#725,.T.);
#416=FACE_OUTER_BOUND('',#726,.T.);
#417=FACE_OUTER_BOUND('',#727,.T.);
#418=FACE_OUTER_BOUND('',#728,.T.);
#419=FACE_OUTER_BOUND('',#729,.T.);
#420=FACE_OUTER_BOUND('',#730,.T.);
#421=FACE_OUTER_BOUND('',#731,.T.);
#422=FACE_OUTER_BOUND('',#732,.T.);
#423=FACE_OUTER_BOUND('',#733,.T.);
#424=FACE_OUTER_BOUND('',#734,.T.);
#425=FACE_OUTER_BOUND('',#735,.T.);
#426=FACE_OUTER_BOUND('',#736,.T.);
#427=FACE_OUTER_BOUND('',#737,.T.);
#428=FACE_OUTER_BOUND('',#738,.T.);
#429=FACE_OUTER_BOUND('',#739,.T.);
#430=FACE_OUTER_BOUND('',#740,.T.);
#431=FACE_OUTER_BOUND('',#741,.T.);
#432=FACE_OUTER_BOUND('',#742,.T.);
#433=FACE_OUTER_BOUND('',#743,.T.);
#434=FACE_OUTER_BOUND('',#744,.T.);
#435=FACE_OUTER_BOUND('',#745,.T.);
#436=FACE_OUTER_BOUND('',#746,.T.);
#437=FACE_OUTER_BOUND('',#747,.T.);
#438=FACE_OUTER_BOUND('',#750,.T.);
#439=FACE_OUTER_BOUND('',#751,.T.);
#440=FACE_OUTER_BOUND('',#752,.T.);
#441=FACE_OUTER_BOUND('',#753,.T.);
#442=FACE_OUTER_BOUND('',#759,.T.);
#443=FACE_OUTER_BOUND('',#762,.T.);
#444=FACE_OUTER_BOUND('',#763,.T.);
#445=FACE_OUTER_BOUND('',#764,.T.);
#446=FACE_OUTER_BOUND('',#765,.T.);
#447=FACE_OUTER_BOUND('',#766,.T.);
#448=FACE_OUTER_BOUND('',#767,.T.);
#449=FACE_OUTER_BOUND('',#768,.T.);
#450=FACE_OUTER_BOUND('',#769,.T.);
#451=FACE_OUTER_BOUND('',#770,.T.);
#452=FACE_OUTER_BOUND('',#771,.T.);
#453=FACE_OUTER_BOUND('',#772,.T.);
#454=FACE_OUTER_BOUND('',#774,.T.);
#455=FACE_OUTER_BOUND('',#775,.T.);
#456=FACE_OUTER_BOUND('',#777,.T.);
#457=FACE_OUTER_BOUND('',#778,.T.);
#458=FACE_OUTER_BOUND('',#779,.T.);
#459=FACE_OUTER_BOUND('',#781,.T.);
#460=FACE_OUTER_BOUND('',#782,.T.);
#461=FACE_OUTER_BOUND('',#783,.T.);
#462=FACE_OUTER_BOUND('',#785,.T.);
#463=FACE_OUTER_BOUND('',#786,.T.);
#464=FACE_OUTER_BOUND('',#787,.T.);
#465=FACE_OUTER_BOUND('',#789,.T.);
#466=FACE_OUTER_BOUND('',#790,.T.);
#467=FACE_OUTER_BOUND('',#791,.T.);
#468=FACE_OUTER_BOUND('',#793,.T.);
#469=FACE_OUTER_BOUND('',#795,.T.);
#470=FACE_OUTER_BOUND('',#796,.T.);
#471=FACE_OUTER_BOUND('',#797,.T.);
#472=FACE_OUTER_BOUND('',#798,.T.);
#473=FACE_OUTER_BOUND('',#799,.T.);
#474=FACE_OUTER_BOUND('',#800,.T.);
#475=FACE_OUTER_BOUND('',#801,.T.);
#476=FACE_OUTER_BOUND('',#802,.T.);
#477=FACE_OUTER_BOUND('',#803,.T.);
#478=FACE_OUTER_BOUND('',#804,.T.);
#479=FACE_OUTER_BOUND('',#805,.T.);
#480=FACE_OUTER_BOUND('',#806,.T.);
#481=FACE_OUTER_BOUND('',#807,.T.);
#482=FACE_OUTER_BOUND('',#808,.T.);
#483=FACE_OUTER_BOUND('',#812,.T.);
#484=FACE_OUTER_BOUND('',#814,.T.);
#485=FACE_OUTER_BOUND('',#815,.T.);
#486=FACE_OUTER_BOUND('',#816,.T.);
#487=FACE_OUTER_BOUND('',#818,.T.);
#488=FACE_OUTER_BOUND('',#819,.T.);
#489=FACE_OUTER_BOUND('',#820,.T.);
#490=FACE_OUTER_BOUND('',#821,.T.);
#491=FACE_OUTER_BOUND('',#822,.T.);
#492=FACE_OUTER_BOUND('',#823,.T.);
#493=FACE_OUTER_BOUND('',#824,.T.);
#494=FACE_OUTER_BOUND('',#825,.T.);
#495=FACE_OUTER_BOUND('',#826,.T.);
#496=FACE_OUTER_BOUND('',#827,.T.);
#497=FACE_OUTER_BOUND('',#828,.T.);
#498=FACE_OUTER_BOUND('',#829,.T.);
#499=FACE_OUTER_BOUND('',#835,.T.);
#500=FACE_OUTER_BOUND('',#836,.T.);
#501=FACE_OUTER_BOUND('',#837,.T.);
#502=FACE_OUTER_BOUND('',#838,.T.);
#503=FACE_OUTER_BOUND('',#839,.T.);
#504=FACE_OUTER_BOUND('',#840,.T.);
#505=FACE_OUTER_BOUND('',#841,.T.);
#506=FACE_OUTER_BOUND('',#842,.T.);
#507=FACE_OUTER_BOUND('',#843,.T.);
#508=FACE_OUTER_BOUND('',#844,.T.);
#509=FACE_OUTER_BOUND('',#845,.T.);
#510=FACE_OUTER_BOUND('',#846,.T.);
#511=FACE_OUTER_BOUND('',#847,.T.);
#512=FACE_OUTER_BOUND('',#848,.T.);
#513=FACE_OUTER_BOUND('',#849,.T.);
#514=FACE_OUTER_BOUND('',#850,.T.);
#515=FACE_OUTER_BOUND('',#851,.T.);
#516=FACE_OUTER_BOUND('',#852,.T.);
#517=FACE_OUTER_BOUND('',#853,.T.);
#518=FACE_OUTER_BOUND('',#854,.T.);
#519=FACE_OUTER_BOUND('',#855,.T.);
#520=FACE_OUTER_BOUND('',#856,.T.);
#521=FACE_OUTER_BOUND('',#857,.T.);
#522=FACE_OUTER_BOUND('',#858,.T.);
#523=FACE_OUTER_BOUND('',#860,.T.);
#524=FACE_OUTER_BOUND('',#861,.T.);
#525=FACE_OUTER_BOUND('',#871,.T.);
#526=FACE_OUTER_BOUND('',#877,.T.);
#527=FACE_OUTER_BOUND('',#878,.T.);
#528=FACE_OUTER_BOUND('',#880,.T.);
#529=FACE_OUTER_BOUND('',#881,.T.);
#530=FACE_OUTER_BOUND('',#882,.T.);
#531=FACE_OUTER_BOUND('',#883,.T.);
#532=FACE_OUTER_BOUND('',#884,.T.);
#533=FACE_OUTER_BOUND('',#885,.T.);
#534=FACE_OUTER_BOUND('',#886,.T.);
#535=FACE_OUTER_BOUND('',#887,.T.);
#536=FACE_OUTER_BOUND('',#888,.T.);
#537=FACE_OUTER_BOUND('',#889,.T.);
#538=FACE_OUTER_BOUND('',#890,.T.);
#539=FACE_OUTER_BOUND('',#891,.T.);
#540=FACE_OUTER_BOUND('',#892,.T.);
#541=FACE_OUTER_BOUND('',#894,.T.);
#542=FACE_OUTER_BOUND('',#895,.T.);
#543=FACE_OUTER_BOUND('',#896,.T.);
#544=FACE_OUTER_BOUND('',#897,.T.);
#545=FACE_OUTER_BOUND('',#898,.T.);
#546=FACE_OUTER_BOUND('',#900,.T.);
#547=FACE_OUTER_BOUND('',#906,.T.);
#548=FACE_OUTER_BOUND('',#907,.T.);
#549=FACE_OUTER_BOUND('',#908,.T.);
#550=FACE_OUTER_BOUND('',#909,.T.);
#551=FACE_OUTER_BOUND('',#910,.T.);
#552=FACE_OUTER_BOUND('',#911,.T.);
#553=FACE_OUTER_BOUND('',#912,.T.);
#554=FACE_OUTER_BOUND('',#913,.T.);
#555=FACE_OUTER_BOUND('',#914,.T.);
#556=FACE_OUTER_BOUND('',#915,.T.);
#557=FACE_OUTER_BOUND('',#917,.T.);
#558=FACE_OUTER_BOUND('',#918,.T.);
#559=FACE_OUTER_BOUND('',#919,.T.);
#560=FACE_OUTER_BOUND('',#920,.T.);
#561=FACE_OUTER_BOUND('',#921,.T.);
#562=FACE_OUTER_BOUND('',#922,.T.);
#563=FACE_OUTER_BOUND('',#923,.T.);
#564=FACE_OUTER_BOUND('',#924,.T.);
#565=FACE_OUTER_BOUND('',#925,.T.);
#566=FACE_OUTER_BOUND('',#939,.T.);
#567=FACE_OUTER_BOUND('',#940,.T.);
#568=FACE_OUTER_BOUND('',#941,.T.);
#569=FACE_OUTER_BOUND('',#942,.T.);
#570=FACE_OUTER_BOUND('',#943,.T.);
#571=FACE_OUTER_BOUND('',#944,.T.);
#572=FACE_OUTER_BOUND('',#945,.T.);
#573=FACE_OUTER_BOUND('',#946,.T.);
#574=FACE_OUTER_BOUND('',#947,.T.);
#575=FACE_OUTER_BOUND('',#948,.T.);
#576=FACE_OUTER_BOUND('',#949,.T.);
#577=FACE_OUTER_BOUND('',#950,.T.);
#578=FACE_OUTER_BOUND('',#951,.T.);
#579=FACE_OUTER_BOUND('',#952,.T.);
#580=FACE_OUTER_BOUND('',#953,.T.);
#581=FACE_OUTER_BOUND('',#954,.T.);
#582=FACE_OUTER_BOUND('',#955,.T.);
#583=FACE_OUTER_BOUND('',#956,.T.);
#584=FACE_OUTER_BOUND('',#957,.T.);
#585=FACE_OUTER_BOUND('',#958,.T.);
#586=FACE_OUTER_BOUND('',#959,.T.);
#587=FACE_OUTER_BOUND('',#960,.T.);
#588=FACE_OUTER_BOUND('',#961,.T.);
#589=FACE_OUTER_BOUND('',#962,.T.);
#590=FACE_OUTER_BOUND('',#963,.T.);
#591=FACE_OUTER_BOUND('',#964,.T.);
#592=FACE_OUTER_BOUND('',#965,.T.);
#593=FACE_OUTER_BOUND('',#966,.T.);
#594=FACE_OUTER_BOUND('',#967,.T.);
#595=FACE_OUTER_BOUND('',#968,.T.);
#596=FACE_OUTER_BOUND('',#969,.T.);
#597=FACE_OUTER_BOUND('',#970,.T.);
#598=FACE_OUTER_BOUND('',#971,.T.);
#599=FACE_OUTER_BOUND('',#972,.T.);
#600=FACE_OUTER_BOUND('',#973,.T.);
#601=FACE_OUTER_BOUND('',#974,.T.);
#602=FACE_OUTER_BOUND('',#975,.T.);
#603=FACE_OUTER_BOUND('',#976,.T.);
#604=FACE_OUTER_BOUND('',#977,.T.);
#605=FACE_OUTER_BOUND('',#978,.T.);
#606=FACE_OUTER_BOUND('',#979,.T.);
#607=FACE_OUTER_BOUND('',#980,.T.);
#608=FACE_OUTER_BOUND('',#981,.T.);
#609=FACE_OUTER_BOUND('',#982,.T.);
#610=FACE_OUTER_BOUND('',#983,.T.);
#611=FACE_OUTER_BOUND('',#984,.T.);
#612=FACE_OUTER_BOUND('',#985,.T.);
#613=FACE_OUTER_BOUND('',#986,.T.);
#614=FACE_OUTER_BOUND('',#987,.T.);
#615=FACE_OUTER_BOUND('',#988,.T.);
#616=FACE_OUTER_BOUND('',#989,.T.);
#617=FACE_OUTER_BOUND('',#990,.T.);
#618=FACE_OUTER_BOUND('',#991,.T.);
#619=FACE_OUTER_BOUND('',#992,.T.);
#620=FACE_OUTER_BOUND('',#993,.T.);
#621=FACE_OUTER_BOUND('',#994,.T.);
#622=FACE_OUTER_BOUND('',#995,.T.);
#623=FACE_OUTER_BOUND('',#996,.T.);
#624=FACE_OUTER_BOUND('',#997,.T.);
#625=FACE_OUTER_BOUND('',#998,.T.);
#626=EDGE_LOOP('',(#3441,#3442,#3443,#3444));
#627=EDGE_LOOP('',(#3445,#3446,#3447,#3448));
#628=EDGE_LOOP('',(#3449,#3450,#3451,#3452));
#629=EDGE_LOOP('',(#3453,#3454,#3455,#3456));
#630=EDGE_LOOP('',(#3457,#3458,#3459,#3460));
#631=EDGE_LOOP('',(#3461,#3462,#3463,#3464));
#632=EDGE_LOOP('',(#3465,#3466,#3467,#3468));
#633=EDGE_LOOP('',(#3469,#3470,#3471,#3472));
#634=EDGE_LOOP('',(#3473,#3474,#3475,#3476));
#635=EDGE_LOOP('',(#3477,#3478,#3479,#3480));
#636=EDGE_LOOP('',(#3481,#3482,#3483,#3484));
#637=EDGE_LOOP('',(#3485,#3486,#3487,#3488));
#638=EDGE_LOOP('',(#3489));
#639=EDGE_LOOP('',(#3490,#3491,#3492,#3493,#3494,#3495,#3496,#3497));
#640=EDGE_LOOP('',(#3498,#3499,#3500,#3501));
#641=EDGE_LOOP('',(#3502,#3503,#3504,#3505));
#642=EDGE_LOOP('',(#3506,#3507,#3508,#3509));
#643=EDGE_LOOP('',(#3510,#3511,#3512,#3513));
#644=EDGE_LOOP('',(#3514,#3515,#3516,#3517));
#645=EDGE_LOOP('',(#3518,#3519,#3520,#3521));
#646=EDGE_LOOP('',(#3522,#3523,#3524,#3525));
#647=EDGE_LOOP('',(#3526,#3527,#3528,#3529));
#648=EDGE_LOOP('',(#3530,#3531,#3532,#3533));
#649=EDGE_LOOP('',(#3534,#3535,#3536,#3537));
#650=EDGE_LOOP('',(#3538,#3539,#3540,#3541));
#651=EDGE_LOOP('',(#3542,#3543,#3544,#3545));
#652=EDGE_LOOP('',(#3546,#3547,#3548,#3549));
#653=EDGE_LOOP('',(#3550,#3551,#3552,#3553));
#654=EDGE_LOOP('',(#3554,#3555,#3556,#3557));
#655=EDGE_LOOP('',(#3558,#3559,#3560,#3561));
#656=EDGE_LOOP('',(#3562,#3563,#3564,#3565));
#657=EDGE_LOOP('',(#3566,#3567,#3568,#3569));
#658=EDGE_LOOP('',(#3570,#3571,#3572,#3573));
#659=EDGE_LOOP('',(#3574,#3575,#3576,#3577));
#660=EDGE_LOOP('',(#3578,#3579,#3580,#3581));
#661=EDGE_LOOP('',(#3582,#3583,#3584,#3585));
#662=EDGE_LOOP('',(#3586,#3587,#3588,#3589));
#663=EDGE_LOOP('',(#3590,#3591,#3592,#3593));
#664=EDGE_LOOP('',(#3594,#3595,#3596,#3597));
#665=EDGE_LOOP('',(#3598,#3599,#3600,#3601));
#666=EDGE_LOOP('',(#3602,#3603,#3604,#3605));
#667=EDGE_LOOP('',(#3606,#3607,#3608,#3609));
#668=EDGE_LOOP('',(#3610,#3611,#3612,#3613));
#669=EDGE_LOOP('',(#3614,#3615,#3616,#3617));
#670=EDGE_LOOP('',(#3618,#3619,#3620,#3621));
#671=EDGE_LOOP('',(#3622,#3623,#3624,#3625,#3626,#3627,#3628,#3629));
#672=EDGE_LOOP('',(#3630));
#673=EDGE_LOOP('',(#3631,#3632,#3633,#3634));
#674=EDGE_LOOP('',(#3635,#3636,#3637,#3638));
#675=EDGE_LOOP('',(#3639,#3640,#3641,#3642));
#676=EDGE_LOOP('',(#3643,#3644,#3645,#3646));
#677=EDGE_LOOP('',(#3647,#3648,#3649,#3650));
#678=EDGE_LOOP('',(#3651,#3652,#3653,#3654));
#679=EDGE_LOOP('',(#3655,#3656,#3657,#3658));
#680=EDGE_LOOP('',(#3659,#3660,#3661,#3662));
#681=EDGE_LOOP('',(#3663,#3664,#3665,#3666));
#682=EDGE_LOOP('',(#3667,#3668,#3669,#3670));
#683=EDGE_LOOP('',(#3671,#3672,#3673,#3674));
#684=EDGE_LOOP('',(#3675,#3676,#3677,#3678));
#685=EDGE_LOOP('',(#3679,#3680,#3681,#3682));
#686=EDGE_LOOP('',(#3683,#3684,#3685,#3686));
#687=EDGE_LOOP('',(#3687,#3688,#3689,#3690));
#688=EDGE_LOOP('',(#3691,#3692,#3693,#3694));
#689=EDGE_LOOP('',(#3695,#3696,#3697,#3698));
#690=EDGE_LOOP('',(#3699,#3700,#3701,#3702));
#691=EDGE_LOOP('',(#3703,#3704,#3705,#3706));
#692=EDGE_LOOP('',(#3707,#3708,#3709,#3710));
#693=EDGE_LOOP('',(#3711,#3712,#3713,#3714));
#694=EDGE_LOOP('',(#3715,#3716,#3717,#3718));
#695=EDGE_LOOP('',(#3719,#3720,#3721,#3722));
#696=EDGE_LOOP('',(#3723,#3724,#3725,#3726));
#697=EDGE_LOOP('',(#3727,#3728,#3729,#3730));
#698=EDGE_LOOP('',(#3731,#3732,#3733,#3734));
#699=EDGE_LOOP('',(#3735,#3736,#3737,#3738));
#700=EDGE_LOOP('',(#3739,#3740,#3741,#3742));
#701=EDGE_LOOP('',(#3743,#3744,#3745,#3746));
#702=EDGE_LOOP('',(#3747,#3748,#3749,#3750));
#703=EDGE_LOOP('',(#3751,#3752,#3753,#3754));
#704=EDGE_LOOP('',(#3755,#3756,#3757,#3758));
#705=EDGE_LOOP('',(#3759,#3760,#3761,#3762));
#706=EDGE_LOOP('',(#3763,#3764,#3765,#3766));
#707=EDGE_LOOP('',(#3767,#3768,#3769,#3770));
#708=EDGE_LOOP('',(#3771,#3772,#3773,#3774));
#709=EDGE_LOOP('',(#3775,#3776,#3777,#3778));
#710=EDGE_LOOP('',(#3779,#3780,#3781,#3782));
#711=EDGE_LOOP('',(#3783,#3784,#3785,#3786));
#712=EDGE_LOOP('',(#3787,#3788,#3789,#3790));
#713=EDGE_LOOP('',(#3791,#3792,#3793,#3794));
#714=EDGE_LOOP('',(#3795,#3796,#3797,#3798));
#715=EDGE_LOOP('',(#3799,#3800,#3801,#3802));
#716=EDGE_LOOP('',(#3803,#3804,#3805,#3806));
#717=EDGE_LOOP('',(#3807,#3808,#3809,#3810));
#718=EDGE_LOOP('',(#3811,#3812,#3813,#3814));
#719=EDGE_LOOP('',(#3815,#3816,#3817,#3818));
#720=EDGE_LOOP('',(#3819,#3820,#3821,#3822));
#721=EDGE_LOOP('',(#3823,#3824,#3825,#3826));
#722=EDGE_LOOP('',(#3827,#3828,#3829,#3830));
#723=EDGE_LOOP('',(#3831,#3832,#3833,#3834));
#724=EDGE_LOOP('',(#3835,#3836,#3837,#3838));
#725=EDGE_LOOP('',(#3839,#3840,#3841,#3842));
#726=EDGE_LOOP('',(#3843,#3844,#3845,#3846));
#727=EDGE_LOOP('',(#3847,#3848,#3849,#3850));
#728=EDGE_LOOP('',(#3851,#3852,#3853,#3854));
#729=EDGE_LOOP('',(#3855,#3856,#3857,#3858));
#730=EDGE_LOOP('',(#3859,#3860,#3861,#3862));
#731=EDGE_LOOP('',(#3863,#3864,#3865,#3866));
#732=EDGE_LOOP('',(#3867,#3868,#3869,#3870));
#733=EDGE_LOOP('',(#3871,#3872,#3873,#3874));
#734=EDGE_LOOP('',(#3875,#3876,#3877,#3878));
#735=EDGE_LOOP('',(#3879,#3880,#3881,#3882));
#736=EDGE_LOOP('',(#3883,#3884,#3885,#3886));
#737=EDGE_LOOP('',(#3887));
#738=EDGE_LOOP('',(#3888));
#739=EDGE_LOOP('',(#3889,#3890,#3891,#3892));
#740=EDGE_LOOP('',(#3893,#3894,#3895,#3896));
#741=EDGE_LOOP('',(#3897,#3898,#3899,#3900));
#742=EDGE_LOOP('',(#3901,#3902,#3903,#3904,#3905,#3906,#3907,#3908));
#743=EDGE_LOOP('',(#3909,#3910,#3911,#3912,#3913,#3914,#3915,#3916));
#744=EDGE_LOOP('',(#3917,#3918,#3919,#3920));
#745=EDGE_LOOP('',(#3921,#3922,#3923,#3924));
#746=EDGE_LOOP('',(#3925,#3926,#3927,#3928));
#747=EDGE_LOOP('',(#3929,#3930,#3931,#3932,#3933,#3934,#3935,#3936,#3937,
#3938,#3939,#3940));
#748=EDGE_LOOP('',(#3941));
#749=EDGE_LOOP('',(#3942,#3943,#3944,#3945,#3946,#3947,#3948,#3949));
#750=EDGE_LOOP('',(#3950,#3951,#3952,#3953));
#751=EDGE_LOOP('',(#3954,#3955,#3956,#3957));
#752=EDGE_LOOP('',(#3958,#3959,#3960,#3961));
#753=EDGE_LOOP('',(#3962,#3963,#3964,#3965,#3966,#3967,#3968,#3969));
#754=EDGE_LOOP('',(#3970,#3971,#3972,#3973));
#755=EDGE_LOOP('',(#3974));
#756=EDGE_LOOP('',(#3975));
#757=EDGE_LOOP('',(#3976));
#758=EDGE_LOOP('',(#3977));
#759=EDGE_LOOP('',(#3978,#3979,#3980,#3981));
#760=EDGE_LOOP('',(#3982));
#761=EDGE_LOOP('',(#3983));
#762=EDGE_LOOP('',(#3984,#3985,#3986,#3987));
#763=EDGE_LOOP('',(#3988,#3989,#3990,#3991));
#764=EDGE_LOOP('',(#3992,#3993,#3994,#3995));
#765=EDGE_LOOP('',(#3996,#3997,#3998,#3999));
#766=EDGE_LOOP('',(#4000,#4001,#4002,#4003));
#767=EDGE_LOOP('',(#4004,#4005,#4006,#4007));
#768=EDGE_LOOP('',(#4008,#4009,#4010,#4011));
#769=EDGE_LOOP('',(#4012,#4013,#4014,#4015));
#770=EDGE_LOOP('',(#4016,#4017,#4018,#4019,#4020));
#771=EDGE_LOOP('',(#4021,#4022,#4023,#4024,#4025));
#772=EDGE_LOOP('',(#4026));
#773=EDGE_LOOP('',(#4027));
#774=EDGE_LOOP('',(#4028,#4029,#4030,#4031));
#775=EDGE_LOOP('',(#4032));
#776=EDGE_LOOP('',(#4033));
#777=EDGE_LOOP('',(#4034,#4035,#4036,#4037));
#778=EDGE_LOOP('',(#4038,#4039,#4040,#4041));
#779=EDGE_LOOP('',(#4042));
#780=EDGE_LOOP('',(#4043));
#781=EDGE_LOOP('',(#4044,#4045,#4046,#4047));
#782=EDGE_LOOP('',(#4048,#4049,#4050,#4051));
#783=EDGE_LOOP('',(#4052));
#784=EDGE_LOOP('',(#4053));
#785=EDGE_LOOP('',(#4054,#4055,#4056,#4057));
#786=EDGE_LOOP('',(#4058,#4059,#4060,#4061));
#787=EDGE_LOOP('',(#4062));
#788=EDGE_LOOP('',(#4063));
#789=EDGE_LOOP('',(#4064,#4065,#4066,#4067));
#790=EDGE_LOOP('',(#4068,#4069,#4070,#4071));
#791=EDGE_LOOP('',(#4072,#4073,#4074,#4075,#4076,#4077,#4078,#4079));
#792=EDGE_LOOP('',(#4080,#4081,#4082,#4083));
#793=EDGE_LOOP('',(#4084,#4085,#4086,#4087));
#794=EDGE_LOOP('',(#4088));
#795=EDGE_LOOP('',(#4089,#4090,#4091,#4092));
#796=EDGE_LOOP('',(#4093,#4094,#4095,#4096));
#797=EDGE_LOOP('',(#4097,#4098,#4099,#4100));
#798=EDGE_LOOP('',(#4101,#4102,#4103,#4104,#4105,#4106,#4107,#4108));
#799=EDGE_LOOP('',(#4109,#4110,#4111,#4112,#4113,#4114,#4115,#4116));
#800=EDGE_LOOP('',(#4117,#4118,#4119,#4120));
#801=EDGE_LOOP('',(#4121,#4122,#4123,#4124));
#802=EDGE_LOOP('',(#4125,#4126,#4127,#4128));
#803=EDGE_LOOP('',(#4129,#4130,#4131,#4132));
#804=EDGE_LOOP('',(#4133,#4134,#4135,#4136));
#805=EDGE_LOOP('',(#4137,#4138,#4139,#4140));
#806=EDGE_LOOP('',(#4141,#4142,#4143,#4144));
#807=EDGE_LOOP('',(#4145,#4146,#4147,#4148,#4149,#4150,#4151,#4152));
#808=EDGE_LOOP('',(#4153,#4154,#4155,#4156,#4157,#4158,#4159,#4160,#4161,
#4162));
#809=EDGE_LOOP('',(#4163));
#810=EDGE_LOOP('',(#4164));
#811=EDGE_LOOP('',(#4165));
#812=EDGE_LOOP('',(#4166,#4167,#4168,#4169,#4170,#4171));
#813=EDGE_LOOP('',(#4172));
#814=EDGE_LOOP('',(#4173,#4174,#4175,#4176));
#815=EDGE_LOOP('',(#4177,#4178,#4179,#4180));
#816=EDGE_LOOP('',(#4181,#4182,#4183,#4184,#4185,#4186,#4187,#4188));
#817=EDGE_LOOP('',(#4189,#4190,#4191,#4192));
#818=EDGE_LOOP('',(#4193,#4194,#4195,#4196));
#819=EDGE_LOOP('',(#4197,#4198,#4199,#4200));
#820=EDGE_LOOP('',(#4201,#4202,#4203,#4204));
#821=EDGE_LOOP('',(#4205,#4206,#4207,#4208));
#822=EDGE_LOOP('',(#4209,#4210,#4211,#4212));
#823=EDGE_LOOP('',(#4213,#4214,#4215,#4216));
#824=EDGE_LOOP('',(#4217,#4218,#4219,#4220));
#825=EDGE_LOOP('',(#4221,#4222,#4223,#4224));
#826=EDGE_LOOP('',(#4225,#4226,#4227,#4228));
#827=EDGE_LOOP('',(#4229,#4230,#4231,#4232));
#828=EDGE_LOOP('',(#4233,#4234,#4235,#4236));
#829=EDGE_LOOP('',(#4237,#4238,#4239,#4240,#4241,#4242,#4243,#4244));
#830=EDGE_LOOP('',(#4245,#4246,#4247,#4248));
#831=EDGE_LOOP('',(#4249));
#832=EDGE_LOOP('',(#4250));
#833=EDGE_LOOP('',(#4251));
#834=EDGE_LOOP('',(#4252));
#835=EDGE_LOOP('',(#4253,#4254,#4255,#4256));
#836=EDGE_LOOP('',(#4257,#4258,#4259,#4260));
#837=EDGE_LOOP('',(#4261,#4262,#4263,#4264));
#838=EDGE_LOOP('',(#4265,#4266,#4267,#4268));
#839=EDGE_LOOP('',(#4269,#4270,#4271,#4272));
#840=EDGE_LOOP('',(#4273,#4274,#4275,#4276));
#841=EDGE_LOOP('',(#4277,#4278,#4279,#4280));
#842=EDGE_LOOP('',(#4281,#4282,#4283,#4284));
#843=EDGE_LOOP('',(#4285,#4286,#4287,#4288));
#844=EDGE_LOOP('',(#4289,#4290,#4291,#4292));
#845=EDGE_LOOP('',(#4293,#4294,#4295,#4296));
#846=EDGE_LOOP('',(#4297,#4298,#4299,#4300));
#847=EDGE_LOOP('',(#4301,#4302,#4303,#4304));
#848=EDGE_LOOP('',(#4305,#4306,#4307,#4308));
#849=EDGE_LOOP('',(#4309,#4310,#4311,#4312));
#850=EDGE_LOOP('',(#4313,#4314,#4315,#4316));
#851=EDGE_LOOP('',(#4317,#4318,#4319,#4320));
#852=EDGE_LOOP('',(#4321,#4322,#4323,#4324));
#853=EDGE_LOOP('',(#4325,#4326,#4327,#4328));
#854=EDGE_LOOP('',(#4329,#4330,#4331,#4332));
#855=EDGE_LOOP('',(#4333,#4334,#4335,#4336));
#856=EDGE_LOOP('',(#4337,#4338,#4339,#4340));
#857=EDGE_LOOP('',(#4341,#4342,#4343,#4344));
#858=EDGE_LOOP('',(#4345,#4346,#4347,#4348));
#859=EDGE_LOOP('',(#4349,#4350,#4351,#4352));
#860=EDGE_LOOP('',(#4353,#4354,#4355,#4356));
#861=EDGE_LOOP('',(#4357,#4358,#4359,#4360,#4361,#4362,#4363,#4364));
#862=EDGE_LOOP('',(#4365));
#863=EDGE_LOOP('',(#4366));
#864=EDGE_LOOP('',(#4367));
#865=EDGE_LOOP('',(#4368));
#866=EDGE_LOOP('',(#4369,#4370,#4371,#4372));
#867=EDGE_LOOP('',(#4373));
#868=EDGE_LOOP('',(#4374));
#869=EDGE_LOOP('',(#4375));
#870=EDGE_LOOP('',(#4376));
#871=EDGE_LOOP('',(#4377,#4378,#4379,#4380));
#872=EDGE_LOOP('',(#4381));
#873=EDGE_LOOP('',(#4382));
#874=EDGE_LOOP('',(#4383));
#875=EDGE_LOOP('',(#4384));
#876=EDGE_LOOP('',(#4385,#4386,#4387,#4388,#4389,#4390,#4391,#4392));
#877=EDGE_LOOP('',(#4393,#4394,#4395,#4396));
#878=EDGE_LOOP('',(#4397));
#879=EDGE_LOOP('',(#4398));
#880=EDGE_LOOP('',(#4399,#4400,#4401,#4402));
#881=EDGE_LOOP('',(#4403));
#882=EDGE_LOOP('',(#4404,#4405,#4406,#4407));
#883=EDGE_LOOP('',(#4408));
#884=EDGE_LOOP('',(#4409,#4410,#4411,#4412));
#885=EDGE_LOOP('',(#4413));
#886=EDGE_LOOP('',(#4414,#4415,#4416,#4417));
#887=EDGE_LOOP('',(#4418));
#888=EDGE_LOOP('',(#4419,#4420,#4421,#4422));
#889=EDGE_LOOP('',(#4423,#4424,#4425,#4426));
#890=EDGE_LOOP('',(#4427,#4428,#4429,#4430));
#891=EDGE_LOOP('',(#4431,#4432,#4433,#4434));
#892=EDGE_LOOP('',(#4435));
#893=EDGE_LOOP('',(#4436,#4437,#4438,#4439));
#894=EDGE_LOOP('',(#4440,#4441,#4442,#4443));
#895=EDGE_LOOP('',(#4444,#4445,#4446,#4447));
#896=EDGE_LOOP('',(#4448,#4449,#4450,#4451));
#897=EDGE_LOOP('',(#4452,#4453,#4454,#4455));
#898=EDGE_LOOP('',(#4456,#4457,#4458,#4459));
#899=EDGE_LOOP('',(#4460,#4461,#4462,#4463));
#900=EDGE_LOOP('',(#4464));
#901=EDGE_LOOP('',(#4465));
#902=EDGE_LOOP('',(#4466));
#903=EDGE_LOOP('',(#4467));
#904=EDGE_LOOP('',(#4468));
#905=EDGE_LOOP('',(#4469,#4470,#4471,#4472));
#906=EDGE_LOOP('',(#4473,#4474,#4475,#4476));
#907=EDGE_LOOP('',(#4477,#4478,#4479,#4480));
#908=EDGE_LOOP('',(#4481,#4482,#4483,#4484));
#909=EDGE_LOOP('',(#4485,#4486,#4487,#4488));
#910=EDGE_LOOP('',(#4489,#4490,#4491,#4492));
#911=EDGE_LOOP('',(#4493,#4494,#4495,#4496));
#912=EDGE_LOOP('',(#4497,#4498,#4499,#4500));
#913=EDGE_LOOP('',(#4501,#4502,#4503,#4504));
#914=EDGE_LOOP('',(#4505,#4506,#4507,#4508));
#915=EDGE_LOOP('',(#4509,#4510,#4511,#4512,#4513,#4514,#4515,#4516));
#916=EDGE_LOOP('',(#4517,#4518,#4519,#4520,#4521,#4522,#4523,#4524));
#917=EDGE_LOOP('',(#4525,#4526,#4527,#4528));
#918=EDGE_LOOP('',(#4529,#4530,#4531,#4532));
#919=EDGE_LOOP('',(#4533,#4534,#4535,#4536));
#920=EDGE_LOOP('',(#4537,#4538,#4539,#4540));
#921=EDGE_LOOP('',(#4541,#4542,#4543,#4544));
#922=EDGE_LOOP('',(#4545,#4546,#4547,#4548));
#923=EDGE_LOOP('',(#4549,#4550,#4551,#4552));
#924=EDGE_LOOP('',(#4553,#4554,#4555,#4556));
#925=EDGE_LOOP('',(#4557,#4558,#4559,#4560,#4561,#4562,#4563,#4564));
#926=EDGE_LOOP('',(#4565,#4566,#4567,#4568));
#927=EDGE_LOOP('',(#4569,#4570,#4571,#4572));
#928=EDGE_LOOP('',(#4573,#4574,#4575,#4576));
#929=EDGE_LOOP('',(#4577,#4578,#4579,#4580));
#930=EDGE_LOOP('',(#4581,#4582,#4583,#4584));
#931=EDGE_LOOP('',(#4585,#4586,#4587,#4588));
#932=EDGE_LOOP('',(#4589,#4590,#4591,#4592));
#933=EDGE_LOOP('',(#4593,#4594,#4595,#4596));
#934=EDGE_LOOP('',(#4597,#4598,#4599,#4600));
#935=EDGE_LOOP('',(#4601,#4602,#4603,#4604));
#936=EDGE_LOOP('',(#4605,#4606,#4607,#4608));
#937=EDGE_LOOP('',(#4609,#4610,#4611,#4612));
#938=EDGE_LOOP('',(#4613,#4614,#4615,#4616,#4617,#4618,#4619,#4620));
#939=EDGE_LOOP('',(#4621,#4622,#4623,#4624));
#940=EDGE_LOOP('',(#4625,#4626,#4627,#4628));
#941=EDGE_LOOP('',(#4629,#4630,#4631,#4632));
#942=EDGE_LOOP('',(#4633,#4634,#4635,#4636));
#943=EDGE_LOOP('',(#4637,#4638,#4639,#4640));
#944=EDGE_LOOP('',(#4641,#4642,#4643,#4644));
#945=EDGE_LOOP('',(#4645,#4646,#4647,#4648));
#946=EDGE_LOOP('',(#4649,#4650,#4651,#4652));
#947=EDGE_LOOP('',(#4653,#4654,#4655,#4656));
#948=EDGE_LOOP('',(#4657,#4658,#4659,#4660));
#949=EDGE_LOOP('',(#4661,#4662,#4663,#4664));
#950=EDGE_LOOP('',(#4665,#4666,#4667,#4668));
#951=EDGE_LOOP('',(#4669,#4670,#4671,#4672));
#952=EDGE_LOOP('',(#4673,#4674,#4675,#4676));
#953=EDGE_LOOP('',(#4677,#4678,#4679,#4680));
#954=EDGE_LOOP('',(#4681,#4682,#4683,#4684));
#955=EDGE_LOOP('',(#4685,#4686,#4687,#4688));
#956=EDGE_LOOP('',(#4689,#4690,#4691,#4692));
#957=EDGE_LOOP('',(#4693,#4694,#4695,#4696));
#958=EDGE_LOOP('',(#4697,#4698,#4699,#4700));
#959=EDGE_LOOP('',(#4701,#4702,#4703,#4704));
#960=EDGE_LOOP('',(#4705,#4706,#4707,#4708));
#961=EDGE_LOOP('',(#4709,#4710,#4711,#4712));
#962=EDGE_LOOP('',(#4713,#4714,#4715,#4716));
#963=EDGE_LOOP('',(#4717,#4718,#4719,#4720));
#964=EDGE_LOOP('',(#4721,#4722,#4723,#4724));
#965=EDGE_LOOP('',(#4725,#4726,#4727,#4728));
#966=EDGE_LOOP('',(#4729,#4730,#4731,#4732));
#967=EDGE_LOOP('',(#4733,#4734,#4735,#4736));
#968=EDGE_LOOP('',(#4737,#4738,#4739,#4740));
#969=EDGE_LOOP('',(#4741,#4742,#4743,#4744));
#970=EDGE_LOOP('',(#4745,#4746,#4747,#4748));
#971=EDGE_LOOP('',(#4749,#4750,#4751,#4752));
#972=EDGE_LOOP('',(#4753,#4754,#4755,#4756));
#973=EDGE_LOOP('',(#4757,#4758,#4759,#4760));
#974=EDGE_LOOP('',(#4761,#4762,#4763,#4764));
#975=EDGE_LOOP('',(#4765,#4766,#4767,#4768));
#976=EDGE_LOOP('',(#4769,#4770,#4771,#4772));
#977=EDGE_LOOP('',(#4773,#4774,#4775,#4776));
#978=EDGE_LOOP('',(#4777,#4778,#4779,#4780));
#979=EDGE_LOOP('',(#4781,#4782,#4783,#4784));
#980=EDGE_LOOP('',(#4785,#4786,#4787,#4788));
#981=EDGE_LOOP('',(#4789,#4790,#4791,#4792));
#982=EDGE_LOOP('',(#4793,#4794,#4795,#4796));
#983=EDGE_LOOP('',(#4797,#4798,#4799,#4800));
#984=EDGE_LOOP('',(#4801,#4802,#4803,#4804));
#985=EDGE_LOOP('',(#4805,#4806,#4807,#4808));
#986=EDGE_LOOP('',(#4809,#4810,#4811,#4812));
#987=EDGE_LOOP('',(#4813,#4814,#4815,#4816));
#988=EDGE_LOOP('',(#4817,#4818,#4819,#4820));
#989=EDGE_LOOP('',(#4821,#4822,#4823,#4824));
#990=EDGE_LOOP('',(#4825,#4826,#4827,#4828));
#991=EDGE_LOOP('',(#4829,#4830,#4831,#4832));
#992=EDGE_LOOP('',(#4833,#4834,#4835,#4836));
#993=EDGE_LOOP('',(#4837,#4838,#4839,#4840));
#994=EDGE_LOOP('',(#4841,#4842,#4843,#4844));
#995=EDGE_LOOP('',(#4845,#4846,#4847,#4848));
#996=EDGE_LOOP('',(#4849,#4850,#4851,#4852));
#997=EDGE_LOOP('',(#4853,#4854,#4855,#4856));
#998=EDGE_LOOP('',(#4857,#4858,#4859,#4860));
#999=LINE('',#7116,#1556);
#1000=LINE('',#7119,#1557);
#1001=LINE('',#7130,#1558);
#1002=LINE('',#7131,#1559);
#1003=LINE('',#7142,#1560);
#1004=LINE('',#7143,#1561);
#1005=LINE('',#7154,#1562);
#1006=LINE('',#7155,#1563);
#1007=LINE('',#7161,#1564);
#1008=LINE('',#7164,#1565);
#1009=LINE('',#7167,#1566);
#1010=LINE('',#7168,#1567);
#1011=LINE('',#7171,#1568);
#1012=LINE('',#7175,#1569);
#1013=LINE('',#7176,#1570);
#1014=LINE('',#7182,#1571);
#1015=LINE('',#7184,#1572);
#1016=LINE('',#7186,#1573);
#1017=LINE('',#7187,#1574);
#1018=LINE('',#7190,#1575);
#1019=LINE('',#7192,#1576);
#1020=LINE('',#7194,#1577);
#1021=LINE('',#7195,#1578);
#1022=LINE('',#7198,#1579);
#1023=LINE('',#7200,#1580);
#1024=LINE('',#7202,#1581);
#1025=LINE('',#7203,#1582);
#1026=LINE('',#7206,#1583);
#1027=LINE('',#7208,#1584);
#1028=LINE('',#7210,#1585);
#1029=LINE('',#7211,#1586);
#1030=LINE('',#7214,#1587);
#1031=LINE('',#7216,#1588);
#1032=LINE('',#7218,#1589);
#1033=LINE('',#7219,#1590);
#1034=LINE('',#7222,#1591);
#1035=LINE('',#7224,#1592);
#1036=LINE('',#7226,#1593);
#1037=LINE('',#7227,#1594);
#1038=LINE('',#7230,#1595);
#1039=LINE('',#7232,#1596);
#1040=LINE('',#7234,#1597);
#1041=LINE('',#7235,#1598);
#1042=LINE('',#7238,#1599);
#1043=LINE('',#7240,#1600);
#1044=LINE('',#7242,#1601);
#1045=LINE('',#7243,#1602);
#1046=LINE('',#7246,#1603);
#1047=LINE('',#7248,#1604);
#1048=LINE('',#7250,#1605);
#1049=LINE('',#7251,#1606);
#1050=LINE('',#7254,#1607);
#1051=LINE('',#7256,#1608);
#1052=LINE('',#7258,#1609);
#1053=LINE('',#7259,#1610);
#1054=LINE('',#7262,#1611);
#1055=LINE('',#7264,#1612);
#1056=LINE('',#7266,#1613);
#1057=LINE('',#7267,#1614);
#1058=LINE('',#7270,#1615);
#1059=LINE('',#7272,#1616);
#1060=LINE('',#7274,#1617);
#1061=LINE('',#7275,#1618);
#1062=LINE('',#7278,#1619);
#1063=LINE('',#7280,#1620);
#1064=LINE('',#7282,#1621);
#1065=LINE('',#7283,#1622);
#1066=LINE('',#7288,#1623);
#1067=LINE('',#7317,#1624);
#1068=LINE('',#7320,#1625);
#1069=LINE('',#7323,#1626);
#1070=LINE('',#7353,#1627);
#1071=LINE('',#7354,#1628);
#1072=LINE('',#7356,#1629);
#1073=LINE('',#7361,#1630);
#1074=LINE('',#7362,#1631);
#1075=LINE('',#7365,#1632);
#1076=LINE('',#7366,#1633);
#1077=LINE('',#7370,#1634);
#1078=LINE('',#7373,#1635);
#1079=LINE('',#7374,#1636);
#1080=LINE('',#7378,#1637);
#1081=LINE('',#7381,#1638);
#1082=LINE('',#7382,#1639);
#1083=LINE('',#7386,#1640);
#1084=LINE('',#7388,#1641);
#1085=LINE('',#7390,#1642);
#1086=LINE('',#7393,#1643);
#1087=LINE('',#7397,#1644);
#1088=LINE('',#7401,#1645);
#1089=LINE('',#7405,#1646);
#1090=LINE('',#7410,#1647);
#1091=LINE('',#7414,#1648);
#1092=LINE('',#7416,#1649);
#1093=LINE('',#7417,#1650);
#1094=LINE('',#7420,#1651);
#1095=LINE('',#7421,#1652);
#1096=LINE('',#7424,#1653);
#1097=LINE('',#7425,#1654);
#1098=LINE('',#7427,#1655);
#1099=LINE('',#7431,#1656);
#1100=LINE('',#7433,#1657);
#1101=LINE('',#7434,#1658);
#1102=LINE('',#7437,#1659);
#1103=LINE('',#7438,#1660);
#1104=LINE('',#7441,#1661);
#1105=LINE('',#7442,#1662);
#1106=LINE('',#7444,#1663);
#1107=LINE('',#7448,#1664);
#1108=LINE('',#7450,#1665);
#1109=LINE('',#7451,#1666);
#1110=LINE('',#7454,#1667);
#1111=LINE('',#7455,#1668);
#1112=LINE('',#7458,#1669);
#1113=LINE('',#7459,#1670);
#1114=LINE('',#7461,#1671);
#1115=LINE('',#7465,#1672);
#1116=LINE('',#7467,#1673);
#1117=LINE('',#7468,#1674);
#1118=LINE('',#7471,#1675);
#1119=LINE('',#7472,#1676);
#1120=LINE('',#7475,#1677);
#1121=LINE('',#7476,#1678);
#1122=LINE('',#7478,#1679);
#1123=LINE('',#7482,#1680);
#1124=LINE('',#7484,#1681);
#1125=LINE('',#7485,#1682);
#1126=LINE('',#7488,#1683);
#1127=LINE('',#7489,#1684);
#1128=LINE('',#7492,#1685);
#1129=LINE('',#7493,#1686);
#1130=LINE('',#7495,#1687);
#1131=LINE('',#7499,#1688);
#1132=LINE('',#7501,#1689);
#1133=LINE('',#7502,#1690);
#1134=LINE('',#7505,#1691);
#1135=LINE('',#7506,#1692);
#1136=LINE('',#7509,#1693);
#1137=LINE('',#7510,#1694);
#1138=LINE('',#7512,#1695);
#1139=LINE('',#7516,#1696);
#1140=LINE('',#7518,#1697);
#1141=LINE('',#7519,#1698);
#1142=LINE('',#7522,#1699);
#1143=LINE('',#7523,#1700);
#1144=LINE('',#7526,#1701);
#1145=LINE('',#7527,#1702);
#1146=LINE('',#7529,#1703);
#1147=LINE('',#7533,#1704);
#1148=LINE('',#7535,#1705);
#1149=LINE('',#7536,#1706);
#1150=LINE('',#7539,#1707);
#1151=LINE('',#7540,#1708);
#1152=LINE('',#7543,#1709);
#1153=LINE('',#7544,#1710);
#1154=LINE('',#7546,#1711);
#1155=LINE('',#7550,#1712);
#1156=LINE('',#7552,#1713);
#1157=LINE('',#7553,#1714);
#1158=LINE('',#7556,#1715);
#1159=LINE('',#7557,#1716);
#1160=LINE('',#7560,#1717);
#1161=LINE('',#7561,#1718);
#1162=LINE('',#7563,#1719);
#1163=LINE('',#7567,#1720);
#1164=LINE('',#7569,#1721);
#1165=LINE('',#7570,#1722);
#1166=LINE('',#7573,#1723);
#1167=LINE('',#7574,#1724);
#1168=LINE('',#7577,#1725);
#1169=LINE('',#7578,#1726);
#1170=LINE('',#7580,#1727);
#1171=LINE('',#7584,#1728);
#1172=LINE('',#7586,#1729);
#1173=LINE('',#7587,#1730);
#1174=LINE('',#7590,#1731);
#1175=LINE('',#7591,#1732);
#1176=LINE('',#7594,#1733);
#1177=LINE('',#7595,#1734);
#1178=LINE('',#7597,#1735);
#1179=LINE('',#7601,#1736);
#1180=LINE('',#7603,#1737);
#1181=LINE('',#7604,#1738);
#1182=LINE('',#7607,#1739);
#1183=LINE('',#7608,#1740);
#1184=LINE('',#7611,#1741);
#1185=LINE('',#7612,#1742);
#1186=LINE('',#7614,#1743);
#1187=LINE('',#7618,#1744);
#1188=LINE('',#7622,#1745);
#1189=LINE('',#7632,#1746);
#1190=LINE('',#7636,#1747);
#1191=LINE('',#7641,#1748);
#1192=LINE('',#7643,#1749);
#1193=LINE('',#7645,#1750);
#1194=LINE('',#7646,#1751);
#1195=LINE('',#7650,#1752);
#1196=LINE('',#7652,#1753);
#1197=LINE('',#7654,#1754);
#1198=LINE('',#7656,#1755);
#1199=LINE('',#7658,#1756);
#1200=LINE('',#7660,#1757);
#1201=LINE('',#7662,#1758);
#1202=LINE('',#7663,#1759);
#1203=LINE('',#7666,#1760);
#1204=LINE('',#7668,#1761);
#1205=LINE('',#7670,#1762);
#1206=LINE('',#7672,#1763);
#1207=LINE('',#7674,#1764);
#1208=LINE('',#7676,#1765);
#1209=LINE('',#7677,#1766);
#1210=LINE('',#7680,#1767);
#1211=LINE('',#7682,#1768);
#1212=LINE('',#7683,#1769);
#1213=LINE('',#7686,#1770);
#1214=LINE('',#7688,#1771);
#1215=LINE('',#7689,#1772);
#1216=LINE('',#7691,#1773);
#1217=LINE('',#7694,#1774);
#1218=LINE('',#7696,#1775);
#1219=LINE('',#7698,#1776);
#1220=LINE('',#7700,#1777);
#1221=LINE('',#7702,#1778);
#1222=LINE('',#7704,#1779);
#1223=LINE('',#7706,#1780);
#1224=LINE('',#7708,#1781);
#1225=LINE('',#7709,#1782);
#1226=LINE('',#7712,#1783);
#1227=LINE('',#7716,#1784);
#1228=LINE('',#7720,#1785);
#1229=LINE('',#7724,#1786);
#1230=LINE('',#7727,#1787);
#1231=LINE('',#7728,#1788);
#1232=LINE('',#7730,#1789);
#1233=LINE('',#7731,#1790);
#1234=LINE('',#7735,#1791);
#1235=LINE('',#7737,#1792);
#1236=LINE('',#7738,#1793);
#1237=LINE('',#7740,#1794);
#1238=LINE('',#7741,#1795);
#1239=LINE('',#7752,#1796);
#1240=LINE('',#7753,#1797);
#1241=LINE('',#7755,#1798);
#1242=LINE('',#7757,#1799);
#1243=LINE('',#7759,#1800);
#1244=LINE('',#7761,#1801);
#1245=LINE('',#7763,#1802);
#1246=LINE('',#7765,#1803);
#1247=LINE('',#7775,#1804);
#1248=LINE('',#7782,#1805);
#1249=LINE('',#7792,#1806);
#1250=LINE('',#7794,#1807);
#1251=LINE('',#7803,#1808);
#1252=LINE('',#7805,#1809);
#1253=LINE('',#7814,#1810);
#1254=LINE('',#7816,#1811);
#1255=LINE('',#7825,#1812);
#1256=LINE('',#7827,#1813);
#1257=LINE('',#7830,#1814);
#1258=LINE('',#7832,#1815);
#1259=LINE('',#7833,#1816);
#1260=LINE('',#7835,#1817);
#1261=LINE('',#7837,#1818);
#1262=LINE('',#7841,#1819);
#1263=LINE('',#7842,#1820);
#1264=LINE('',#7843,#1821);
#1265=LINE('',#7847,#1822);
#1266=LINE('',#7849,#1823);
#1267=LINE('',#7851,#1824);
#1268=LINE('',#7853,#1825);
#1269=LINE('',#7855,#1826);
#1270=LINE('',#7856,#1827);
#1271=LINE('',#7860,#1828);
#1272=LINE('',#7861,#1829);
#1273=LINE('',#7863,#1830);
#1274=LINE('',#7865,#1831);
#1275=LINE('',#7867,#1832);
#1276=LINE('',#7868,#1833);
#1277=LINE('',#7870,#1834);
#1278=LINE('',#7873,#1835);
#1279=LINE('',#7875,#1836);
#1280=LINE('',#7876,#1837);
#1281=LINE('',#7879,#1838);
#1282=LINE('',#7881,#1839);
#1283=LINE('',#7882,#1840);
#1284=LINE('',#7884,#1841);
#1285=LINE('',#7886,#1842);
#1286=LINE('',#7887,#1843);
#1287=LINE('',#7889,#1844);
#1288=LINE('',#7890,#1845);
#1289=LINE('',#7894,#1846);
#1290=LINE('',#7895,#1847);
#1291=LINE('',#7896,#1848);
#1292=LINE('',#7898,#1849);
#1293=LINE('',#7906,#1850);
#1294=LINE('',#7909,#1851);
#1295=LINE('',#7912,#1852);
#1296=LINE('',#7916,#1853);
#1297=LINE('',#7920,#1854);
#1298=LINE('',#7923,#1855);
#1299=LINE('',#7926,#1856);
#1300=LINE('',#7928,#1857);
#1301=LINE('',#7930,#1858);
#1302=LINE('',#7931,#1859);
#1303=LINE('',#7934,#1860);
#1304=LINE('',#7935,#1861);
#1305=LINE('',#7939,#1862);
#1306=LINE('',#7942,#1863);
#1307=LINE('',#7945,#1864);
#1308=LINE('',#7948,#1865);
#1309=LINE('',#7949,#1866);
#1310=LINE('',#7952,#1867);
#1311=LINE('',#7955,#1868);
#1312=LINE('',#7961,#1869);
#1313=LINE('',#7964,#1870);
#1314=LINE('',#7967,#1871);
#1315=LINE('',#7969,#1872);
#1316=LINE('',#7970,#1873);
#1317=LINE('',#7976,#1874);
#1318=LINE('',#7979,#1875);
#1319=LINE('',#7982,#1876);
#1320=LINE('',#7984,#1877);
#1321=LINE('',#7985,#1878);
#1322=LINE('',#7990,#1879);
#1323=LINE('',#7993,#1880);
#1324=LINE('',#7995,#1881);
#1325=LINE('',#7999,#1882);
#1326=LINE('',#8001,#1883);
#1327=LINE('',#8003,#1884);
#1328=LINE('',#8004,#1885);
#1329=LINE('',#8015,#1886);
#1330=LINE('',#8021,#1887);
#1331=LINE('',#8027,#1888);
#1332=LINE('',#8033,#1889);
#1333=LINE('',#8039,#1890);
#1334=LINE('',#8042,#1891);
#1335=LINE('',#8044,#1892);
#1336=LINE('',#8047,#1893);
#1337=LINE('',#8049,#1894);
#1338=LINE('',#8050,#1895);
#1339=LINE('',#8053,#1896);
#1340=LINE('',#8054,#1897);
#1341=LINE('',#8057,#1898);
#1342=LINE('',#8058,#1899);
#1343=LINE('',#8060,#1900);
#1344=LINE('',#8064,#1901);
#1345=LINE('',#8068,#1902);
#1346=LINE('',#8072,#1903);
#1347=LINE('',#8076,#1904);
#1348=LINE('',#8080,#1905);
#1349=LINE('',#8082,#1906);
#1350=LINE('',#8084,#1907);
#1351=LINE('',#8085,#1908);
#1352=LINE('',#8088,#1909);
#1353=LINE('',#8090,#1910);
#1354=LINE('',#8091,#1911);
#1355=LINE('',#8094,#1912);
#1356=LINE('',#8096,#1913);
#1357=LINE('',#8097,#1914);
#1358=LINE('',#8099,#1915);
#1359=LINE('',#8100,#1916);
#1360=LINE('',#8103,#1917);
#1361=LINE('',#8105,#1918);
#1362=LINE('',#8106,#1919);
#1363=LINE('',#8109,#1920);
#1364=LINE('',#8110,#1921);
#1365=LINE('',#8113,#1922);
#1366=LINE('',#8114,#1923);
#1367=LINE('',#8116,#1924);
#1368=LINE('',#8119,#1925);
#1369=LINE('',#8135,#1926);
#1370=LINE('',#8142,#1927);
#1371=LINE('',#8149,#1928);
#1372=LINE('',#8156,#1929);
#1373=LINE('',#8162,#1930);
#1374=LINE('',#8164,#1931);
#1375=LINE('',#8166,#1932);
#1376=LINE('',#8167,#1933);
#1377=LINE('',#8170,#1934);
#1378=LINE('',#8172,#1935);
#1379=LINE('',#8173,#1936);
#1380=LINE('',#8176,#1937);
#1381=LINE('',#8178,#1938);
#1382=LINE('',#8179,#1939);
#1383=LINE('',#8181,#1940);
#1384=LINE('',#8182,#1941);
#1385=LINE('',#8191,#1942);
#1386=LINE('',#8194,#1943);
#1387=LINE('',#8198,#1944);
#1388=LINE('',#8200,#1945);
#1389=LINE('',#8202,#1946);
#1390=LINE('',#8203,#1947);
#1391=LINE('',#8205,#1948);
#1392=LINE('',#8206,#1949);
#1393=LINE('',#8208,#1950);
#1394=LINE('',#8209,#1951);
#1395=LINE('',#8213,#1952);
#1396=LINE('',#8219,#1953);
#1397=LINE('',#8222,#1954);
#1398=LINE('',#8239,#1955);
#1399=LINE('',#8240,#1956);
#1400=LINE('',#8245,#1957);
#1401=LINE('',#8246,#1958);
#1402=LINE('',#8260,#1959);
#1403=LINE('',#8261,#1960);
#1404=LINE('',#8265,#1961);
#1405=LINE('',#8269,#1962);
#1406=LINE('',#8273,#1963);
#1407=LINE('',#8277,#1964);
#1408=LINE('',#8283,#1965);
#1409=LINE('',#8312,#1966);
#1410=LINE('',#8316,#1967);
#1411=LINE('',#8342,#1968);
#1412=LINE('',#8346,#1969);
#1413=LINE('',#8348,#1970);
#1414=LINE('',#8350,#1971);
#1415=LINE('',#8351,#1972);
#1416=LINE('',#8354,#1973);
#1417=LINE('',#8356,#1974);
#1418=LINE('',#8358,#1975);
#1419=LINE('',#8359,#1976);
#1420=LINE('',#8362,#1977);
#1421=LINE('',#8364,#1978);
#1422=LINE('',#8366,#1979);
#1423=LINE('',#8367,#1980);
#1424=LINE('',#8370,#1981);
#1425=LINE('',#8372,#1982);
#1426=LINE('',#8374,#1983);
#1427=LINE('',#8375,#1984);
#1428=LINE('',#8378,#1985);
#1429=LINE('',#8380,#1986);
#1430=LINE('',#8382,#1987);
#1431=LINE('',#8383,#1988);
#1432=LINE('',#8386,#1989);
#1433=LINE('',#8388,#1990);
#1434=LINE('',#8390,#1991);
#1435=LINE('',#8391,#1992);
#1436=LINE('',#8394,#1993);
#1437=LINE('',#8396,#1994);
#1438=LINE('',#8398,#1995);
#1439=LINE('',#8399,#1996);
#1440=LINE('',#8402,#1997);
#1441=LINE('',#8404,#1998);
#1442=LINE('',#8406,#1999);
#1443=LINE('',#8407,#2000);
#1444=LINE('',#8410,#2001);
#1445=LINE('',#8412,#2002);
#1446=LINE('',#8414,#2003);
#1447=LINE('',#8415,#2004);
#1448=LINE('',#8418,#2005);
#1449=LINE('',#8420,#2006);
#1450=LINE('',#8422,#2007);
#1451=LINE('',#8423,#2008);
#1452=LINE('',#8426,#2009);
#1453=LINE('',#8428,#2010);
#1454=LINE('',#8430,#2011);
#1455=LINE('',#8431,#2012);
#1456=LINE('',#8434,#2013);
#1457=LINE('',#8436,#2014);
#1458=LINE('',#8438,#2015);
#1459=LINE('',#8439,#2016);
#1460=LINE('',#8442,#2017);
#1461=LINE('',#8444,#2018);
#1462=LINE('',#8445,#2019);
#1463=LINE('',#8448,#2020);
#1464=LINE('',#8449,#2021);
#1465=LINE('',#8452,#2022);
#1466=LINE('',#8453,#2023);
#1467=LINE('',#8455,#2024);
#1468=LINE('',#8459,#2025);
#1469=LINE('',#8461,#2026);
#1470=LINE('',#8462,#2027);
#1471=LINE('',#8465,#2028);
#1472=LINE('',#8466,#2029);
#1473=LINE('',#8469,#2030);
#1474=LINE('',#8470,#2031);
#1475=LINE('',#8472,#2032);
#1476=LINE('',#8476,#2033);
#1477=LINE('',#8478,#2034);
#1478=LINE('',#8479,#2035);
#1479=LINE('',#8482,#2036);
#1480=LINE('',#8483,#2037);
#1481=LINE('',#8486,#2038);
#1482=LINE('',#8487,#2039);
#1483=LINE('',#8489,#2040);
#1484=LINE('',#8493,#2041);
#1485=LINE('',#8495,#2042);
#1486=LINE('',#8496,#2043);
#1487=LINE('',#8499,#2044);
#1488=LINE('',#8500,#2045);
#1489=LINE('',#8503,#2046);
#1490=LINE('',#8504,#2047);
#1491=LINE('',#8506,#2048);
#1492=LINE('',#8510,#2049);
#1493=LINE('',#8512,#2050);
#1494=LINE('',#8513,#2051);
#1495=LINE('',#8516,#2052);
#1496=LINE('',#8517,#2053);
#1497=LINE('',#8520,#2054);
#1498=LINE('',#8521,#2055);
#1499=LINE('',#8523,#2056);
#1500=LINE('',#8527,#2057);
#1501=LINE('',#8529,#2058);
#1502=LINE('',#8530,#2059);
#1503=LINE('',#8533,#2060);
#1504=LINE('',#8534,#2061);
#1505=LINE('',#8537,#2062);
#1506=LINE('',#8538,#2063);
#1507=LINE('',#8540,#2064);
#1508=LINE('',#8544,#2065);
#1509=LINE('',#8546,#2066);
#1510=LINE('',#8547,#2067);
#1511=LINE('',#8550,#2068);
#1512=LINE('',#8551,#2069);
#1513=LINE('',#8554,#2070);
#1514=LINE('',#8555,#2071);
#1515=LINE('',#8557,#2072);
#1516=LINE('',#8561,#2073);
#1517=LINE('',#8563,#2074);
#1518=LINE('',#8564,#2075);
#1519=LINE('',#8567,#2076);
#1520=LINE('',#8568,#2077);
#1521=LINE('',#8571,#2078);
#1522=LINE('',#8572,#2079);
#1523=LINE('',#8574,#2080);
#1524=LINE('',#8578,#2081);
#1525=LINE('',#8580,#2082);
#1526=LINE('',#8581,#2083);
#1527=LINE('',#8584,#2084);
#1528=LINE('',#8585,#2085);
#1529=LINE('',#8588,#2086);
#1530=LINE('',#8589,#2087);
#1531=LINE('',#8591,#2088);
#1532=LINE('',#8595,#2089);
#1533=LINE('',#8597,#2090);
#1534=LINE('',#8598,#2091);
#1535=LINE('',#8601,#2092);
#1536=LINE('',#8602,#2093);
#1537=LINE('',#8605,#2094);
#1538=LINE('',#8606,#2095);
#1539=LINE('',#8608,#2096);
#1540=LINE('',#8612,#2097);
#1541=LINE('',#8614,#2098);
#1542=LINE('',#8615,#2099);
#1543=LINE('',#8618,#2100);
#1544=LINE('',#8619,#2101);
#1545=LINE('',#8622,#2102);
#1546=LINE('',#8623,#2103);
#1547=LINE('',#8625,#2104);
#1548=LINE('',#8629,#2105);
#1549=LINE('',#8631,#2106);
#1550=LINE('',#8632,#2107);
#1551=LINE('',#8635,#2108);
#1552=LINE('',#8636,#2109);
#1553=LINE('',#8639,#2110);
#1554=LINE('',#8640,#2111);
#1555=LINE('',#8642,#2112);
#1556=VECTOR('',#5679,10.);
#1557=VECTOR('',#5682,10.);
#1558=VECTOR('',#5695,10.);
#1559=VECTOR('',#5696,10.);
#1560=VECTOR('',#5709,10.);
#1561=VECTOR('',#5710,10.);
#1562=VECTOR('',#5723,10.);
#1563=VECTOR('',#5724,10.);
#1564=VECTOR('',#5733,10.);
#1565=VECTOR('',#5736,10.);
#1566=VECTOR('',#5739,10.);
#1567=VECTOR('',#5740,3.5);
#1568=VECTOR('',#5743,10.);
#1569=VECTOR('',#5748,10.);
#1570=VECTOR('',#5749,3.5);
#1571=VECTOR('',#5754,10.);
#1572=VECTOR('',#5755,10.);
#1573=VECTOR('',#5756,10.);
#1574=VECTOR('',#5757,10.);
#1575=VECTOR('',#5758,10.);
#1576=VECTOR('',#5759,10.);
#1577=VECTOR('',#5760,10.);
#1578=VECTOR('',#5761,10.);
#1579=VECTOR('',#5762,10.);
#1580=VECTOR('',#5763,10.);
#1581=VECTOR('',#5764,10.);
#1582=VECTOR('',#5765,10.);
#1583=VECTOR('',#5766,10.);
#1584=VECTOR('',#5767,10.);
#1585=VECTOR('',#5768,10.);
#1586=VECTOR('',#5769,10.);
#1587=VECTOR('',#5770,10.);
#1588=VECTOR('',#5771,10.);
#1589=VECTOR('',#5772,10.);
#1590=VECTOR('',#5773,10.);
#1591=VECTOR('',#5774,10.);
#1592=VECTOR('',#5775,10.);
#1593=VECTOR('',#5776,10.);
#1594=VECTOR('',#5777,10.);
#1595=VECTOR('',#5778,10.);
#1596=VECTOR('',#5779,10.);
#1597=VECTOR('',#5780,10.);
#1598=VECTOR('',#5781,10.);
#1599=VECTOR('',#5782,10.);
#1600=VECTOR('',#5783,10.);
#1601=VECTOR('',#5784,10.);
#1602=VECTOR('',#5785,10.);
#1603=VECTOR('',#5786,10.);
#1604=VECTOR('',#5787,10.);
#1605=VECTOR('',#5788,10.);
#1606=VECTOR('',#5789,10.);
#1607=VECTOR('',#5790,10.);
#1608=VECTOR('',#5791,10.);
#1609=VECTOR('',#5792,10.);
#1610=VECTOR('',#5793,10.);
#1611=VECTOR('',#5794,10.);
#1612=VECTOR('',#5795,10.);
#1613=VECTOR('',#5796,10.);
#1614=VECTOR('',#5797,10.);
#1615=VECTOR('',#5798,10.);
#1616=VECTOR('',#5799,10.);
#1617=VECTOR('',#5800,10.);
#1618=VECTOR('',#5801,10.);
#1619=VECTOR('',#5802,10.);
#1620=VECTOR('',#5803,10.);
#1621=VECTOR('',#5804,10.);
#1622=VECTOR('',#5805,10.);
#1623=VECTOR('',#5810,10.);
#1624=VECTOR('',#5825,10.);
#1625=VECTOR('',#5828,10.);
#1626=VECTOR('',#5831,3.5);
#1627=VECTOR('',#5846,3.5);
#1628=VECTOR('',#5847,10.);
#1629=VECTOR('',#5850,10.);
#1630=VECTOR('',#5855,10.);
#1631=VECTOR('',#5856,10.);
#1632=VECTOR('',#5859,10.);
#1633=VECTOR('',#5860,10.);
#1634=VECTOR('',#5865,10.);
#1635=VECTOR('',#5868,10.);
#1636=VECTOR('',#5869,10.);
#1637=VECTOR('',#5874,10.);
#1638=VECTOR('',#5877,10.);
#1639=VECTOR('',#5878,10.);
#1640=VECTOR('',#5883,10.);
#1641=VECTOR('',#5886,10.);
#1642=VECTOR('',#5889,10.);
#1643=VECTOR('',#5890,10.);
#1644=VECTOR('',#5893,10.);
#1645=VECTOR('',#5896,10.);
#1646=VECTOR('',#5899,10.);
#1647=VECTOR('',#5906,10.);
#1648=VECTOR('',#5911,10.);
#1649=VECTOR('',#5912,10.);
#1650=VECTOR('',#5913,10.);
#1651=VECTOR('',#5916,10.);
#1652=VECTOR('',#5917,10.);
#1653=VECTOR('',#5920,10.);
#1654=VECTOR('',#5921,10.);
#1655=VECTOR('',#5924,10.);
#1656=VECTOR('',#5929,10.);
#1657=VECTOR('',#5930,10.);
#1658=VECTOR('',#5931,10.);
#1659=VECTOR('',#5934,10.);
#1660=VECTOR('',#5935,10.);
#1661=VECTOR('',#5938,10.);
#1662=VECTOR('',#5939,10.);
#1663=VECTOR('',#5942,10.);
#1664=VECTOR('',#5947,10.);
#1665=VECTOR('',#5948,10.);
#1666=VECTOR('',#5949,10.);
#1667=VECTOR('',#5952,10.);
#1668=VECTOR('',#5953,10.);
#1669=VECTOR('',#5956,10.);
#1670=VECTOR('',#5957,10.);
#1671=VECTOR('',#5960,10.);
#1672=VECTOR('',#5965,10.);
#1673=VECTOR('',#5966,10.);
#1674=VECTOR('',#5967,10.);
#1675=VECTOR('',#5970,10.);
#1676=VECTOR('',#5971,10.);
#1677=VECTOR('',#5974,10.);
#1678=VECTOR('',#5975,10.);
#1679=VECTOR('',#5978,10.);
#1680=VECTOR('',#5983,10.);
#1681=VECTOR('',#5984,10.);
#1682=VECTOR('',#5985,10.);
#1683=VECTOR('',#5988,10.);
#1684=VECTOR('',#5989,10.);
#1685=VECTOR('',#5992,10.);
#1686=VECTOR('',#5993,10.);
#1687=VECTOR('',#5996,10.);
#1688=VECTOR('',#6001,10.);
#1689=VECTOR('',#6002,10.);
#1690=VECTOR('',#6003,10.);
#1691=VECTOR('',#6006,10.);
#1692=VECTOR('',#6007,10.);
#1693=VECTOR('',#6010,10.);
#1694=VECTOR('',#6011,10.);
#1695=VECTOR('',#6014,10.);
#1696=VECTOR('',#6019,10.);
#1697=VECTOR('',#6020,10.);
#1698=VECTOR('',#6021,10.);
#1699=VECTOR('',#6024,10.);
#1700=VECTOR('',#6025,10.);
#1701=VECTOR('',#6028,10.);
#1702=VECTOR('',#6029,10.);
#1703=VECTOR('',#6032,10.);
#1704=VECTOR('',#6037,10.);
#1705=VECTOR('',#6038,10.);
#1706=VECTOR('',#6039,10.);
#1707=VECTOR('',#6042,10.);
#1708=VECTOR('',#6043,10.);
#1709=VECTOR('',#6046,10.);
#1710=VECTOR('',#6047,10.);
#1711=VECTOR('',#6050,10.);
#1712=VECTOR('',#6055,10.);
#1713=VECTOR('',#6056,10.);
#1714=VECTOR('',#6057,10.);
#1715=VECTOR('',#6060,10.);
#1716=VECTOR('',#6061,10.);
#1717=VECTOR('',#6064,10.);
#1718=VECTOR('',#6065,10.);
#1719=VECTOR('',#6068,10.);
#1720=VECTOR('',#6073,10.);
#1721=VECTOR('',#6074,10.);
#1722=VECTOR('',#6075,10.);
#1723=VECTOR('',#6078,10.);
#1724=VECTOR('',#6079,10.);
#1725=VECTOR('',#6082,10.);
#1726=VECTOR('',#6083,10.);
#1727=VECTOR('',#6086,10.);
#1728=VECTOR('',#6091,10.);
#1729=VECTOR('',#6092,10.);
#1730=VECTOR('',#6093,10.);
#1731=VECTOR('',#6096,10.);
#1732=VECTOR('',#6097,10.);
#1733=VECTOR('',#6100,10.);
#1734=VECTOR('',#6101,10.);
#1735=VECTOR('',#6104,10.);
#1736=VECTOR('',#6109,10.);
#1737=VECTOR('',#6110,10.);
#1738=VECTOR('',#6111,10.);
#1739=VECTOR('',#6114,10.);
#1740=VECTOR('',#6115,10.);
#1741=VECTOR('',#6118,10.);
#1742=VECTOR('',#6119,10.);
#1743=VECTOR('',#6122,10.);
#1744=VECTOR('',#6127,1.625);
#1745=VECTOR('',#6132,1.5);
#1746=VECTOR('',#6145,1.35);
#1747=VECTOR('',#6150,1.35);
#1748=VECTOR('',#6155,10.);
#1749=VECTOR('',#6156,10.);
#1750=VECTOR('',#6157,10.);
#1751=VECTOR('',#6158,10.);
#1752=VECTOR('',#6161,10.);
#1753=VECTOR('',#6162,10.);
#1754=VECTOR('',#6163,10.);
#1755=VECTOR('',#6164,10.);
#1756=VECTOR('',#6165,10.);
#1757=VECTOR('',#6166,10.);
#1758=VECTOR('',#6167,10.);
#1759=VECTOR('',#6168,10.);
#1760=VECTOR('',#6171,10.);
#1761=VECTOR('',#6172,10.);
#1762=VECTOR('',#6173,10.);
#1763=VECTOR('',#6174,10.);
#1764=VECTOR('',#6175,10.);
#1765=VECTOR('',#6176,10.);
#1766=VECTOR('',#6177,10.);
#1767=VECTOR('',#6180,10.);
#1768=VECTOR('',#6181,10.);
#1769=VECTOR('',#6182,10.);
#1770=VECTOR('',#6185,10.);
#1771=VECTOR('',#6186,10.);
#1772=VECTOR('',#6187,10.);
#1773=VECTOR('',#6190,10.);
#1774=VECTOR('',#6193,10.);
#1775=VECTOR('',#6194,10.);
#1776=VECTOR('',#6195,10.);
#1777=VECTOR('',#6196,10.);
#1778=VECTOR('',#6197,10.);
#1779=VECTOR('',#6198,10.);
#1780=VECTOR('',#6199,10.);
#1781=VECTOR('',#6200,10.);
#1782=VECTOR('',#6201,10.);
#1783=VECTOR('',#6202,10.);
#1784=VECTOR('',#6205,10.);
#1785=VECTOR('',#6208,10.);
#1786=VECTOR('',#6211,10.);
#1787=VECTOR('',#6216,10.);
#1788=VECTOR('',#6217,10.);
#1789=VECTOR('',#6220,10.);
#1790=VECTOR('',#6221,10.);
#1791=VECTOR('',#6226,10.);
#1792=VECTOR('',#6227,10.);
#1793=VECTOR('',#6228,10.);
#1794=VECTOR('',#6229,10.);
#1795=VECTOR('',#6230,10.);
#1796=VECTOR('',#6243,10.);
#1797=VECTOR('',#6244,10.);
#1798=VECTOR('',#6247,10.);
#1799=VECTOR('',#6250,10.);
#1800=VECTOR('',#6253,10.);
#1801=VECTOR('',#6256,10.);
#1802=VECTOR('',#6259,10.);
#1803=VECTOR('',#6262,10.);
#1804=VECTOR('',#6275,7.25);
#1805=VECTOR('',#6284,6.1);
#1806=VECTOR('',#6297,3.3);
#1807=VECTOR('',#6300,1.35);
#1808=VECTOR('',#6311,3.3);
#1809=VECTOR('',#6314,1.35);
#1810=VECTOR('',#6325,3.3);
#1811=VECTOR('',#6328,1.35);
#1812=VECTOR('',#6339,3.3);
#1813=VECTOR('',#6342,1.35);
#1814=VECTOR('',#6345,10.);
#1815=VECTOR('',#6346,10.);
#1816=VECTOR('',#6347,10.);
#1817=VECTOR('',#6350,10.);
#1818=VECTOR('',#6353,10.);
#1819=VECTOR('',#6356,10.);
#1820=VECTOR('',#6357,10.);
#1821=VECTOR('',#6358,10.);
#1822=VECTOR('',#6363,10.);
#1823=VECTOR('',#6364,10.);
#1824=VECTOR('',#6365,10.);
#1825=VECTOR('',#6366,10.);
#1826=VECTOR('',#6367,10.);
#1827=VECTOR('',#6368,10.);
#1828=VECTOR('',#6371,10.);
#1829=VECTOR('',#6372,10.);
#1830=VECTOR('',#6373,10.);
#1831=VECTOR('',#6374,10.);
#1832=VECTOR('',#6375,10.);
#1833=VECTOR('',#6376,10.);
#1834=VECTOR('',#6379,10.);
#1835=VECTOR('',#6382,10.);
#1836=VECTOR('',#6383,10.);
#1837=VECTOR('',#6384,10.);
#1838=VECTOR('',#6387,10.);
#1839=VECTOR('',#6388,10.);
#1840=VECTOR('',#6389,10.);
#1841=VECTOR('',#6392,10.);
#1842=VECTOR('',#6395,10.);
#1843=VECTOR('',#6396,10.);
#1844=VECTOR('',#6399,10.);
#1845=VECTOR('',#6400,10.);
#1846=VECTOR('',#6405,10.);
#1847=VECTOR('',#6406,10.);
#1848=VECTOR('',#6407,10.);
#1849=VECTOR('',#6410,10.);
#1850=VECTOR('',#6419,10.);
#1851=VECTOR('',#6422,10.);
#1852=VECTOR('',#6425,10.);
#1853=VECTOR('',#6428,10.);
#1854=VECTOR('',#6431,10.);
#1855=VECTOR('',#6434,10.);
#1856=VECTOR('',#6435,10.);
#1857=VECTOR('',#6436,10.);
#1858=VECTOR('',#6437,10.);
#1859=VECTOR('',#6438,10.);
#1860=VECTOR('',#6441,10.);
#1861=VECTOR('',#6442,10.);
#1862=VECTOR('',#6447,10.);
#1863=VECTOR('',#6450,10.);
#1864=VECTOR('',#6453,10.);
#1865=VECTOR('',#6456,10.);
#1866=VECTOR('',#6457,10.);
#1867=VECTOR('',#6460,10.);
#1868=VECTOR('',#6465,10.);
#1869=VECTOR('',#6470,10.);
#1870=VECTOR('',#6473,10.);
#1871=VECTOR('',#6476,10.);
#1872=VECTOR('',#6477,10.);
#1873=VECTOR('',#6478,10.);
#1874=VECTOR('',#6483,10.);
#1875=VECTOR('',#6486,10.);
#1876=VECTOR('',#6489,10.);
#1877=VECTOR('',#6490,10.);
#1878=VECTOR('',#6491,10.);
#1879=VECTOR('',#6496,10.);
#1880=VECTOR('',#6501,10.);
#1881=VECTOR('',#6502,10.);
#1882=VECTOR('',#6505,10.);
#1883=VECTOR('',#6506,10.);
#1884=VECTOR('',#6507,10.);
#1885=VECTOR('',#6508,10.);
#1886=VECTOR('',#6519,10.);
#1887=VECTOR('',#6526,1.35);
#1888=VECTOR('',#6533,1.35);
#1889=VECTOR('',#6540,1.35);
#1890=VECTOR('',#6547,1.35);
#1891=VECTOR('',#6552,10.);
#1892=VECTOR('',#6555,10.);
#1893=VECTOR('',#6558,10.);
#1894=VECTOR('',#6559,10.);
#1895=VECTOR('',#6560,10.);
#1896=VECTOR('',#6563,10.);
#1897=VECTOR('',#6564,10.);
#1898=VECTOR('',#6567,10.);
#1899=VECTOR('',#6568,10.);
#1900=VECTOR('',#6571,10.);
#1901=VECTOR('',#6576,1.15);
#1902=VECTOR('',#6581,1.15);
#1903=VECTOR('',#6586,1.15);
#1904=VECTOR('',#6591,1.15);
#1905=VECTOR('',#6594,10.);
#1906=VECTOR('',#6595,10.);
#1907=VECTOR('',#6596,10.);
#1908=VECTOR('',#6597,10.);
#1909=VECTOR('',#6600,10.);
#1910=VECTOR('',#6601,10.);
#1911=VECTOR('',#6602,10.);
#1912=VECTOR('',#6605,10.);
#1913=VECTOR('',#6606,10.);
#1914=VECTOR('',#6607,10.);
#1915=VECTOR('',#6610,10.);
#1916=VECTOR('',#6611,10.);
#1917=VECTOR('',#6614,10.);
#1918=VECTOR('',#6615,10.);
#1919=VECTOR('',#6616,10.);
#1920=VECTOR('',#6619,10.);
#1921=VECTOR('',#6620,10.);
#1922=VECTOR('',#6623,10.);
#1923=VECTOR('',#6624,10.);
#1924=VECTOR('',#6627,10.);
#1925=VECTOR('',#6632,10.);
#1926=VECTOR('',#6653,1.15);
#1927=VECTOR('',#6662,1.15);
#1928=VECTOR('',#6671,1.15);
#1929=VECTOR('',#6680,1.15);
#1930=VECTOR('',#6687,10.);
#1931=VECTOR('',#6688,10.);
#1932=VECTOR('',#6689,10.);
#1933=VECTOR('',#6690,10.);
#1934=VECTOR('',#6693,10.);
#1935=VECTOR('',#6694,10.);
#1936=VECTOR('',#6695,10.);
#1937=VECTOR('',#6698,10.);
#1938=VECTOR('',#6699,10.);
#1939=VECTOR('',#6700,10.);
#1940=VECTOR('',#6703,10.);
#1941=VECTOR('',#6704,10.);
#1942=VECTOR('',#6713,10.);
#1943=VECTOR('',#6716,10.);
#1944=VECTOR('',#6719,10.);
#1945=VECTOR('',#6720,10.);
#1946=VECTOR('',#6721,10.);
#1947=VECTOR('',#6722,10.);
#1948=VECTOR('',#6725,10.);
#1949=VECTOR('',#6726,10.);
#1950=VECTOR('',#6729,10.);
#1951=VECTOR('',#6730,10.);
#1952=VECTOR('',#6737,8.);
#1953=VECTOR('',#6742,10.);
#1954=VECTOR('',#6745,3.);
#1955=VECTOR('',#6766,10.);
#1956=VECTOR('',#6767,3.);
#1957=VECTOR('',#6772,3.);
#1958=VECTOR('',#6773,10.);
#1959=VECTOR('',#6792,10.);
#1960=VECTOR('',#6793,3.);
#1961=VECTOR('',#6796,3.);
#1962=VECTOR('',#6799,3.);
#1963=VECTOR('',#6802,3.);
#1964=VECTOR('',#6805,3.);
#1965=VECTOR('',#6812,10.);
#1966=VECTOR('',#6827,10.);
#1967=VECTOR('',#6832,10.);
#1968=VECTOR('',#6843,10.);
#1969=VECTOR('',#6846,10.);
#1970=VECTOR('',#6847,10.);
#1971=VECTOR('',#6848,10.);
#1972=VECTOR('',#6849,10.);
#1973=VECTOR('',#6850,10.);
#1974=VECTOR('',#6851,10.);
#1975=VECTOR('',#6852,10.);
#1976=VECTOR('',#6853,10.);
#1977=VECTOR('',#6854,10.);
#1978=VECTOR('',#6855,10.);
#1979=VECTOR('',#6856,10.);
#1980=VECTOR('',#6857,10.);
#1981=VECTOR('',#6858,10.);
#1982=VECTOR('',#6859,10.);
#1983=VECTOR('',#6860,10.);
#1984=VECTOR('',#6861,10.);
#1985=VECTOR('',#6862,10.);
#1986=VECTOR('',#6863,10.);
#1987=VECTOR('',#6864,10.);
#1988=VECTOR('',#6865,10.);
#1989=VECTOR('',#6866,10.);
#1990=VECTOR('',#6867,10.);
#1991=VECTOR('',#6868,10.);
#1992=VECTOR('',#6869,10.);
#1993=VECTOR('',#6870,10.);
#1994=VECTOR('',#6871,10.);
#1995=VECTOR('',#6872,10.);
#1996=VECTOR('',#6873,10.);
#1997=VECTOR('',#6874,10.);
#1998=VECTOR('',#6875,10.);
#1999=VECTOR('',#6876,10.);
#2000=VECTOR('',#6877,10.);
#2001=VECTOR('',#6878,10.);
#2002=VECTOR('',#6879,10.);
#2003=VECTOR('',#6880,10.);
#2004=VECTOR('',#6881,10.);
#2005=VECTOR('',#6882,10.);
#2006=VECTOR('',#6883,10.);
#2007=VECTOR('',#6884,10.);
#2008=VECTOR('',#6885,10.);
#2009=VECTOR('',#6886,10.);
#2010=VECTOR('',#6887,10.);
#2011=VECTOR('',#6888,10.);
#2012=VECTOR('',#6889,10.);
#2013=VECTOR('',#6890,10.);
#2014=VECTOR('',#6891,10.);
#2015=VECTOR('',#6892,10.);
#2016=VECTOR('',#6893,10.);
#2017=VECTOR('',#6896,10.);
#2018=VECTOR('',#6897,10.);
#2019=VECTOR('',#6898,10.);
#2020=VECTOR('',#6901,10.);
#2021=VECTOR('',#6902,10.);
#2022=VECTOR('',#6905,10.);
#2023=VECTOR('',#6906,10.);
#2024=VECTOR('',#6909,10.);
#2025=VECTOR('',#6914,10.);
#2026=VECTOR('',#6915,10.);
#2027=VECTOR('',#6916,10.);
#2028=VECTOR('',#6919,10.);
#2029=VECTOR('',#6920,10.);
#2030=VECTOR('',#6923,10.);
#2031=VECTOR('',#6924,10.);
#2032=VECTOR('',#6927,10.);
#2033=VECTOR('',#6932,10.);
#2034=VECTOR('',#6933,10.);
#2035=VECTOR('',#6934,10.);
#2036=VECTOR('',#6937,10.);
#2037=VECTOR('',#6938,10.);
#2038=VECTOR('',#6941,10.);
#2039=VECTOR('',#6942,10.);
#2040=VECTOR('',#6945,10.);
#2041=VECTOR('',#6950,10.);
#2042=VECTOR('',#6951,10.);
#2043=VECTOR('',#6952,10.);
#2044=VECTOR('',#6955,10.);
#2045=VECTOR('',#6956,10.);
#2046=VECTOR('',#6959,10.);
#2047=VECTOR('',#6960,10.);
#2048=VECTOR('',#6963,10.);
#2049=VECTOR('',#6968,10.);
#2050=VECTOR('',#6969,10.);
#2051=VECTOR('',#6970,10.);
#2052=VECTOR('',#6973,10.);
#2053=VECTOR('',#6974,10.);
#2054=VECTOR('',#6977,10.);
#2055=VECTOR('',#6978,10.);
#2056=VECTOR('',#6981,10.);
#2057=VECTOR('',#6986,10.);
#2058=VECTOR('',#6987,10.);
#2059=VECTOR('',#6988,10.);
#2060=VECTOR('',#6991,10.);
#2061=VECTOR('',#6992,10.);
#2062=VECTOR('',#6995,10.);
#2063=VECTOR('',#6996,10.);
#2064=VECTOR('',#6999,10.);
#2065=VECTOR('',#7004,10.);
#2066=VECTOR('',#7005,10.);
#2067=VECTOR('',#7006,10.);
#2068=VECTOR('',#7009,10.);
#2069=VECTOR('',#7010,10.);
#2070=VECTOR('',#7013,10.);
#2071=VECTOR('',#7014,10.);
#2072=VECTOR('',#7017,10.);
#2073=VECTOR('',#7022,10.);
#2074=VECTOR('',#7023,10.);
#2075=VECTOR('',#7024,10.);
#2076=VECTOR('',#7027,10.);
#2077=VECTOR('',#7028,10.);
#2078=VECTOR('',#7031,10.);
#2079=VECTOR('',#7032,10.);
#2080=VECTOR('',#7035,10.);
#2081=VECTOR('',#7040,10.);
#2082=VECTOR('',#7041,10.);
#2083=VECTOR('',#7042,10.);
#2084=VECTOR('',#7045,10.);
#2085=VECTOR('',#7046,10.);
#2086=VECTOR('',#7049,10.);
#2087=VECTOR('',#7050,10.);
#2088=VECTOR('',#7053,10.);
#2089=VECTOR('',#7058,10.);
#2090=VECTOR('',#7059,10.);
#2091=VECTOR('',#7060,10.);
#2092=VECTOR('',#7063,10.);
#2093=VECTOR('',#7064,10.);
#2094=VECTOR('',#7067,10.);
#2095=VECTOR('',#7068,10.);
#2096=VECTOR('',#7071,10.);
#2097=VECTOR('',#7076,10.);
#2098=VECTOR('',#7077,10.);
#2099=VECTOR('',#7078,10.);
#2100=VECTOR('',#7081,10.);
#2101=VECTOR('',#7082,10.);
#2102=VECTOR('',#7085,10.);
#2103=VECTOR('',#7086,10.);
#2104=VECTOR('',#7089,10.);
#2105=VECTOR('',#7094,10.);
#2106=VECTOR('',#7095,10.);
#2107=VECTOR('',#7096,10.);
#2108=VECTOR('',#7099,10.);
#2109=VECTOR('',#7100,10.);
#2110=VECTOR('',#7103,10.);
#2111=VECTOR('',#7104,10.);
#2112=VECTOR('',#7107,10.);
#2113=CIRCLE('',#5235,0.300000000000011);
#2114=CIRCLE('',#5236,0.3);
#2115=CIRCLE('',#5238,0.3);
#2116=CIRCLE('',#5239,4.5);
#2117=CIRCLE('',#5240,4.2);
#2118=CIRCLE('',#5242,0.3);
#2119=CIRCLE('',#5244,0.3);
#2120=CIRCLE('',#5245,4.5);
#2121=CIRCLE('',#5246,4.2);
#2122=CIRCLE('',#5248,0.3);
#2123=CIRCLE('',#5250,0.3);
#2124=CIRCLE('',#5251,4.5);
#2125=CIRCLE('',#5252,4.2);
#2126=CIRCLE('',#5254,0.3);
#2127=CIRCLE('',#5256,4.5);
#2128=CIRCLE('',#5257,4.2);
#2129=CIRCLE('',#5259,4.49999999999999);
#2130=CIRCLE('',#5262,4.49999999999999);
#2131=CIRCLE('',#5264,8.);
#2132=CIRCLE('',#5267,3.5);
#2133=CIRCLE('',#5268,3.5);
#2134=CIRCLE('',#5269,3.50000000000001);
#2135=CIRCLE('',#5270,2.75);
#2136=CIRCLE('',#5271,3.49999999999999);
#2137=CIRCLE('',#5272,2.75);
#2138=CIRCLE('',#5274,3.5);
#2139=CIRCLE('',#5276,3.5);
#2140=CIRCLE('',#5277,3.49999999999998);
#2141=CIRCLE('',#5278,2.75);
#2142=CIRCLE('',#5279,4.50000000000001);
#2143=CIRCLE('',#5280,3.5);
#2144=CIRCLE('',#5281,4.5);
#2145=CIRCLE('',#5282,2.75);
#2146=CIRCLE('',#5286,2.75);
#2147=CIRCLE('',#5289,2.75);
#2148=CIRCLE('',#5292,2.75);
#2149=CIRCLE('',#5295,2.75);
#2150=CIRCLE('',#5298,1.59999999999999);
#2151=CIRCLE('',#5299,1.59999999999999);
#2152=CIRCLE('',#5300,1.6);
#2153=CIRCLE('',#5301,1.59999999999999);
#2154=CIRCLE('',#5302,1.75);
#2155=CIRCLE('',#5366,1.5);
#2156=CIRCLE('',#5368,1.5);
#2157=CIRCLE('',#5370,1.35);
#2158=CIRCLE('',#5372,1.35);
#2159=CIRCLE('',#5374,1.35);
#2160=CIRCLE('',#5376,1.35);
#2161=CIRCLE('',#5384,1.59999999999999);
#2162=CIRCLE('',#5385,1.6);
#2163=CIRCLE('',#5386,1.59999999999999);
#2164=CIRCLE('',#5387,1.59999999999999);
#2165=CIRCLE('',#5392,1.35);
#2166=CIRCLE('',#5393,1.35);
#2167=CIRCLE('',#5394,1.35);
#2168=CIRCLE('',#5395,1.35);
#2169=CIRCLE('',#5406,0.75);
#2170=CIRCLE('',#5407,7.25);
#2171=CIRCLE('',#5408,7.25);
#2172=CIRCLE('',#5410,7.25);
#2173=CIRCLE('',#5412,6.1);
#2174=CIRCLE('',#5414,6.1);
#2175=CIRCLE('',#5416,3.3);
#2176=CIRCLE('',#5417,1.35);
#2177=CIRCLE('',#5419,3.3);
#2178=CIRCLE('',#5422,3.3);
#2179=CIRCLE('',#5423,1.35);
#2180=CIRCLE('',#5425,3.3);
#2181=CIRCLE('',#5428,3.3);
#2182=CIRCLE('',#5429,1.35);
#2183=CIRCLE('',#5431,3.3);
#2184=CIRCLE('',#5434,3.3);
#2185=CIRCLE('',#5435,1.35);
#2186=CIRCLE('',#5437,3.3);
#2187=CIRCLE('',#5458,2.75);
#2188=CIRCLE('',#5459,2.75);
#2189=CIRCLE('',#5461,2.75);
#2190=CIRCLE('',#5462,2.75);
#2191=CIRCLE('',#5463,2.75);
#2192=CIRCLE('',#5466,2.75);
#2193=CIRCLE('',#5468,2.75);
#2194=CIRCLE('',#5471,2.75);
#2195=CIRCLE('',#5474,0.75);
#2196=CIRCLE('',#5475,0.75);
#2197=CIRCLE('',#5478,0.75);
#2198=CIRCLE('',#5479,0.75);
#2199=CIRCLE('',#5482,0.75);
#2200=CIRCLE('',#5483,0.75);
#2201=CIRCLE('',#5485,0.75);
#2202=CIRCLE('',#5486,1.15);
#2203=CIRCLE('',#5487,1.15);
#2204=CIRCLE('',#5488,1.15);
#2205=CIRCLE('',#5489,1.15);
#2206=CIRCLE('',#5491,0.75);
#2207=CIRCLE('',#5493,1.35);
#2208=CIRCLE('',#5494,1.35);
#2209=CIRCLE('',#5496,1.35);
#2210=CIRCLE('',#5497,1.35);
#2211=CIRCLE('',#5499,1.35);
#2212=CIRCLE('',#5500,1.35);
#2213=CIRCLE('',#5502,1.35);
#2214=CIRCLE('',#5503,1.35);
#2215=CIRCLE('',#5511,1.15);
#2216=CIRCLE('',#5513,1.15);
#2217=CIRCLE('',#5515,1.15);
#2218=CIRCLE('',#5517,1.15);
#2219=CIRCLE('',#5531,18.);
#2220=CIRCLE('',#5532,7.);
#2221=CIRCLE('',#5533,25.);
#2222=CIRCLE('',#5535,14.8686935486366);
#2223=CIRCLE('',#5537,1.15);
#2224=CIRCLE('',#5538,1.15);
#2225=CIRCLE('',#5541,1.15);
#2226=CIRCLE('',#5542,1.15);
#2227=CIRCLE('',#5545,1.15);
#2228=CIRCLE('',#5546,1.15);
#2229=CIRCLE('',#5549,1.15);
#2230=CIRCLE('',#5550,1.15);
#2231=CIRCLE('',#5557,8.);
#2232=CIRCLE('',#5559,8.);
#2233=CIRCLE('',#5560,8.);
#2234=CIRCLE('',#5568,3.);
#2235=CIRCLE('',#5569,3.);
#2236=CIRCLE('',#5571,3.);
#2237=CIRCLE('',#5572,0.5);
#2238=CIRCLE('',#5573,3.09807621135332);
#2239=CIRCLE('',#5575,3.);
#2240=CIRCLE('',#5576,3.09807621135332);
#2241=CIRCLE('',#5577,0.5);
#2242=CIRCLE('',#5579,3.);
#2243=CIRCLE('',#5581,3.);
#2244=CIRCLE('',#5583,3.);
#2245=CIRCLE('',#5584,0.5);
#2246=CIRCLE('',#5585,3.09807621135332);
#2247=CIRCLE('',#5587,2.99999999999999);
#2248=CIRCLE('',#5588,3.09807621135332);
#2249=CIRCLE('',#5589,0.5);
#2250=CIRCLE('',#5592,1.90192378864668);
#2251=CIRCLE('',#5593,1.90192378864668);
#2252=CIRCLE('',#5594,1.90192378864668);
#2253=CIRCLE('',#5595,1.90192378864668);
#2254=CIRCLE('',#5597,3.);
#2255=CIRCLE('',#5598,3.);
#2256=CIRCLE('',#5599,3.);
#2257=CIRCLE('',#5600,4.5);
#2258=CIRCLE('',#5601,3.);
#2259=CIRCLE('',#5602,4.5);
#2260=CIRCLE('',#5604,3.);
#2261=CIRCLE('',#5606,3.);
#2262=CIRCLE('',#5607,3.);
#2263=CIRCLE('',#5608,4.5);
#2264=CIRCLE('',#5609,2.99999999999999);
#2265=CIRCLE('',#5610,4.5);
#2266=VERTEX_POINT('',#7112);
#2267=VERTEX_POINT('',#7113);
#2268=VERTEX_POINT('',#7115);
#2269=VERTEX_POINT('',#7117);
#2270=VERTEX_POINT('',#7121);
#2271=VERTEX_POINT('',#7122);
#2272=VERTEX_POINT('',#7127);
#2273=VERTEX_POINT('',#7128);
#2274=VERTEX_POINT('',#7133);
#2275=VERTEX_POINT('',#7134);
#2276=VERTEX_POINT('',#7139);
#2277=VERTEX_POINT('',#7140);
#2278=VERTEX_POINT('',#7145);
#2279=VERTEX_POINT('',#7146);
#2280=VERTEX_POINT('',#7151);
#2281=VERTEX_POINT('',#7152);
#2282=VERTEX_POINT('',#7160);
#2283=VERTEX_POINT('',#7162);
#2284=VERTEX_POINT('',#7166);
#2285=VERTEX_POINT('',#7170);
#2286=VERTEX_POINT('',#7174);
#2287=VERTEX_POINT('',#7177);
#2288=VERTEX_POINT('',#7180);
#2289=VERTEX_POINT('',#7181);
#2290=VERTEX_POINT('',#7183);
#2291=VERTEX_POINT('',#7185);
#2292=VERTEX_POINT('',#7188);
#2293=VERTEX_POINT('',#7189);
#2294=VERTEX_POINT('',#7191);
#2295=VERTEX_POINT('',#7193);
#2296=VERTEX_POINT('',#7196);
#2297=VERTEX_POINT('',#7197);
#2298=VERTEX_POINT('',#7199);
#2299=VERTEX_POINT('',#7201);
#2300=VERTEX_POINT('',#7204);
#2301=VERTEX_POINT('',#7205);
#2302=VERTEX_POINT('',#7207);
#2303=VERTEX_POINT('',#7209);
#2304=VERTEX_POINT('',#7212);
#2305=VERTEX_POINT('',#7213);
#2306=VERTEX_POINT('',#7215);
#2307=VERTEX_POINT('',#7217);
#2308=VERTEX_POINT('',#7220);
#2309=VERTEX_POINT('',#7221);
#2310=VERTEX_POINT('',#7223);
#2311=VERTEX_POINT('',#7225);
#2312=VERTEX_POINT('',#7228);
#2313=VERTEX_POINT('',#7229);
#2314=VERTEX_POINT('',#7231);
#2315=VERTEX_POINT('',#7233);
#2316=VERTEX_POINT('',#7236);
#2317=VERTEX_POINT('',#7237);
#2318=VERTEX_POINT('',#7239);
#2319=VERTEX_POINT('',#7241);
#2320=VERTEX_POINT('',#7244);
#2321=VERTEX_POINT('',#7245);
#2322=VERTEX_POINT('',#7247);
#2323=VERTEX_POINT('',#7249);
#2324=VERTEX_POINT('',#7252);
#2325=VERTEX_POINT('',#7253);
#2326=VERTEX_POINT('',#7255);
#2327=VERTEX_POINT('',#7257);
#2328=VERTEX_POINT('',#7260);
#2329=VERTEX_POINT('',#7261);
#2330=VERTEX_POINT('',#7263);
#2331=VERTEX_POINT('',#7265);
#2332=VERTEX_POINT('',#7268);
#2333=VERTEX_POINT('',#7269);
#2334=VERTEX_POINT('',#7271);
#2335=VERTEX_POINT('',#7273);
#2336=VERTEX_POINT('',#7276);
#2337=VERTEX_POINT('',#7277);
#2338=VERTEX_POINT('',#7279);
#2339=VERTEX_POINT('',#7281);
#2340=VERTEX_POINT('',#7285);
#2341=VERTEX_POINT('',#7287);
#2342=VERTEX_POINT('',#7299);
#2343=VERTEX_POINT('',#7311);
#2344=VERTEX_POINT('',#7315);
#2345=VERTEX_POINT('',#7319);
#2346=VERTEX_POINT('',#7321);
#2347=VERTEX_POINT('',#7333);
#2348=VERTEX_POINT('',#7334);
#2349=VERTEX_POINT('',#7347);
#2350=VERTEX_POINT('',#7348);
#2351=VERTEX_POINT('',#7358);
#2352=VERTEX_POINT('',#7359);
#2353=VERTEX_POINT('',#7364);
#2354=VERTEX_POINT('',#7368);
#2355=VERTEX_POINT('',#7372);
#2356=VERTEX_POINT('',#7376);
#2357=VERTEX_POINT('',#7380);
#2358=VERTEX_POINT('',#7384);
#2359=VERTEX_POINT('',#7391);
#2360=VERTEX_POINT('',#7392);
#2361=VERTEX_POINT('',#7394);
#2362=VERTEX_POINT('',#7396);
#2363=VERTEX_POINT('',#7398);
#2364=VERTEX_POINT('',#7400);
#2365=VERTEX_POINT('',#7402);
#2366=VERTEX_POINT('',#7404);
#2367=VERTEX_POINT('',#7407);
#2368=VERTEX_POINT('',#7413);
#2369=VERTEX_POINT('',#7415);
#2370=VERTEX_POINT('',#7419);
#2371=VERTEX_POINT('',#7423);
#2372=VERTEX_POINT('',#7430);
#2373=VERTEX_POINT('',#7432);
#2374=VERTEX_POINT('',#7436);
#2375=VERTEX_POINT('',#7440);
#2376=VERTEX_POINT('',#7447);
#2377=VERTEX_POINT('',#7449);
#2378=VERTEX_POINT('',#7453);
#2379=VERTEX_POINT('',#7457);
#2380=VERTEX_POINT('',#7464);
#2381=VERTEX_POINT('',#7466);
#2382=VERTEX_POINT('',#7470);
#2383=VERTEX_POINT('',#7474);
#2384=VERTEX_POINT('',#7481);
#2385=VERTEX_POINT('',#7483);
#2386=VERTEX_POINT('',#7487);
#2387=VERTEX_POINT('',#7491);
#2388=VERTEX_POINT('',#7498);
#2389=VERTEX_POINT('',#7500);
#2390=VERTEX_POINT('',#7504);
#2391=VERTEX_POINT('',#7508);
#2392=VERTEX_POINT('',#7515);
#2393=VERTEX_POINT('',#7517);
#2394=VERTEX_POINT('',#7521);
#2395=VERTEX_POINT('',#7525);
#2396=VERTEX_POINT('',#7532);
#2397=VERTEX_POINT('',#7534);
#2398=VERTEX_POINT('',#7538);
#2399=VERTEX_POINT('',#7542);
#2400=VERTEX_POINT('',#7549);
#2401=VERTEX_POINT('',#7551);
#2402=VERTEX_POINT('',#7555);
#2403=VERTEX_POINT('',#7559);
#2404=VERTEX_POINT('',#7566);
#2405=VERTEX_POINT('',#7568);
#2406=VERTEX_POINT('',#7572);
#2407=VERTEX_POINT('',#7576);
#2408=VERTEX_POINT('',#7583);
#2409=VERTEX_POINT('',#7585);
#2410=VERTEX_POINT('',#7589);
#2411=VERTEX_POINT('',#7593);
#2412=VERTEX_POINT('',#7600);
#2413=VERTEX_POINT('',#7602);
#2414=VERTEX_POINT('',#7606);
#2415=VERTEX_POINT('',#7610);
#2416=VERTEX_POINT('',#7617);
#2417=VERTEX_POINT('',#7621);
#2418=VERTEX_POINT('',#7625);
#2419=VERTEX_POINT('',#7628);
#2420=VERTEX_POINT('',#7631);
#2421=VERTEX_POINT('',#7635);
#2422=VERTEX_POINT('',#7639);
#2423=VERTEX_POINT('',#7640);
#2424=VERTEX_POINT('',#7642);
#2425=VERTEX_POINT('',#7644);
#2426=VERTEX_POINT('',#7648);
#2427=VERTEX_POINT('',#7649);
#2428=VERTEX_POINT('',#7651);
#2429=VERTEX_POINT('',#7653);
#2430=VERTEX_POINT('',#7655);
#2431=VERTEX_POINT('',#7657);
#2432=VERTEX_POINT('',#7659);
#2433=VERTEX_POINT('',#7661);
#2434=VERTEX_POINT('',#7665);
#2435=VERTEX_POINT('',#7667);
#2436=VERTEX_POINT('',#7669);
#2437=VERTEX_POINT('',#7671);
#2438=VERTEX_POINT('',#7673);
#2439=VERTEX_POINT('',#7675);
#2440=VERTEX_POINT('',#7679);
#2441=VERTEX_POINT('',#7681);
#2442=VERTEX_POINT('',#7685);
#2443=VERTEX_POINT('',#7687);
#2444=VERTEX_POINT('',#7693);
#2445=VERTEX_POINT('',#7695);
#2446=VERTEX_POINT('',#7697);
#2447=VERTEX_POINT('',#7699);
#2448=VERTEX_POINT('',#7701);
#2449=VERTEX_POINT('',#7703);
#2450=VERTEX_POINT('',#7705);
#2451=VERTEX_POINT('',#7707);
#2452=VERTEX_POINT('',#7710);
#2453=VERTEX_POINT('',#7711);
#2454=VERTEX_POINT('',#7713);
#2455=VERTEX_POINT('',#7715);
#2456=VERTEX_POINT('',#7717);
#2457=VERTEX_POINT('',#7719);
#2458=VERTEX_POINT('',#7721);
#2459=VERTEX_POINT('',#7723);
#2460=VERTEX_POINT('',#7734);
#2461=VERTEX_POINT('',#7736);
#2462=VERTEX_POINT('',#7739);
#2463=VERTEX_POINT('',#7742);
#2464=VERTEX_POINT('',#7744);
#2465=VERTEX_POINT('',#7746);
#2466=VERTEX_POINT('',#7748);
#2467=VERTEX_POINT('',#7768);
#2468=VERTEX_POINT('',#7770);
#2469=VERTEX_POINT('',#7774);
#2470=VERTEX_POINT('',#7778);
#2471=VERTEX_POINT('',#7781);
#2472=VERTEX_POINT('',#7785);
#2473=VERTEX_POINT('',#7787);
#2474=VERTEX_POINT('',#7790);
#2475=VERTEX_POINT('',#7796);
#2476=VERTEX_POINT('',#7798);
#2477=VERTEX_POINT('',#7801);
#2478=VERTEX_POINT('',#7807);
#2479=VERTEX_POINT('',#7809);
#2480=VERTEX_POINT('',#7812);
#2481=VERTEX_POINT('',#7818);
#2482=VERTEX_POINT('',#7820);
#2483=VERTEX_POINT('',#7823);
#2484=VERTEX_POINT('',#7829);
#2485=VERTEX_POINT('',#7831);
#2486=VERTEX_POINT('',#7839);
#2487=VERTEX_POINT('',#7840);
#2488=VERTEX_POINT('',#7846);
#2489=VERTEX_POINT('',#7848);
#2490=VERTEX_POINT('',#7850);
#2491=VERTEX_POINT('',#7852);
#2492=VERTEX_POINT('',#7854);
#2493=VERTEX_POINT('',#7858);
#2494=VERTEX_POINT('',#7859);
#2495=VERTEX_POINT('',#7862);
#2496=VERTEX_POINT('',#7864);
#2497=VERTEX_POINT('',#7866);
#2498=VERTEX_POINT('',#7872);
#2499=VERTEX_POINT('',#7874);
#2500=VERTEX_POINT('',#7878);
#2501=VERTEX_POINT('',#7880);
#2502=VERTEX_POINT('',#7893);
#2503=VERTEX_POINT('',#7902);
#2504=VERTEX_POINT('',#7903);
#2505=VERTEX_POINT('',#7905);
#2506=VERTEX_POINT('',#7907);
#2507=VERTEX_POINT('',#7911);
#2508=VERTEX_POINT('',#7913);
#2509=VERTEX_POINT('',#7915);
#2510=VERTEX_POINT('',#7917);
#2511=VERTEX_POINT('',#7919);
#2512=VERTEX_POINT('',#7921);
#2513=VERTEX_POINT('',#7924);
#2514=VERTEX_POINT('',#7925);
#2515=VERTEX_POINT('',#7927);
#2516=VERTEX_POINT('',#7929);
#2517=VERTEX_POINT('',#7933);
#2518=VERTEX_POINT('',#7937);
#2519=VERTEX_POINT('',#7941);
#2520=VERTEX_POINT('',#7943);
#2521=VERTEX_POINT('',#7947);
#2522=VERTEX_POINT('',#7951);
#2523=VERTEX_POINT('',#7957);
#2524=VERTEX_POINT('',#7958);
#2525=VERTEX_POINT('',#7960);
#2526=VERTEX_POINT('',#7962);
#2527=VERTEX_POINT('',#7966);
#2528=VERTEX_POINT('',#7968);
#2529=VERTEX_POINT('',#7972);
#2530=VERTEX_POINT('',#7973);
#2531=VERTEX_POINT('',#7975);
#2532=VERTEX_POINT('',#7977);
#2533=VERTEX_POINT('',#7981);
#2534=VERTEX_POINT('',#7983);
#2535=VERTEX_POINT('',#7987);
#2536=VERTEX_POINT('',#7989);
#2537=VERTEX_POINT('',#7994);
#2538=VERTEX_POINT('',#7997);
#2539=VERTEX_POINT('',#7998);
#2540=VERTEX_POINT('',#8000);
#2541=VERTEX_POINT('',#8002);
#2542=VERTEX_POINT('',#8005);
#2543=VERTEX_POINT('',#8007);
#2544=VERTEX_POINT('',#8009);
#2545=VERTEX_POINT('',#8011);
#2546=VERTEX_POINT('',#8014);
#2547=VERTEX_POINT('',#8018);
#2548=VERTEX_POINT('',#8020);
#2549=VERTEX_POINT('',#8024);
#2550=VERTEX_POINT('',#8026);
#2551=VERTEX_POINT('',#8030);
#2552=VERTEX_POINT('',#8032);
#2553=VERTEX_POINT('',#8036);
#2554=VERTEX_POINT('',#8038);
#2555=VERTEX_POINT('',#8046);
#2556=VERTEX_POINT('',#8048);
#2557=VERTEX_POINT('',#8052);
#2558=VERTEX_POINT('',#8056);
#2559=VERTEX_POINT('',#8062);
#2560=VERTEX_POINT('',#8066);
#2561=VERTEX_POINT('',#8070);
#2562=VERTEX_POINT('',#8074);
#2563=VERTEX_POINT('',#8078);
#2564=VERTEX_POINT('',#8079);
#2565=VERTEX_POINT('',#8081);
#2566=VERTEX_POINT('',#8083);
#2567=VERTEX_POINT('',#8087);
#2568=VERTEX_POINT('',#8089);
#2569=VERTEX_POINT('',#8093);
#2570=VERTEX_POINT('',#8095);
#2571=VERTEX_POINT('',#8102);
#2572=VERTEX_POINT('',#8104);
#2573=VERTEX_POINT('',#8108);
#2574=VERTEX_POINT('',#8112);
#2575=VERTEX_POINT('',#8123);
#2576=VERTEX_POINT('',#8125);
#2577=VERTEX_POINT('',#8129);
#2578=VERTEX_POINT('',#8132);
#2579=VERTEX_POINT('',#8134);
#2580=VERTEX_POINT('',#8139);
#2581=VERTEX_POINT('',#8141);
#2582=VERTEX_POINT('',#8146);
#2583=VERTEX_POINT('',#8148);
#2584=VERTEX_POINT('',#8153);
#2585=VERTEX_POINT('',#8155);
#2586=VERTEX_POINT('',#8160);
#2587=VERTEX_POINT('',#8161);
#2588=VERTEX_POINT('',#8163);
#2589=VERTEX_POINT('',#8165);
#2590=VERTEX_POINT('',#8169);
#2591=VERTEX_POINT('',#8171);
#2592=VERTEX_POINT('',#8175);
#2593=VERTEX_POINT('',#8177);
#2594=VERTEX_POINT('',#8184);
#2595=VERTEX_POINT('',#8187);
#2596=VERTEX_POINT('',#8188);
#2597=VERTEX_POINT('',#8190);
#2598=VERTEX_POINT('',#8192);
#2599=VERTEX_POINT('',#8196);
#2600=VERTEX_POINT('',#8197);
#2601=VERTEX_POINT('',#8199);
#2602=VERTEX_POINT('',#8201);
#2603=VERTEX_POINT('',#8215);
#2604=VERTEX_POINT('',#8216);
#2605=VERTEX_POINT('',#8218);
#2606=VERTEX_POINT('',#8220);
#2607=VERTEX_POINT('',#8224);
#2608=VERTEX_POINT('',#8225);
#2609=VERTEX_POINT('',#8230);
#2610=VERTEX_POINT('',#8231);
#2611=VERTEX_POINT('',#8236);
#2612=VERTEX_POINT('',#8237);
#2613=VERTEX_POINT('',#8242);
#2614=VERTEX_POINT('',#8243);
#2615=VERTEX_POINT('',#8248);
#2616=VERTEX_POINT('',#8249);
#2617=VERTEX_POINT('',#8254);
#2618=VERTEX_POINT('',#8255);
#2619=VERTEX_POINT('',#8263);
#2620=VERTEX_POINT('',#8264);
#2621=VERTEX_POINT('',#8266);
#2622=VERTEX_POINT('',#8268);
#2623=VERTEX_POINT('',#8270);
#2624=VERTEX_POINT('',#8272);
#2625=VERTEX_POINT('',#8274);
#2626=VERTEX_POINT('',#8276);
#2627=VERTEX_POINT('',#8280);
#2628=VERTEX_POINT('',#8282);
#2629=VERTEX_POINT('',#8294);
#2630=VERTEX_POINT('',#8306);
#2631=VERTEX_POINT('',#8310);
#2632=VERTEX_POINT('',#8314);
#2633=VERTEX_POINT('',#8326);
#2634=VERTEX_POINT('',#8338);
#2635=VERTEX_POINT('',#8344);
#2636=VERTEX_POINT('',#8345);
#2637=VERTEX_POINT('',#8347);
#2638=VERTEX_POINT('',#8349);
#2639=VERTEX_POINT('',#8352);
#2640=VERTEX_POINT('',#8353);
#2641=VERTEX_POINT('',#8355);
#2642=VERTEX_POINT('',#8357);
#2643=VERTEX_POINT('',#8360);
#2644=VERTEX_POINT('',#8361);
#2645=VERTEX_POINT('',#8363);
#2646=VERTEX_POINT('',#8365);
#2647=VERTEX_POINT('',#8368);
#2648=VERTEX_POINT('',#8369);
#2649=VERTEX_POINT('',#8371);
#2650=VERTEX_POINT('',#8373);
#2651=VERTEX_POINT('',#8376);
#2652=VERTEX_POINT('',#8377);
#2653=VERTEX_POINT('',#8379);
#2654=VERTEX_POINT('',#8381);
#2655=VERTEX_POINT('',#8384);
#2656=VERTEX_POINT('',#8385);
#2657=VERTEX_POINT('',#8387);
#2658=VERTEX_POINT('',#8389);
#2659=VERTEX_POINT('',#8392);
#2660=VERTEX_POINT('',#8393);
#2661=VERTEX_POINT('',#8395);
#2662=VERTEX_POINT('',#8397);
#2663=VERTEX_POINT('',#8400);
#2664=VERTEX_POINT('',#8401);
#2665=VERTEX_POINT('',#8403);
#2666=VERTEX_POINT('',#8405);
#2667=VERTEX_POINT('',#8408);
#2668=VERTEX_POINT('',#8409);
#2669=VERTEX_POINT('',#8411);
#2670=VERTEX_POINT('',#8413);
#2671=VERTEX_POINT('',#8416);
#2672=VERTEX_POINT('',#8417);
#2673=VERTEX_POINT('',#8419);
#2674=VERTEX_POINT('',#8421);
#2675=VERTEX_POINT('',#8424);
#2676=VERTEX_POINT('',#8425);
#2677=VERTEX_POINT('',#8427);
#2678=VERTEX_POINT('',#8429);
#2679=VERTEX_POINT('',#8432);
#2680=VERTEX_POINT('',#8433);
#2681=VERTEX_POINT('',#8435);
#2682=VERTEX_POINT('',#8437);
#2683=VERTEX_POINT('',#8441);
#2684=VERTEX_POINT('',#8443);
#2685=VERTEX_POINT('',#8447);
#2686=VERTEX_POINT('',#8451);
#2687=VERTEX_POINT('',#8458);
#2688=VERTEX_POINT('',#8460);
#2689=VERTEX_POINT('',#8464);
#2690=VERTEX_POINT('',#8468);
#2691=VERTEX_POINT('',#8475);
#2692=VERTEX_POINT('',#8477);
#2693=VERTEX_POINT('',#8481);
#2694=VERTEX_POINT('',#8485);
#2695=VERTEX_POINT('',#8492);
#2696=VERTEX_POINT('',#8494);
#2697=VERTEX_POINT('',#8498);
#2698=VERTEX_POINT('',#8502);
#2699=VERTEX_POINT('',#8509);
#2700=VERTEX_POINT('',#8511);
#2701=VERTEX_POINT('',#8515);
#2702=VERTEX_POINT('',#8519);
#2703=VERTEX_POINT('',#8526);
#2704=VERTEX_POINT('',#8528);
#2705=VERTEX_POINT('',#8532);
#2706=VERTEX_POINT('',#8536);
#2707=VERTEX_POINT('',#8543);
#2708=VERTEX_POINT('',#8545);
#2709=VERTEX_POINT('',#8549);
#2710=VERTEX_POINT('',#8553);
#2711=VERTEX_POINT('',#8560);
#2712=VERTEX_POINT('',#8562);
#2713=VERTEX_POINT('',#8566);
#2714=VERTEX_POINT('',#8570);
#2715=VERTEX_POINT('',#8577);
#2716=VERTEX_POINT('',#8579);
#2717=VERTEX_POINT('',#8583);
#2718=VERTEX_POINT('',#8587);
#2719=VERTEX_POINT('',#8594);
#2720=VERTEX_POINT('',#8596);
#2721=VERTEX_POINT('',#8600);
#2722=VERTEX_POINT('',#8604);
#2723=VERTEX_POINT('',#8611);
#2724=VERTEX_POINT('',#8613);
#2725=VERTEX_POINT('',#8617);
#2726=VERTEX_POINT('',#8621);
#2727=VERTEX_POINT('',#8628);
#2728=VERTEX_POINT('',#8630);
#2729=VERTEX_POINT('',#8634);
#2730=VERTEX_POINT('',#8638);
#2731=EDGE_CURVE('',#2266,#2267,#2113,.T.);
#2732=EDGE_CURVE('',#2267,#2268,#999,.T.);
#2733=EDGE_CURVE('',#2268,#2269,#2114,.T.);
#2734=EDGE_CURVE('',#2269,#2266,#1000,.T.);
#2735=EDGE_CURVE('',#2270,#2271,#2115,.T.);
#2736=EDGE_CURVE('',#2271,#2269,#2116,.T.);
#2737=EDGE_CURVE('',#2268,#2270,#2117,.T.);
#2738=EDGE_CURVE('',#2272,#2273,#2118,.T.);
#2739=EDGE_CURVE('',#2273,#2271,#1001,.T.);
#2740=EDGE_CURVE('',#2270,#2272,#1002,.T.);
#2741=EDGE_CURVE('',#2274,#2275,#2119,.T.);
#2742=EDGE_CURVE('',#2275,#2273,#2120,.T.);
#2743=EDGE_CURVE('',#2272,#2274,#2121,.T.);
#2744=EDGE_CURVE('',#2276,#2277,#2122,.T.);
#2745=EDGE_CURVE('',#2277,#2275,#1003,.T.);
#2746=EDGE_CURVE('',#2274,#2276,#1004,.T.);
#2747=EDGE_CURVE('',#2278,#2279,#2123,.T.);
#2748=EDGE_CURVE('',#2279,#2277,#2124,.T.);
#2749=EDGE_CURVE('',#2276,#2278,#2125,.T.);
#2750=EDGE_CURVE('',#2280,#2281,#2126,.T.);
#2751=EDGE_CURVE('',#2281,#2279,#1005,.T.);
#2752=EDGE_CURVE('',#2278,#2280,#1006,.T.);
#2753=EDGE_CURVE('',#2266,#2281,#2127,.T.);
#2754=EDGE_CURVE('',#2280,#2267,#2128,.T.);
#2755=EDGE_CURVE('',#2279,#2282,#1007,.T.);
#2756=EDGE_CURVE('',#2283,#2282,#2129,.T.);
#2757=EDGE_CURVE('',#2283,#2277,#1008,.T.);
#2758=EDGE_CURVE('',#2284,#2281,#1009,.T.);
#2759=EDGE_CURVE('',#2282,#2284,#1010,.T.);
#2760=EDGE_CURVE('',#2266,#2285,#1011,.T.);
#2761=EDGE_CURVE('',#2284,#2285,#2130,.T.);
#2762=EDGE_CURVE('',#2286,#2269,#1012,.T.);
#2763=EDGE_CURVE('',#2285,#2286,#1013,.T.);
#2764=EDGE_CURVE('',#2287,#2287,#2131,.T.);
#2765=EDGE_CURVE('',#2288,#2289,#1014,.F.);
#2766=EDGE_CURVE('',#2290,#2288,#1015,.F.);
#2767=EDGE_CURVE('',#2291,#2290,#1016,.F.);
#2768=EDGE_CURVE('',#2289,#2291,#1017,.F.);
#2769=EDGE_CURVE('',#2292,#2293,#1018,.F.);
#2770=EDGE_CURVE('',#2293,#2294,#1019,.F.);
#2771=EDGE_CURVE('',#2294,#2295,#1020,.F.);
#2772=EDGE_CURVE('',#2295,#2292,#1021,.F.);
#2773=EDGE_CURVE('',#2296,#2297,#1022,.F.);
#2774=EDGE_CURVE('',#2297,#2298,#1023,.F.);
#2775=EDGE_CURVE('',#2298,#2299,#1024,.F.);
#2776=EDGE_CURVE('',#2299,#2296,#1025,.F.);
#2777=EDGE_CURVE('',#2300,#2301,#1026,.F.);
#2778=EDGE_CURVE('',#2301,#2302,#1027,.F.);
#2779=EDGE_CURVE('',#2302,#2303,#1028,.F.);
#2780=EDGE_CURVE('',#2303,#2300,#1029,.F.);
#2781=EDGE_CURVE('',#2304,#2305,#1030,.F.);
#2782=EDGE_CURVE('',#2305,#2306,#1031,.F.);
#2783=EDGE_CURVE('',#2306,#2307,#1032,.F.);
#2784=EDGE_CURVE('',#2307,#2304,#1033,.F.);
#2785=EDGE_CURVE('',#2308,#2309,#1034,.F.);
#2786=EDGE_CURVE('',#2309,#2310,#1035,.F.);
#2787=EDGE_CURVE('',#2310,#2311,#1036,.F.);
#2788=EDGE_CURVE('',#2311,#2308,#1037,.F.);
#2789=EDGE_CURVE('',#2312,#2313,#1038,.F.);
#2790=EDGE_CURVE('',#2313,#2314,#1039,.F.);
#2791=EDGE_CURVE('',#2314,#2315,#1040,.F.);
#2792=EDGE_CURVE('',#2315,#2312,#1041,.F.);
#2793=EDGE_CURVE('',#2316,#2317,#1042,.F.);
#2794=EDGE_CURVE('',#2317,#2318,#1043,.F.);
#2795=EDGE_CURVE('',#2318,#2319,#1044,.F.);
#2796=EDGE_CURVE('',#2319,#2316,#1045,.F.);
#2797=EDGE_CURVE('',#2320,#2321,#1046,.F.);
#2798=EDGE_CURVE('',#2321,#2322,#1047,.F.);
#2799=EDGE_CURVE('',#2322,#2323,#1048,.F.);
#2800=EDGE_CURVE('',#2323,#2320,#1049,.F.);
#2801=EDGE_CURVE('',#2324,#2325,#1050,.F.);
#2802=EDGE_CURVE('',#2325,#2326,#1051,.F.);
#2803=EDGE_CURVE('',#2326,#2327,#1052,.F.);
#2804=EDGE_CURVE('',#2327,#2324,#1053,.F.);
#2805=EDGE_CURVE('',#2328,#2329,#1054,.F.);
#2806=EDGE_CURVE('',#2329,#2330,#1055,.F.);
#2807=EDGE_CURVE('',#2330,#2331,#1056,.F.);
#2808=EDGE_CURVE('',#2331,#2328,#1057,.F.);
#2809=EDGE_CURVE('',#2332,#2333,#1058,.F.);
#2810=EDGE_CURVE('',#2333,#2334,#1059,.F.);
#2811=EDGE_CURVE('',#2334,#2335,#1060,.F.);
#2812=EDGE_CURVE('',#2335,#2332,#1061,.F.);
#2813=EDGE_CURVE('',#2336,#2337,#1062,.F.);
#2814=EDGE_CURVE('',#2337,#2338,#1063,.F.);
#2815=EDGE_CURVE('',#2338,#2339,#1064,.F.);
#2816=EDGE_CURVE('',#2339,#2336,#1065,.F.);
#2817=EDGE_CURVE('',#2284,#2340,#2132,.T.);
#2818=EDGE_CURVE('',#2340,#2341,#1066,.T.);
#2819=EDGE_CURVE('',#2341,#2282,#2133,.T.);
#2820=EDGE_CURVE('',#2285,#2342,#2134,.T.);
#2821=EDGE_CURVE('',#2340,#2342,#2135,.T.);
#2822=EDGE_CURVE('',#2343,#2283,#2136,.T.);
#2823=EDGE_CURVE('',#2343,#2341,#2137,.T.);
#2824=EDGE_CURVE('',#2286,#2344,#2138,.T.);
#2825=EDGE_CURVE('',#2344,#2342,#1067,.T.);
#2826=EDGE_CURVE('',#2343,#2345,#1068,.T.);
#2827=EDGE_CURVE('',#2345,#2346,#2139,.T.);
#2828=EDGE_CURVE('',#2346,#2283,#1069,.T.);
#2829=EDGE_CURVE('',#2347,#2348,#2140,.T.);
#2830=EDGE_CURVE('',#2344,#2348,#2141,.T.);
#2831=EDGE_CURVE('',#2286,#2347,#2142,.T.);
#2832=EDGE_CURVE('',#2349,#2350,#2143,.T.);
#2833=EDGE_CURVE('',#2350,#2346,#2144,.T.);
#2834=EDGE_CURVE('',#2349,#2345,#2145,.T.);
#2835=EDGE_CURVE('',#2347,#2350,#1070,.T.);
#2836=EDGE_CURVE('',#2349,#2348,#1071,.T.);
#2837=EDGE_CURVE('',#2271,#2347,#1072,.T.);
#2838=EDGE_CURVE('',#2351,#2352,#2146,.T.);
#2839=EDGE_CURVE('',#2351,#2349,#1073,.T.);
#2840=EDGE_CURVE('',#2345,#2352,#1074,.T.);
#2841=EDGE_CURVE('',#2353,#2343,#1075,.T.);
#2842=EDGE_CURVE('',#2353,#2352,#1076,.T.);
#2843=EDGE_CURVE('',#2353,#2354,#2147,.T.);
#2844=EDGE_CURVE('',#2341,#2354,#1077,.T.);
#2845=EDGE_CURVE('',#2355,#2340,#1078,.T.);
#2846=EDGE_CURVE('',#2355,#2354,#1079,.T.);
#2847=EDGE_CURVE('',#2355,#2356,#2148,.T.);
#2848=EDGE_CURVE('',#2342,#2356,#1080,.T.);
#2849=EDGE_CURVE('',#2357,#2344,#1081,.T.);
#2850=EDGE_CURVE('',#2357,#2356,#1082,.T.);
#2851=EDGE_CURVE('',#2357,#2358,#2149,.T.);
#2852=EDGE_CURVE('',#2348,#2358,#1083,.T.);
#2853=EDGE_CURVE('',#2351,#2358,#1084,.T.);
#2854=EDGE_CURVE('',#2350,#2273,#1085,.T.);
#2855=EDGE_CURVE('',#2359,#2360,#1086,.T.);
#2856=EDGE_CURVE('',#2360,#2361,#2150,.T.);
#2857=EDGE_CURVE('',#2361,#2362,#1087,.T.);
#2858=EDGE_CURVE('',#2362,#2363,#2151,.T.);
#2859=EDGE_CURVE('',#2363,#2364,#1088,.T.);
#2860=EDGE_CURVE('',#2364,#2365,#2152,.T.);
#2861=EDGE_CURVE('',#2365,#2366,#1089,.T.);
#2862=EDGE_CURVE('',#2366,#2359,#2153,.T.);
#2863=EDGE_CURVE('',#2367,#2367,#2154,.T.);
#2864=EDGE_CURVE('',#2275,#2346,#1090,.T.);
#2865=EDGE_CURVE('',#2336,#2368,#1091,.F.);
#2866=EDGE_CURVE('',#2368,#2369,#1092,.T.);
#2867=EDGE_CURVE('',#2337,#2369,#1093,.F.);
#2868=EDGE_CURVE('',#2339,#2370,#1094,.T.);
#2869=EDGE_CURVE('',#2370,#2368,#1095,.T.);
#2870=EDGE_CURVE('',#2338,#2371,#1096,.T.);
#2871=EDGE_CURVE('',#2371,#2370,#1097,.T.);
#2872=EDGE_CURVE('',#2369,#2371,#1098,.T.);
#2873=EDGE_CURVE('',#2332,#2372,#1099,.F.);
#2874=EDGE_CURVE('',#2372,#2373,#1100,.F.);
#2875=EDGE_CURVE('',#2333,#2373,#1101,.T.);
#2876=EDGE_CURVE('',#2335,#2374,#1102,.F.);
#2877=EDGE_CURVE('',#2374,#2372,#1103,.F.);
#2878=EDGE_CURVE('',#2334,#2375,#1104,.F.);
#2879=EDGE_CURVE('',#2375,#2374,#1105,.T.);
#2880=EDGE_CURVE('',#2373,#2375,#1106,.T.);
#2881=EDGE_CURVE('',#2328,#2376,#1107,.F.);
#2882=EDGE_CURVE('',#2376,#2377,#1108,.T.);
#2883=EDGE_CURVE('',#2329,#2377,#1109,.F.);
#2884=EDGE_CURVE('',#2331,#2378,#1110,.T.);
#2885=EDGE_CURVE('',#2378,#2376,#1111,.T.);
#2886=EDGE_CURVE('',#2330,#2379,#1112,.F.);
#2887=EDGE_CURVE('',#2379,#2378,#1113,.F.);
#2888=EDGE_CURVE('',#2377,#2379,#1114,.F.);
#2889=EDGE_CURVE('',#2324,#2380,#1115,.F.);
#2890=EDGE_CURVE('',#2380,#2381,#1116,.T.);
#2891=EDGE_CURVE('',#2325,#2381,#1117,.F.);
#2892=EDGE_CURVE('',#2327,#2382,#1118,.T.);
#2893=EDGE_CURVE('',#2382,#2380,#1119,.T.);
#2894=EDGE_CURVE('',#2326,#2383,#1120,.F.);
#2895=EDGE_CURVE('',#2383,#2382,#1121,.F.);
#2896=EDGE_CURVE('',#2381,#2383,#1122,.F.);
#2897=EDGE_CURVE('',#2320,#2384,#1123,.F.);
#2898=EDGE_CURVE('',#2384,#2385,#1124,.T.);
#2899=EDGE_CURVE('',#2321,#2385,#1125,.F.);
#2900=EDGE_CURVE('',#2323,#2386,#1126,.T.);
#2901=EDGE_CURVE('',#2386,#2384,#1127,.T.);
#2902=EDGE_CURVE('',#2322,#2387,#1128,.F.);
#2903=EDGE_CURVE('',#2387,#2386,#1129,.F.);
#2904=EDGE_CURVE('',#2385,#2387,#1130,.F.);
#2905=EDGE_CURVE('',#2316,#2388,#1131,.F.);
#2906=EDGE_CURVE('',#2388,#2389,#1132,.F.);
#2907=EDGE_CURVE('',#2317,#2389,#1133,.F.);
#2908=EDGE_CURVE('',#2319,#2390,#1134,.T.);
#2909=EDGE_CURVE('',#2390,#2388,#1135,.F.);
#2910=EDGE_CURVE('',#2318,#2391,#1136,.T.);
#2911=EDGE_CURVE('',#2391,#2390,#1137,.F.);
#2912=EDGE_CURVE('',#2389,#2391,#1138,.F.);
#2913=EDGE_CURVE('',#2312,#2392,#1139,.F.);
#2914=EDGE_CURVE('',#2392,#2393,#1140,.T.);
#2915=EDGE_CURVE('',#2313,#2393,#1141,.F.);
#2916=EDGE_CURVE('',#2315,#2394,#1142,.T.);
#2917=EDGE_CURVE('',#2394,#2392,#1143,.T.);
#2918=EDGE_CURVE('',#2314,#2395,#1144,.F.);
#2919=EDGE_CURVE('',#2395,#2394,#1145,.F.);
#2920=EDGE_CURVE('',#2393,#2395,#1146,.F.);
#2921=EDGE_CURVE('',#2308,#2396,#1147,.T.);
#2922=EDGE_CURVE('',#2396,#2397,#1148,.F.);
#2923=EDGE_CURVE('',#2309,#2397,#1149,.T.);
#2924=EDGE_CURVE('',#2311,#2398,#1150,.F.);
#2925=EDGE_CURVE('',#2398,#2396,#1151,.F.);
#2926=EDGE_CURVE('',#2310,#2399,#1152,.F.);
#2927=EDGE_CURVE('',#2399,#2398,#1153,.T.);
#2928=EDGE_CURVE('',#2397,#2399,#1154,.T.);
#2929=EDGE_CURVE('',#2304,#2400,#1155,.F.);
#2930=EDGE_CURVE('',#2400,#2401,#1156,.F.);
#2931=EDGE_CURVE('',#2305,#2401,#1157,.T.);
#2932=EDGE_CURVE('',#2307,#2402,#1158,.F.);
#2933=EDGE_CURVE('',#2402,#2400,#1159,.T.);
#2934=EDGE_CURVE('',#2306,#2403,#1160,.T.);
#2935=EDGE_CURVE('',#2403,#2402,#1161,.T.);
#2936=EDGE_CURVE('',#2401,#2403,#1162,.T.);
#2937=EDGE_CURVE('',#2300,#2404,#1163,.T.);
#2938=EDGE_CURVE('',#2404,#2405,#1164,.F.);
#2939=EDGE_CURVE('',#2301,#2405,#1165,.T.);
#2940=EDGE_CURVE('',#2303,#2406,#1166,.F.);
#2941=EDGE_CURVE('',#2406,#2404,#1167,.F.);
#2942=EDGE_CURVE('',#2302,#2407,#1168,.F.);
#2943=EDGE_CURVE('',#2407,#2406,#1169,.T.);
#2944=EDGE_CURVE('',#2405,#2407,#1170,.T.);
#2945=EDGE_CURVE('',#2296,#2408,#1171,.F.);
#2946=EDGE_CURVE('',#2408,#2409,#1172,.F.);
#2947=EDGE_CURVE('',#2297,#2409,#1173,.F.);
#2948=EDGE_CURVE('',#2299,#2410,#1174,.F.);
#2949=EDGE_CURVE('',#2410,#2408,#1175,.T.);
#2950=EDGE_CURVE('',#2298,#2411,#1176,.T.);
#2951=EDGE_CURVE('',#2411,#2410,#1177,.T.);
#2952=EDGE_CURVE('',#2409,#2411,#1178,.F.);
#2953=EDGE_CURVE('',#2292,#2412,#1179,.T.);
#2954=EDGE_CURVE('',#2412,#2413,#1180,.F.);
#2955=EDGE_CURVE('',#2293,#2413,#1181,.F.);
#2956=EDGE_CURVE('',#2295,#2414,#1182,.T.);
#2957=EDGE_CURVE('',#2414,#2412,#1183,.F.);
#2958=EDGE_CURVE('',#2294,#2415,#1184,.F.);
#2959=EDGE_CURVE('',#2415,#2414,#1185,.F.);
#2960=EDGE_CURVE('',#2413,#2415,#1186,.F.);
#2961=EDGE_CURVE('',#2367,#2416,#1187,.T.);
#2962=EDGE_CURVE('',#2416,#2416,#2155,.T.);
#2963=EDGE_CURVE('',#2416,#2417,#1188,.T.);
#2964=EDGE_CURVE('',#2417,#2417,#2156,.T.);
#2965=EDGE_CURVE('',#2418,#2418,#2157,.T.);
#2966=EDGE_CURVE('',#2419,#2419,#2158,.T.);
#2967=EDGE_CURVE('',#2419,#2420,#1189,.T.);
#2968=EDGE_CURVE('',#2420,#2420,#2159,.T.);
#2969=EDGE_CURVE('',#2418,#2421,#1190,.T.);
#2970=EDGE_CURVE('',#2421,#2421,#2160,.T.);
#2971=EDGE_CURVE('',#2422,#2423,#1191,.T.);
#2972=EDGE_CURVE('',#2424,#2423,#1192,.T.);
#2973=EDGE_CURVE('',#2424,#2425,#1193,.T.);
#2974=EDGE_CURVE('',#2422,#2425,#1194,.T.);
#2975=EDGE_CURVE('',#2426,#2427,#1195,.T.);
#2976=EDGE_CURVE('',#2427,#2428,#1196,.T.);
#2977=EDGE_CURVE('',#2428,#2429,#1197,.T.);
#2978=EDGE_CURVE('',#2429,#2430,#1198,.F.);
#2979=EDGE_CURVE('',#2430,#2431,#1199,.T.);
#2980=EDGE_CURVE('',#2431,#2432,#1200,.F.);
#2981=EDGE_CURVE('',#2432,#2433,#1201,.T.);
#2982=EDGE_CURVE('',#2433,#2426,#1202,.T.);
#2983=EDGE_CURVE('',#2425,#2434,#1203,.T.);
#2984=EDGE_CURVE('',#2434,#2435,#1204,.T.);
#2985=EDGE_CURVE('',#2435,#2436,#1205,.T.);
#2986=EDGE_CURVE('',#2436,#2437,#1206,.T.);
#2987=EDGE_CURVE('',#2437,#2438,#1207,.T.);
#2988=EDGE_CURVE('',#2438,#2439,#1208,.T.);
#2989=EDGE_CURVE('',#2422,#2439,#1209,.T.);
#2990=EDGE_CURVE('',#2440,#2431,#1210,.T.);
#2991=EDGE_CURVE('',#2441,#2440,#1211,.T.);
#2992=EDGE_CURVE('',#2441,#2432,#1212,.T.);
#2993=EDGE_CURVE('',#2426,#2442,#1213,.T.);
#2994=EDGE_CURVE('',#2443,#2433,#1214,.T.);
#2995=EDGE_CURVE('',#2442,#2443,#1215,.T.);
#2996=EDGE_CURVE('',#2443,#2441,#1216,.T.);
#2997=EDGE_CURVE('',#2440,#2444,#1217,.T.);
#2998=EDGE_CURVE('',#2444,#2445,#1218,.T.);
#2999=EDGE_CURVE('',#2445,#2446,#1219,.T.);
#3000=EDGE_CURVE('',#2446,#2447,#1220,.T.);
#3001=EDGE_CURVE('',#2448,#2447,#1221,.T.);
#3002=EDGE_CURVE('',#2448,#2449,#1222,.T.);
#3003=EDGE_CURVE('',#2449,#2450,#1223,.T.);
#3004=EDGE_CURVE('',#2451,#2450,#1224,.T.);
#3005=EDGE_CURVE('',#2442,#2451,#1225,.T.);
#3006=EDGE_CURVE('',#2452,#2453,#1226,.T.);
#3007=EDGE_CURVE('',#2453,#2454,#2161,.T.);
#3008=EDGE_CURVE('',#2454,#2455,#1227,.T.);
#3009=EDGE_CURVE('',#2455,#2456,#2162,.T.);
#3010=EDGE_CURVE('',#2456,#2457,#1228,.T.);
#3011=EDGE_CURVE('',#2457,#2458,#2163,.T.);
#3012=EDGE_CURVE('',#2458,#2459,#1229,.T.);
#3013=EDGE_CURVE('',#2459,#2452,#2164,.T.);
#3014=EDGE_CURVE('',#2430,#2444,#1230,.T.);
#3015=EDGE_CURVE('',#2445,#2429,#1231,.F.);
#3016=EDGE_CURVE('',#2447,#2427,#1232,.T.);
#3017=EDGE_CURVE('',#2446,#2428,#1233,.T.);
#3018=EDGE_CURVE('',#2451,#2460,#1234,.T.);
#3019=EDGE_CURVE('',#2460,#2461,#1235,.T.);
#3020=EDGE_CURVE('',#2461,#2448,#1236,.T.);
#3021=EDGE_CURVE('',#2439,#2462,#1237,.T.);
#3022=EDGE_CURVE('',#2462,#2423,#1238,.T.);
#3023=EDGE_CURVE('',#2463,#2463,#2165,.T.);
#3024=EDGE_CURVE('',#2464,#2464,#2166,.T.);
#3025=EDGE_CURVE('',#2465,#2465,#2167,.T.);
#3026=EDGE_CURVE('',#2466,#2466,#2168,.T.);
#3027=EDGE_CURVE('',#2359,#2453,#1239,.T.);
#3028=EDGE_CURVE('',#2360,#2452,#1240,.T.);
#3029=EDGE_CURVE('',#2366,#2454,#1241,.T.);
#3030=EDGE_CURVE('',#2365,#2455,#1242,.T.);
#3031=EDGE_CURVE('',#2364,#2456,#1243,.T.);
#3032=EDGE_CURVE('',#2363,#2457,#1244,.T.);
#3033=EDGE_CURVE('',#2362,#2458,#1245,.T.);
#3034=EDGE_CURVE('',#2361,#2459,#1246,.T.);
#3035=EDGE_CURVE('',#2287,#2467,#2169,.T.);
#3036=EDGE_CURVE('',#2467,#2468,#2170,.T.);
#3037=EDGE_CURVE('',#2468,#2467,#2171,.T.);
#3038=EDGE_CURVE('',#2468,#2469,#1247,.T.);
#3039=EDGE_CURVE('',#2469,#2469,#2172,.T.);
#3040=EDGE_CURVE('',#2470,#2470,#2173,.T.);
#3041=EDGE_CURVE('',#2470,#2471,#1248,.T.);
#3042=EDGE_CURVE('',#2471,#2471,#2174,.T.);
#3043=EDGE_CURVE('',#2472,#2472,#2175,.T.);
#3044=EDGE_CURVE('',#2473,#2473,#2176,.T.);
#3045=EDGE_CURVE('',#2474,#2474,#2177,.T.);
#3046=EDGE_CURVE('',#2474,#2472,#1249,.T.);
#3047=EDGE_CURVE('',#2473,#2466,#1250,.T.);
#3048=EDGE_CURVE('',#2475,#2475,#2178,.T.);
#3049=EDGE_CURVE('',#2476,#2476,#2179,.T.);
#3050=EDGE_CURVE('',#2477,#2477,#2180,.T.);
#3051=EDGE_CURVE('',#2477,#2475,#1251,.T.);
#3052=EDGE_CURVE('',#2476,#2465,#1252,.T.);
#3053=EDGE_CURVE('',#2478,#2478,#2181,.T.);
#3054=EDGE_CURVE('',#2479,#2479,#2182,.T.);
#3055=EDGE_CURVE('',#2480,#2480,#2183,.T.);
#3056=EDGE_CURVE('',#2480,#2478,#1253,.T.);
#3057=EDGE_CURVE('',#2479,#2464,#1254,.T.);
#3058=EDGE_CURVE('',#2481,#2481,#2184,.T.);
#3059=EDGE_CURVE('',#2482,#2482,#2185,.T.);
#3060=EDGE_CURVE('',#2483,#2483,#2186,.T.);
#3061=EDGE_CURVE('',#2483,#2481,#1255,.T.);
#3062=EDGE_CURVE('',#2482,#2463,#1256,.T.);
#3063=EDGE_CURVE('',#2484,#2449,#1257,.T.);
#3064=EDGE_CURVE('',#2485,#2484,#1258,.T.);
#3065=EDGE_CURVE('',#2450,#2485,#1259,.T.);
#3066=EDGE_CURVE('',#2461,#2484,#1260,.T.);
#3067=EDGE_CURVE('',#2460,#2485,#1261,.T.);
#3068=EDGE_CURVE('',#2486,#2487,#1262,.T.);
#3069=EDGE_CURVE('',#2290,#2487,#1263,.T.);
#3070=EDGE_CURVE('',#2288,#2486,#1264,.F.);
#3071=EDGE_CURVE('',#2487,#2488,#1265,.T.);
#3072=EDGE_CURVE('',#2488,#2489,#1266,.T.);
#3073=EDGE_CURVE('',#2489,#2490,#1267,.T.);
#3074=EDGE_CURVE('',#2490,#2491,#1268,.T.);
#3075=EDGE_CURVE('',#2491,#2492,#1269,.T.);
#3076=EDGE_CURVE('',#2291,#2492,#1270,.F.);
#3077=EDGE_CURVE('',#2493,#2494,#1271,.T.);
#3078=EDGE_CURVE('',#2289,#2494,#1272,.F.);
#3079=EDGE_CURVE('',#2492,#2495,#1273,.T.);
#3080=EDGE_CURVE('',#2495,#2496,#1274,.T.);
#3081=EDGE_CURVE('',#2496,#2497,#1275,.T.);
#3082=EDGE_CURVE('',#2497,#2493,#1276,.T.);
#3083=EDGE_CURVE('',#2494,#2486,#1277,.T.);
#3084=EDGE_CURVE('',#2498,#2488,#1278,.T.);
#3085=EDGE_CURVE('',#2499,#2498,#1279,.T.);
#3086=EDGE_CURVE('',#2499,#2489,#1280,.T.);
#3087=EDGE_CURVE('',#2491,#2500,#1281,.T.);
#3088=EDGE_CURVE('',#2490,#2501,#1282,.T.);
#3089=EDGE_CURVE('',#2500,#2501,#1283,.T.);
#3090=EDGE_CURVE('',#2501,#2499,#1284,.T.);
#3091=EDGE_CURVE('',#2493,#2434,#1285,.T.);
#3092=EDGE_CURVE('',#2497,#2435,#1286,.T.);
#3093=EDGE_CURVE('',#2437,#2495,#1287,.T.);
#3094=EDGE_CURVE('',#2436,#2496,#1288,.T.);
#3095=EDGE_CURVE('',#2498,#2502,#1289,.T.);
#3096=EDGE_CURVE('',#2502,#2462,#1290,.T.);
#3097=EDGE_CURVE('',#2438,#2500,#1291,.T.);
#3098=EDGE_CURVE('',#2502,#2424,#1292,.T.);
#3099=EDGE_CURVE('',#2503,#2504,#2187,.T.);
#3100=EDGE_CURVE('',#2504,#2505,#1293,.T.);
#3101=EDGE_CURVE('',#2505,#2506,#2188,.T.);
#3102=EDGE_CURVE('',#2506,#2503,#1294,.T.);
#3103=EDGE_CURVE('',#2503,#2507,#1295,.T.);
#3104=EDGE_CURVE('',#2508,#2507,#2189,.T.);
#3105=EDGE_CURVE('',#2508,#2509,#1296,.T.);
#3106=EDGE_CURVE('',#2510,#2509,#2190,.T.);
#3107=EDGE_CURVE('',#2510,#2511,#1297,.T.);
#3108=EDGE_CURVE('',#2512,#2511,#2191,.T.);
#3109=EDGE_CURVE('',#2512,#2504,#1298,.T.);
#3110=EDGE_CURVE('',#2513,#2514,#1299,.T.);
#3111=EDGE_CURVE('',#2514,#2515,#1300,.T.);
#3112=EDGE_CURVE('',#2515,#2516,#1301,.T.);
#3113=EDGE_CURVE('',#2516,#2513,#1302,.T.);
#3114=EDGE_CURVE('',#2517,#2506,#1303,.T.);
#3115=EDGE_CURVE('',#2507,#2517,#1304,.T.);
#3116=EDGE_CURVE('',#2517,#2518,#2192,.T.);
#3117=EDGE_CURVE('',#2518,#2508,#1305,.T.);
#3118=EDGE_CURVE('',#2511,#2519,#1306,.T.);
#3119=EDGE_CURVE('',#2519,#2520,#2193,.T.);
#3120=EDGE_CURVE('',#2520,#2512,#1307,.T.);
#3121=EDGE_CURVE('',#2521,#2510,#1308,.T.);
#3122=EDGE_CURVE('',#2519,#2521,#1309,.T.);
#3123=EDGE_CURVE('',#2509,#2522,#1310,.T.);
#3124=EDGE_CURVE('',#2522,#2521,#2194,.T.);
#3125=EDGE_CURVE('',#2522,#2518,#1311,.T.);
#3126=EDGE_CURVE('',#2523,#2524,#2195,.T.);
#3127=EDGE_CURVE('',#2523,#2525,#1312,.T.);
#3128=EDGE_CURVE('',#2525,#2526,#2196,.T.);
#3129=EDGE_CURVE('',#2526,#2524,#1313,.T.);
#3130=EDGE_CURVE('',#2523,#2527,#1314,.F.);
#3131=EDGE_CURVE('',#2528,#2527,#1315,.T.);
#3132=EDGE_CURVE('',#2525,#2528,#1316,.T.);
#3133=EDGE_CURVE('',#2529,#2530,#2197,.T.);
#3134=EDGE_CURVE('',#2529,#2531,#1317,.T.);
#3135=EDGE_CURVE('',#2531,#2532,#2198,.T.);
#3136=EDGE_CURVE('',#2532,#2530,#1318,.T.);
#3137=EDGE_CURVE('',#2529,#2533,#1319,.F.);
#3138=EDGE_CURVE('',#2534,#2533,#1320,.T.);
#3139=EDGE_CURVE('',#2531,#2534,#1321,.T.);
#3140=EDGE_CURVE('',#2535,#2533,#2199,.T.);
#3141=EDGE_CURVE('',#2535,#2536,#1322,.T.);
#3142=EDGE_CURVE('',#2536,#2534,#2200,.T.);
#3143=EDGE_CURVE('',#2535,#2524,#1323,.F.);
#3144=EDGE_CURVE('',#2537,#2530,#1324,.F.);
#3145=EDGE_CURVE('',#2537,#2527,#2201,.T.);
#3146=EDGE_CURVE('',#2538,#2539,#1325,.T.);
#3147=EDGE_CURVE('',#2540,#2538,#1326,.T.);
#3148=EDGE_CURVE('',#2541,#2540,#1327,.T.);
#3149=EDGE_CURVE('',#2539,#2541,#1328,.T.);
#3150=EDGE_CURVE('',#2542,#2542,#2202,.T.);
#3151=EDGE_CURVE('',#2543,#2543,#2203,.T.);
#3152=EDGE_CURVE('',#2544,#2544,#2204,.T.);
#3153=EDGE_CURVE('',#2545,#2545,#2205,.T.);
#3154=EDGE_CURVE('',#2537,#2546,#1329,.T.);
#3155=EDGE_CURVE('',#2546,#2528,#2206,.T.);
#3156=EDGE_CURVE('',#2547,#2547,#2207,.T.);
#3157=EDGE_CURVE('',#2547,#2548,#1330,.T.);
#3158=EDGE_CURVE('',#2548,#2548,#2208,.T.);
#3159=EDGE_CURVE('',#2549,#2549,#2209,.T.);
#3160=EDGE_CURVE('',#2549,#2550,#1331,.T.);
#3161=EDGE_CURVE('',#2550,#2550,#2210,.T.);
#3162=EDGE_CURVE('',#2551,#2551,#2211,.T.);
#3163=EDGE_CURVE('',#2551,#2552,#1332,.T.);
#3164=EDGE_CURVE('',#2552,#2552,#2212,.T.);
#3165=EDGE_CURVE('',#2553,#2553,#2213,.T.);
#3166=EDGE_CURVE('',#2553,#2554,#1333,.T.);
#3167=EDGE_CURVE('',#2554,#2554,#2214,.T.);
#3168=EDGE_CURVE('',#2546,#2532,#1334,.T.);
#3169=EDGE_CURVE('',#2536,#2526,#1335,.T.);
#3170=EDGE_CURVE('',#2555,#2538,#1336,.F.);
#3171=EDGE_CURVE('',#2556,#2555,#1337,.T.);
#3172=EDGE_CURVE('',#2556,#2540,#1338,.F.);
#3173=EDGE_CURVE('',#2557,#2539,#1339,.T.);
#3174=EDGE_CURVE('',#2555,#2557,#1340,.T.);
#3175=EDGE_CURVE('',#2558,#2541,#1341,.F.);
#3176=EDGE_CURVE('',#2557,#2558,#1342,.T.);
#3177=EDGE_CURVE('',#2558,#2556,#1343,.T.);
#3178=EDGE_CURVE('',#2559,#2559,#2215,.T.);
#3179=EDGE_CURVE('',#2559,#2545,#1344,.T.);
#3180=EDGE_CURVE('',#2560,#2560,#2216,.T.);
#3181=EDGE_CURVE('',#2560,#2544,#1345,.T.);
#3182=EDGE_CURVE('',#2561,#2561,#2217,.T.);
#3183=EDGE_CURVE('',#2561,#2543,#1346,.T.);
#3184=EDGE_CURVE('',#2562,#2562,#2218,.T.);
#3185=EDGE_CURVE('',#2562,#2542,#1347,.T.);
#3186=EDGE_CURVE('',#2563,#2564,#1348,.T.);
#3187=EDGE_CURVE('',#2563,#2565,#1349,.T.);
#3188=EDGE_CURVE('',#2566,#2565,#1350,.T.);
#3189=EDGE_CURVE('',#2564,#2566,#1351,.T.);
#3190=EDGE_CURVE('',#2564,#2567,#1352,.T.);
#3191=EDGE_CURVE('',#2568,#2566,#1353,.T.);
#3192=EDGE_CURVE('',#2567,#2568,#1354,.T.);
#3193=EDGE_CURVE('',#2567,#2569,#1355,.T.);
#3194=EDGE_CURVE('',#2570,#2568,#1356,.T.);
#3195=EDGE_CURVE('',#2569,#2570,#1357,.T.);
#3196=EDGE_CURVE('',#2569,#2563,#1358,.T.);
#3197=EDGE_CURVE('',#2565,#2570,#1359,.T.);
#3198=EDGE_CURVE('',#2513,#2571,#1360,.T.);
#3199=EDGE_CURVE('',#2572,#2571,#1361,.T.);
#3200=EDGE_CURVE('',#2514,#2572,#1362,.T.);
#3201=EDGE_CURVE('',#2573,#2572,#1363,.T.);
#3202=EDGE_CURVE('',#2515,#2573,#1364,.T.);
#3203=EDGE_CURVE('',#2574,#2573,#1365,.T.);
#3204=EDGE_CURVE('',#2516,#2574,#1366,.T.);
#3205=EDGE_CURVE('',#2571,#2574,#1367,.T.);
#3206=EDGE_CURVE('',#2505,#2520,#1368,.T.);
#3207=EDGE_CURVE('',#2575,#2575,#2219,.T.);
#3208=EDGE_CURVE('',#2575,#2576,#2220,.T.);
#3209=EDGE_CURVE('',#2576,#2576,#2221,.T.);
#3210=EDGE_CURVE('',#2577,#2577,#2222,.F.);
#3211=EDGE_CURVE('',#2578,#2578,#2223,.T.);
#3212=EDGE_CURVE('',#2578,#2579,#1369,.T.);
#3213=EDGE_CURVE('',#2579,#2579,#2224,.T.);
#3214=EDGE_CURVE('',#2580,#2580,#2225,.T.);
#3215=EDGE_CURVE('',#2580,#2581,#1370,.T.);
#3216=EDGE_CURVE('',#2581,#2581,#2226,.T.);
#3217=EDGE_CURVE('',#2582,#2582,#2227,.T.);
#3218=EDGE_CURVE('',#2582,#2583,#1371,.T.);
#3219=EDGE_CURVE('',#2583,#2583,#2228,.T.);
#3220=EDGE_CURVE('',#2584,#2584,#2229,.T.);
#3221=EDGE_CURVE('',#2584,#2585,#1372,.T.);
#3222=EDGE_CURVE('',#2585,#2585,#2230,.T.);
#3223=EDGE_CURVE('',#2586,#2587,#1373,.F.);
#3224=EDGE_CURVE('',#2587,#2588,#1374,.T.);
#3225=EDGE_CURVE('',#2589,#2588,#1375,.F.);
#3226=EDGE_CURVE('',#2586,#2589,#1376,.T.);
#3227=EDGE_CURVE('',#2590,#2586,#1377,.F.);
#3228=EDGE_CURVE('',#2591,#2589,#1378,.F.);
#3229=EDGE_CURVE('',#2590,#2591,#1379,.F.);
#3230=EDGE_CURVE('',#2592,#2590,#1380,.F.);
#3231=EDGE_CURVE('',#2593,#2591,#1381,.F.);
#3232=EDGE_CURVE('',#2592,#2593,#1382,.F.);
#3233=EDGE_CURVE('',#2587,#2592,#1383,.F.);
#3234=EDGE_CURVE('',#2588,#2593,#1384,.F.);
#3235=EDGE_CURVE('',#2594,#2594,#2231,.T.);
#3236=EDGE_CURVE('',#2595,#2596,#2232,.T.);
#3237=EDGE_CURVE('',#2596,#2597,#1385,.T.);
#3238=EDGE_CURVE('',#2597,#2598,#2233,.T.);
#3239=EDGE_CURVE('',#2598,#2595,#1386,.T.);
#3240=EDGE_CURVE('',#2599,#2600,#1387,.F.);
#3241=EDGE_CURVE('',#2599,#2601,#1388,.F.);
#3242=EDGE_CURVE('',#2601,#2602,#1389,.F.);
#3243=EDGE_CURVE('',#2600,#2602,#1390,.F.);
#3244=EDGE_CURVE('',#2596,#2601,#1391,.F.);
#3245=EDGE_CURVE('',#2597,#2599,#1392,.F.);
#3246=EDGE_CURVE('',#2600,#2598,#1393,.F.);
#3247=EDGE_CURVE('',#2602,#2595,#1394,.F.);
#3248=EDGE_CURVE('',#2577,#2594,#1395,.T.);
#3249=EDGE_CURVE('',#2603,#2604,#2234,.T.);
#3250=EDGE_CURVE('',#2605,#2604,#1396,.T.);
#3251=EDGE_CURVE('',#2605,#2606,#2235,.T.);
#3252=EDGE_CURVE('',#2606,#2603,#1397,.T.);
#3253=EDGE_CURVE('',#2607,#2608,#2236,.T.);
#3254=EDGE_CURVE('',#2608,#2604,#2237,.T.);
#3255=EDGE_CURVE('',#2603,#2607,#2238,.T.);
#3256=EDGE_CURVE('',#2609,#2610,#2239,.T.);
#3257=EDGE_CURVE('',#2610,#2606,#2240,.T.);
#3258=EDGE_CURVE('',#2605,#2609,#2241,.T.);
#3259=EDGE_CURVE('',#2611,#2612,#2242,.T.);
#3260=EDGE_CURVE('',#2608,#2612,#1398,.T.);
#3261=EDGE_CURVE('',#2607,#2611,#1399,.T.);
#3262=EDGE_CURVE('',#2613,#2614,#2243,.T.);
#3263=EDGE_CURVE('',#2614,#2610,#1400,.T.);
#3264=EDGE_CURVE('',#2613,#2609,#1401,.T.);
#3265=EDGE_CURVE('',#2615,#2616,#2244,.T.);
#3266=EDGE_CURVE('',#2616,#2612,#2245,.T.);
#3267=EDGE_CURVE('',#2611,#2615,#2246,.T.);
#3268=EDGE_CURVE('',#2617,#2618,#2247,.T.);
#3269=EDGE_CURVE('',#2618,#2614,#2248,.T.);
#3270=EDGE_CURVE('',#2613,#2617,#2249,.T.);
#3271=EDGE_CURVE('',#2616,#2617,#1402,.T.);
#3272=EDGE_CURVE('',#2615,#2618,#1403,.T.);
#3273=EDGE_CURVE('',#2619,#2620,#1404,.T.);
#3274=EDGE_CURVE('',#2621,#2619,#2250,.T.);
#3275=EDGE_CURVE('',#2622,#2621,#1405,.T.);
#3276=EDGE_CURVE('',#2623,#2622,#2251,.T.);
#3277=EDGE_CURVE('',#2624,#2623,#1406,.T.);
#3278=EDGE_CURVE('',#2625,#2624,#2252,.T.);
#3279=EDGE_CURVE('',#2626,#2625,#1407,.T.);
#3280=EDGE_CURVE('',#2620,#2626,#2253,.T.);
#3281=EDGE_CURVE('',#2620,#2627,#2254,.T.);
#3282=EDGE_CURVE('',#2628,#2627,#1408,.T.);
#3283=EDGE_CURVE('',#2628,#2619,#2255,.T.);
#3284=EDGE_CURVE('',#2626,#2629,#2256,.T.);
#3285=EDGE_CURVE('',#2629,#2627,#2257,.T.);
#3286=EDGE_CURVE('',#2630,#2621,#2258,.T.);
#3287=EDGE_CURVE('',#2628,#2630,#2259,.T.);
#3288=EDGE_CURVE('',#2625,#2631,#2260,.T.);
#3289=EDGE_CURVE('',#2629,#2631,#1409,.T.);
#3290=EDGE_CURVE('',#2632,#2622,#2261,.T.);
#3291=EDGE_CURVE('',#2632,#2630,#1410,.T.);
#3292=EDGE_CURVE('',#2624,#2633,#2262,.T.);
#3293=EDGE_CURVE('',#2633,#2631,#2263,.T.);
#3294=EDGE_CURVE('',#2634,#2623,#2264,.T.);
#3295=EDGE_CURVE('',#2632,#2634,#2265,.T.);
#3296=EDGE_CURVE('',#2633,#2634,#1411,.T.);
#3297=EDGE_CURVE('',#2635,#2636,#1412,.T.);
#3298=EDGE_CURVE('',#2636,#2637,#1413,.T.);
#3299=EDGE_CURVE('',#2637,#2638,#1414,.T.);
#3300=EDGE_CURVE('',#2638,#2635,#1415,.T.);
#3301=EDGE_CURVE('',#2639,#2640,#1416,.T.);
#3302=EDGE_CURVE('',#2640,#2641,#1417,.T.);
#3303=EDGE_CURVE('',#2641,#2642,#1418,.T.);
#3304=EDGE_CURVE('',#2642,#2639,#1419,.T.);
#3305=EDGE_CURVE('',#2643,#2644,#1420,.T.);
#3306=EDGE_CURVE('',#2644,#2645,#1421,.T.);
#3307=EDGE_CURVE('',#2645,#2646,#1422,.T.);
#3308=EDGE_CURVE('',#2646,#2643,#1423,.T.);
#3309=EDGE_CURVE('',#2647,#2648,#1424,.T.);
#3310=EDGE_CURVE('',#2648,#2649,#1425,.T.);
#3311=EDGE_CURVE('',#2649,#2650,#1426,.T.);
#3312=EDGE_CURVE('',#2650,#2647,#1427,.T.);
#3313=EDGE_CURVE('',#2651,#2652,#1428,.T.);
#3314=EDGE_CURVE('',#2652,#2653,#1429,.T.);
#3315=EDGE_CURVE('',#2653,#2654,#1430,.T.);
#3316=EDGE_CURVE('',#2654,#2651,#1431,.T.);
#3317=EDGE_CURVE('',#2655,#2656,#1432,.T.);
#3318=EDGE_CURVE('',#2656,#2657,#1433,.T.);
#3319=EDGE_CURVE('',#2657,#2658,#1434,.T.);
#3320=EDGE_CURVE('',#2658,#2655,#1435,.T.);
#3321=EDGE_CURVE('',#2659,#2660,#1436,.T.);
#3322=EDGE_CURVE('',#2660,#2661,#1437,.T.);
#3323=EDGE_CURVE('',#2661,#2662,#1438,.T.);
#3324=EDGE_CURVE('',#2662,#2659,#1439,.T.);
#3325=EDGE_CURVE('',#2663,#2664,#1440,.T.);
#3326=EDGE_CURVE('',#2664,#2665,#1441,.T.);
#3327=EDGE_CURVE('',#2665,#2666,#1442,.T.);
#3328=EDGE_CURVE('',#2666,#2663,#1443,.T.);
#3329=EDGE_CURVE('',#2667,#2668,#1444,.T.);
#3330=EDGE_CURVE('',#2668,#2669,#1445,.T.);
#3331=EDGE_CURVE('',#2669,#2670,#1446,.T.);
#3332=EDGE_CURVE('',#2670,#2667,#1447,.T.);
#3333=EDGE_CURVE('',#2671,#2672,#1448,.T.);
#3334=EDGE_CURVE('',#2672,#2673,#1449,.T.);
#3335=EDGE_CURVE('',#2673,#2674,#1450,.T.);
#3336=EDGE_CURVE('',#2674,#2671,#1451,.T.);
#3337=EDGE_CURVE('',#2675,#2676,#1452,.T.);
#3338=EDGE_CURVE('',#2676,#2677,#1453,.T.);
#3339=EDGE_CURVE('',#2677,#2678,#1454,.T.);
#3340=EDGE_CURVE('',#2678,#2675,#1455,.T.);
#3341=EDGE_CURVE('',#2679,#2680,#1456,.T.);
#3342=EDGE_CURVE('',#2680,#2681,#1457,.T.);
#3343=EDGE_CURVE('',#2681,#2682,#1458,.T.);
#3344=EDGE_CURVE('',#2682,#2679,#1459,.T.);
#3345=EDGE_CURVE('',#2635,#2683,#1460,.T.);
#3346=EDGE_CURVE('',#2684,#2683,#1461,.T.);
#3347=EDGE_CURVE('',#2636,#2684,#1462,.T.);
#3348=EDGE_CURVE('',#2685,#2684,#1463,.T.);
#3349=EDGE_CURVE('',#2637,#2685,#1464,.T.);
#3350=EDGE_CURVE('',#2686,#2685,#1465,.T.);
#3351=EDGE_CURVE('',#2638,#2686,#1466,.T.);
#3352=EDGE_CURVE('',#2683,#2686,#1467,.T.);
#3353=EDGE_CURVE('',#2639,#2687,#1468,.T.);
#3354=EDGE_CURVE('',#2688,#2687,#1469,.T.);
#3355=EDGE_CURVE('',#2640,#2688,#1470,.T.);
#3356=EDGE_CURVE('',#2689,#2688,#1471,.T.);
#3357=EDGE_CURVE('',#2641,#2689,#1472,.T.);
#3358=EDGE_CURVE('',#2690,#2689,#1473,.T.);
#3359=EDGE_CURVE('',#2642,#2690,#1474,.T.);
#3360=EDGE_CURVE('',#2687,#2690,#1475,.T.);
#3361=EDGE_CURVE('',#2643,#2691,#1476,.T.);
#3362=EDGE_CURVE('',#2692,#2691,#1477,.T.);
#3363=EDGE_CURVE('',#2644,#2692,#1478,.T.);
#3364=EDGE_CURVE('',#2693,#2692,#1479,.T.);
#3365=EDGE_CURVE('',#2645,#2693,#1480,.T.);
#3366=EDGE_CURVE('',#2694,#2693,#1481,.T.);
#3367=EDGE_CURVE('',#2646,#2694,#1482,.T.);
#3368=EDGE_CURVE('',#2691,#2694,#1483,.T.);
#3369=EDGE_CURVE('',#2647,#2695,#1484,.T.);
#3370=EDGE_CURVE('',#2696,#2695,#1485,.T.);
#3371=EDGE_CURVE('',#2648,#2696,#1486,.T.);
#3372=EDGE_CURVE('',#2697,#2696,#1487,.T.);
#3373=EDGE_CURVE('',#2649,#2697,#1488,.T.);
#3374=EDGE_CURVE('',#2698,#2697,#1489,.T.);
#3375=EDGE_CURVE('',#2650,#2698,#1490,.T.);
#3376=EDGE_CURVE('',#2695,#2698,#1491,.T.);
#3377=EDGE_CURVE('',#2651,#2699,#1492,.T.);
#3378=EDGE_CURVE('',#2700,#2699,#1493,.T.);
#3379=EDGE_CURVE('',#2652,#2700,#1494,.T.);
#3380=EDGE_CURVE('',#2701,#2700,#1495,.T.);
#3381=EDGE_CURVE('',#2653,#2701,#1496,.T.);
#3382=EDGE_CURVE('',#2702,#2701,#1497,.T.);
#3383=EDGE_CURVE('',#2654,#2702,#1498,.T.);
#3384=EDGE_CURVE('',#2699,#2702,#1499,.T.);
#3385=EDGE_CURVE('',#2655,#2703,#1500,.T.);
#3386=EDGE_CURVE('',#2704,#2703,#1501,.T.);
#3387=EDGE_CURVE('',#2656,#2704,#1502,.T.);
#3388=EDGE_CURVE('',#2705,#2704,#1503,.T.);
#3389=EDGE_CURVE('',#2657,#2705,#1504,.T.);
#3390=EDGE_CURVE('',#2706,#2705,#1505,.T.);
#3391=EDGE_CURVE('',#2658,#2706,#1506,.T.);
#3392=EDGE_CURVE('',#2703,#2706,#1507,.T.);
#3393=EDGE_CURVE('',#2659,#2707,#1508,.T.);
#3394=EDGE_CURVE('',#2708,#2707,#1509,.T.);
#3395=EDGE_CURVE('',#2660,#2708,#1510,.T.);
#3396=EDGE_CURVE('',#2709,#2708,#1511,.T.);
#3397=EDGE_CURVE('',#2661,#2709,#1512,.T.);
#3398=EDGE_CURVE('',#2710,#2709,#1513,.T.);
#3399=EDGE_CURVE('',#2662,#2710,#1514,.T.);
#3400=EDGE_CURVE('',#2707,#2710,#1515,.T.);
#3401=EDGE_CURVE('',#2663,#2711,#1516,.T.);
#3402=EDGE_CURVE('',#2712,#2711,#1517,.T.);
#3403=EDGE_CURVE('',#2664,#2712,#1518,.T.);
#3404=EDGE_CURVE('',#2713,#2712,#1519,.T.);
#3405=EDGE_CURVE('',#2665,#2713,#1520,.T.);
#3406=EDGE_CURVE('',#2714,#2713,#1521,.T.);
#3407=EDGE_CURVE('',#2666,#2714,#1522,.T.);
#3408=EDGE_CURVE('',#2711,#2714,#1523,.T.);
#3409=EDGE_CURVE('',#2667,#2715,#1524,.T.);
#3410=EDGE_CURVE('',#2716,#2715,#1525,.T.);
#3411=EDGE_CURVE('',#2668,#2716,#1526,.T.);
#3412=EDGE_CURVE('',#2717,#2716,#1527,.T.);
#3413=EDGE_CURVE('',#2669,#2717,#1528,.T.);
#3414=EDGE_CURVE('',#2718,#2717,#1529,.T.);
#3415=EDGE_CURVE('',#2670,#2718,#1530,.T.);
#3416=EDGE_CURVE('',#2715,#2718,#1531,.T.);
#3417=EDGE_CURVE('',#2671,#2719,#1532,.T.);
#3418=EDGE_CURVE('',#2720,#2719,#1533,.T.);
#3419=EDGE_CURVE('',#2672,#2720,#1534,.T.);
#3420=EDGE_CURVE('',#2721,#2720,#1535,.T.);
#3421=EDGE_CURVE('',#2673,#2721,#1536,.T.);
#3422=EDGE_CURVE('',#2722,#2721,#1537,.T.);
#3423=EDGE_CURVE('',#2674,#2722,#1538,.T.);
#3424=EDGE_CURVE('',#2719,#2722,#1539,.T.);
#3425=EDGE_CURVE('',#2675,#2723,#1540,.T.);
#3426=EDGE_CURVE('',#2724,#2723,#1541,.T.);
#3427=EDGE_CURVE('',#2676,#2724,#1542,.T.);
#3428=EDGE_CURVE('',#2725,#2724,#1543,.T.);
#3429=EDGE_CURVE('',#2677,#2725,#1544,.T.);
#3430=EDGE_CURVE('',#2726,#2725,#1545,.T.);
#3431=EDGE_CURVE('',#2678,#2726,#1546,.T.);
#3432=EDGE_CURVE('',#2723,#2726,#1547,.T.);
#3433=EDGE_CURVE('',#2679,#2727,#1548,.T.);
#3434=EDGE_CURVE('',#2728,#2727,#1549,.T.);
#3435=EDGE_CURVE('',#2680,#2728,#1550,.T.);
#3436=EDGE_CURVE('',#2729,#2728,#1551,.T.);
#3437=EDGE_CURVE('',#2681,#2729,#1552,.T.);
#3438=EDGE_CURVE('',#2730,#2729,#1553,.T.);
#3439=EDGE_CURVE('',#2682,#2730,#1554,.T.);
#3440=EDGE_CURVE('',#2727,#2730,#1555,.T.);
#3441=ORIENTED_EDGE('',*,*,#2731,.T.);
#3442=ORIENTED_EDGE('',*,*,#2732,.T.);
#3443=ORIENTED_EDGE('',*,*,#2733,.T.);
#3444=ORIENTED_EDGE('',*,*,#2734,.T.);
#3445=ORIENTED_EDGE('',*,*,#2735,.T.);
#3446=ORIENTED_EDGE('',*,*,#2736,.T.);
#3447=ORIENTED_EDGE('',*,*,#2733,.F.);
#3448=ORIENTED_EDGE('',*,*,#2737,.T.);
#3449=ORIENTED_EDGE('',*,*,#2738,.T.);
#3450=ORIENTED_EDGE('',*,*,#2739,.T.);
#3451=ORIENTED_EDGE('',*,*,#2735,.F.);
#3452=ORIENTED_EDGE('',*,*,#2740,.T.);
#3453=ORIENTED_EDGE('',*,*,#2741,.T.);
#3454=ORIENTED_EDGE('',*,*,#2742,.T.);
#3455=ORIENTED_EDGE('',*,*,#2738,.F.);
#3456=ORIENTED_EDGE('',*,*,#2743,.T.);
#3457=ORIENTED_EDGE('',*,*,#2744,.T.);
#3458=ORIENTED_EDGE('',*,*,#2745,.T.);
#3459=ORIENTED_EDGE('',*,*,#2741,.F.);
#3460=ORIENTED_EDGE('',*,*,#2746,.T.);
#3461=ORIENTED_EDGE('',*,*,#2747,.T.);
#3462=ORIENTED_EDGE('',*,*,#2748,.T.);
#3463=ORIENTED_EDGE('',*,*,#2744,.F.);
#3464=ORIENTED_EDGE('',*,*,#2749,.T.);
#3465=ORIENTED_EDGE('',*,*,#2750,.T.);
#3466=ORIENTED_EDGE('',*,*,#2751,.T.);
#3467=ORIENTED_EDGE('',*,*,#2747,.F.);
#3468=ORIENTED_EDGE('',*,*,#2752,.T.);
#3469=ORIENTED_EDGE('',*,*,#2731,.F.);
#3470=ORIENTED_EDGE('',*,*,#2753,.T.);
#3471=ORIENTED_EDGE('',*,*,#2750,.F.);
#3472=ORIENTED_EDGE('',*,*,#2754,.T.);
#3473=ORIENTED_EDGE('',*,*,#2748,.F.);
#3474=ORIENTED_EDGE('',*,*,#2755,.T.);
#3475=ORIENTED_EDGE('',*,*,#2756,.F.);
#3476=ORIENTED_EDGE('',*,*,#2757,.T.);
#3477=ORIENTED_EDGE('',*,*,#2751,.F.);
#3478=ORIENTED_EDGE('',*,*,#2758,.F.);
#3479=ORIENTED_EDGE('',*,*,#2759,.F.);
#3480=ORIENTED_EDGE('',*,*,#2755,.F.);
#3481=ORIENTED_EDGE('',*,*,#2753,.F.);
#3482=ORIENTED_EDGE('',*,*,#2760,.T.);
#3483=ORIENTED_EDGE('',*,*,#2761,.F.);
#3484=ORIENTED_EDGE('',*,*,#2758,.T.);
#3485=ORIENTED_EDGE('',*,*,#2734,.F.);
#3486=ORIENTED_EDGE('',*,*,#2762,.F.);
#3487=ORIENTED_EDGE('',*,*,#2763,.F.);
#3488=ORIENTED_EDGE('',*,*,#2760,.F.);
#3489=ORIENTED_EDGE('',*,*,#2764,.F.);
#3490=ORIENTED_EDGE('',*,*,#2732,.F.);
#3491=ORIENTED_EDGE('',*,*,#2754,.F.);
#3492=ORIENTED_EDGE('',*,*,#2752,.F.);
#3493=ORIENTED_EDGE('',*,*,#2749,.F.);
#3494=ORIENTED_EDGE('',*,*,#2746,.F.);
#3495=ORIENTED_EDGE('',*,*,#2743,.F.);
#3496=ORIENTED_EDGE('',*,*,#2740,.F.);
#3497=ORIENTED_EDGE('',*,*,#2737,.F.);
#3498=ORIENTED_EDGE('',*,*,#2765,.F.);
#3499=ORIENTED_EDGE('',*,*,#2766,.F.);
#3500=ORIENTED_EDGE('',*,*,#2767,.F.);
#3501=ORIENTED_EDGE('',*,*,#2768,.F.);
#3502=ORIENTED_EDGE('',*,*,#2769,.T.);
#3503=ORIENTED_EDGE('',*,*,#2770,.T.);
#3504=ORIENTED_EDGE('',*,*,#2771,.T.);
#3505=ORIENTED_EDGE('',*,*,#2772,.T.);
#3506=ORIENTED_EDGE('',*,*,#2773,.T.);
#3507=ORIENTED_EDGE('',*,*,#2774,.T.);
#3508=ORIENTED_EDGE('',*,*,#2775,.T.);
#3509=ORIENTED_EDGE('',*,*,#2776,.T.);
#3510=ORIENTED_EDGE('',*,*,#2777,.T.);
#3511=ORIENTED_EDGE('',*,*,#2778,.T.);
#3512=ORIENTED_EDGE('',*,*,#2779,.T.);
#3513=ORIENTED_EDGE('',*,*,#2780,.T.);
#3514=ORIENTED_EDGE('',*,*,#2781,.T.);
#3515=ORIENTED_EDGE('',*,*,#2782,.T.);
#3516=ORIENTED_EDGE('',*,*,#2783,.T.);
#3517=ORIENTED_EDGE('',*,*,#2784,.T.);
#3518=ORIENTED_EDGE('',*,*,#2785,.T.);
#3519=ORIENTED_EDGE('',*,*,#2786,.T.);
#3520=ORIENTED_EDGE('',*,*,#2787,.T.);
#3521=ORIENTED_EDGE('',*,*,#2788,.T.);
#3522=ORIENTED_EDGE('',*,*,#2789,.T.);
#3523=ORIENTED_EDGE('',*,*,#2790,.T.);
#3524=ORIENTED_EDGE('',*,*,#2791,.T.);
#3525=ORIENTED_EDGE('',*,*,#2792,.T.);
#3526=ORIENTED_EDGE('',*,*,#2793,.T.);
#3527=ORIENTED_EDGE('',*,*,#2794,.T.);
#3528=ORIENTED_EDGE('',*,*,#2795,.T.);
#3529=ORIENTED_EDGE('',*,*,#2796,.T.);
#3530=ORIENTED_EDGE('',*,*,#2797,.T.);
#3531=ORIENTED_EDGE('',*,*,#2798,.T.);
#3532=ORIENTED_EDGE('',*,*,#2799,.T.);
#3533=ORIENTED_EDGE('',*,*,#2800,.T.);
#3534=ORIENTED_EDGE('',*,*,#2801,.T.);
#3535=ORIENTED_EDGE('',*,*,#2802,.T.);
#3536=ORIENTED_EDGE('',*,*,#2803,.T.);
#3537=ORIENTED_EDGE('',*,*,#2804,.T.);
#3538=ORIENTED_EDGE('',*,*,#2805,.T.);
#3539=ORIENTED_EDGE('',*,*,#2806,.T.);
#3540=ORIENTED_EDGE('',*,*,#2807,.T.);
#3541=ORIENTED_EDGE('',*,*,#2808,.T.);
#3542=ORIENTED_EDGE('',*,*,#2809,.T.);
#3543=ORIENTED_EDGE('',*,*,#2810,.T.);
#3544=ORIENTED_EDGE('',*,*,#2811,.T.);
#3545=ORIENTED_EDGE('',*,*,#2812,.T.);
#3546=ORIENTED_EDGE('',*,*,#2813,.T.);
#3547=ORIENTED_EDGE('',*,*,#2814,.T.);
#3548=ORIENTED_EDGE('',*,*,#2815,.T.);
#3549=ORIENTED_EDGE('',*,*,#2816,.T.);
#3550=ORIENTED_EDGE('',*,*,#2817,.T.);
#3551=ORIENTED_EDGE('',*,*,#2818,.T.);
#3552=ORIENTED_EDGE('',*,*,#2819,.T.);
#3553=ORIENTED_EDGE('',*,*,#2759,.T.);
#3554=ORIENTED_EDGE('',*,*,#2820,.T.);
#3555=ORIENTED_EDGE('',*,*,#2821,.F.);
#3556=ORIENTED_EDGE('',*,*,#2817,.F.);
#3557=ORIENTED_EDGE('',*,*,#2761,.T.);
#3558=ORIENTED_EDGE('',*,*,#2822,.T.);
#3559=ORIENTED_EDGE('',*,*,#2756,.T.);
#3560=ORIENTED_EDGE('',*,*,#2819,.F.);
#3561=ORIENTED_EDGE('',*,*,#2823,.F.);
#3562=ORIENTED_EDGE('',*,*,#2820,.F.);
#3563=ORIENTED_EDGE('',*,*,#2763,.T.);
#3564=ORIENTED_EDGE('',*,*,#2824,.T.);
#3565=ORIENTED_EDGE('',*,*,#2825,.T.);
#3566=ORIENTED_EDGE('',*,*,#2822,.F.);
#3567=ORIENTED_EDGE('',*,*,#2826,.T.);
#3568=ORIENTED_EDGE('',*,*,#2827,.T.);
#3569=ORIENTED_EDGE('',*,*,#2828,.T.);
#3570=ORIENTED_EDGE('',*,*,#2829,.T.);
#3571=ORIENTED_EDGE('',*,*,#2830,.F.);
#3572=ORIENTED_EDGE('',*,*,#2824,.F.);
#3573=ORIENTED_EDGE('',*,*,#2831,.T.);
#3574=ORIENTED_EDGE('',*,*,#2832,.T.);
#3575=ORIENTED_EDGE('',*,*,#2833,.T.);
#3576=ORIENTED_EDGE('',*,*,#2827,.F.);
#3577=ORIENTED_EDGE('',*,*,#2834,.F.);
#3578=ORIENTED_EDGE('',*,*,#2829,.F.);
#3579=ORIENTED_EDGE('',*,*,#2835,.T.);
#3580=ORIENTED_EDGE('',*,*,#2832,.F.);
#3581=ORIENTED_EDGE('',*,*,#2836,.T.);
#3582=ORIENTED_EDGE('',*,*,#2736,.F.);
#3583=ORIENTED_EDGE('',*,*,#2837,.T.);
#3584=ORIENTED_EDGE('',*,*,#2831,.F.);
#3585=ORIENTED_EDGE('',*,*,#2762,.T.);
#3586=ORIENTED_EDGE('',*,*,#2838,.F.);
#3587=ORIENTED_EDGE('',*,*,#2839,.T.);
#3588=ORIENTED_EDGE('',*,*,#2834,.T.);
#3589=ORIENTED_EDGE('',*,*,#2840,.T.);
#3590=ORIENTED_EDGE('',*,*,#2840,.F.);
#3591=ORIENTED_EDGE('',*,*,#2826,.F.);
#3592=ORIENTED_EDGE('',*,*,#2841,.F.);
#3593=ORIENTED_EDGE('',*,*,#2842,.T.);
#3594=ORIENTED_EDGE('',*,*,#2843,.F.);
#3595=ORIENTED_EDGE('',*,*,#2841,.T.);
#3596=ORIENTED_EDGE('',*,*,#2823,.T.);
#3597=ORIENTED_EDGE('',*,*,#2844,.T.);
#3598=ORIENTED_EDGE('',*,*,#2844,.F.);
#3599=ORIENTED_EDGE('',*,*,#2818,.F.);
#3600=ORIENTED_EDGE('',*,*,#2845,.F.);
#3601=ORIENTED_EDGE('',*,*,#2846,.T.);
#3602=ORIENTED_EDGE('',*,*,#2847,.F.);
#3603=ORIENTED_EDGE('',*,*,#2845,.T.);
#3604=ORIENTED_EDGE('',*,*,#2821,.T.);
#3605=ORIENTED_EDGE('',*,*,#2848,.T.);
#3606=ORIENTED_EDGE('',*,*,#2848,.F.);
#3607=ORIENTED_EDGE('',*,*,#2825,.F.);
#3608=ORIENTED_EDGE('',*,*,#2849,.F.);
#3609=ORIENTED_EDGE('',*,*,#2850,.T.);
#3610=ORIENTED_EDGE('',*,*,#2851,.F.);
#3611=ORIENTED_EDGE('',*,*,#2849,.T.);
#3612=ORIENTED_EDGE('',*,*,#2830,.T.);
#3613=ORIENTED_EDGE('',*,*,#2852,.T.);
#3614=ORIENTED_EDGE('',*,*,#2839,.F.);
#3615=ORIENTED_EDGE('',*,*,#2853,.T.);
#3616=ORIENTED_EDGE('',*,*,#2852,.F.);
#3617=ORIENTED_EDGE('',*,*,#2836,.F.);
#3618=ORIENTED_EDGE('',*,*,#2739,.F.);
#3619=ORIENTED_EDGE('',*,*,#2854,.F.);
#3620=ORIENTED_EDGE('',*,*,#2835,.F.);
#3621=ORIENTED_EDGE('',*,*,#2837,.F.);
#3622=ORIENTED_EDGE('',*,*,#2855,.T.);
#3623=ORIENTED_EDGE('',*,*,#2856,.T.);
#3624=ORIENTED_EDGE('',*,*,#2857,.T.);
#3625=ORIENTED_EDGE('',*,*,#2858,.T.);
#3626=ORIENTED_EDGE('',*,*,#2859,.T.);
#3627=ORIENTED_EDGE('',*,*,#2860,.T.);
#3628=ORIENTED_EDGE('',*,*,#2861,.T.);
#3629=ORIENTED_EDGE('',*,*,#2862,.T.);
#3630=ORIENTED_EDGE('',*,*,#2863,.T.);
#3631=ORIENTED_EDGE('',*,*,#2742,.F.);
#3632=ORIENTED_EDGE('',*,*,#2864,.T.);
#3633=ORIENTED_EDGE('',*,*,#2833,.F.);
#3634=ORIENTED_EDGE('',*,*,#2854,.T.);
#3635=ORIENTED_EDGE('',*,*,#2745,.F.);
#3636=ORIENTED_EDGE('',*,*,#2757,.F.);
#3637=ORIENTED_EDGE('',*,*,#2828,.F.);
#3638=ORIENTED_EDGE('',*,*,#2864,.F.);
#3639=ORIENTED_EDGE('',*,*,#2813,.F.);
#3640=ORIENTED_EDGE('',*,*,#2865,.T.);
#3641=ORIENTED_EDGE('',*,*,#2866,.T.);
#3642=ORIENTED_EDGE('',*,*,#2867,.F.);
#3643=ORIENTED_EDGE('',*,*,#2816,.F.);
#3644=ORIENTED_EDGE('',*,*,#2868,.T.);
#3645=ORIENTED_EDGE('',*,*,#2869,.T.);
#3646=ORIENTED_EDGE('',*,*,#2865,.F.);
#3647=ORIENTED_EDGE('',*,*,#2815,.F.);
#3648=ORIENTED_EDGE('',*,*,#2870,.T.);
#3649=ORIENTED_EDGE('',*,*,#2871,.T.);
#3650=ORIENTED_EDGE('',*,*,#2868,.F.);
#3651=ORIENTED_EDGE('',*,*,#2814,.F.);
#3652=ORIENTED_EDGE('',*,*,#2867,.T.);
#3653=ORIENTED_EDGE('',*,*,#2872,.T.);
#3654=ORIENTED_EDGE('',*,*,#2870,.F.);
#3655=ORIENTED_EDGE('',*,*,#2872,.F.);
#3656=ORIENTED_EDGE('',*,*,#2866,.F.);
#3657=ORIENTED_EDGE('',*,*,#2869,.F.);
#3658=ORIENTED_EDGE('',*,*,#2871,.F.);
#3659=ORIENTED_EDGE('',*,*,#2809,.F.);
#3660=ORIENTED_EDGE('',*,*,#2873,.T.);
#3661=ORIENTED_EDGE('',*,*,#2874,.T.);
#3662=ORIENTED_EDGE('',*,*,#2875,.F.);
#3663=ORIENTED_EDGE('',*,*,#2812,.F.);
#3664=ORIENTED_EDGE('',*,*,#2876,.T.);
#3665=ORIENTED_EDGE('',*,*,#2877,.T.);
#3666=ORIENTED_EDGE('',*,*,#2873,.F.);
#3667=ORIENTED_EDGE('',*,*,#2811,.F.);
#3668=ORIENTED_EDGE('',*,*,#2878,.T.);
#3669=ORIENTED_EDGE('',*,*,#2879,.T.);
#3670=ORIENTED_EDGE('',*,*,#2876,.F.);
#3671=ORIENTED_EDGE('',*,*,#2810,.F.);
#3672=ORIENTED_EDGE('',*,*,#2875,.T.);
#3673=ORIENTED_EDGE('',*,*,#2880,.T.);
#3674=ORIENTED_EDGE('',*,*,#2878,.F.);
#3675=ORIENTED_EDGE('',*,*,#2880,.F.);
#3676=ORIENTED_EDGE('',*,*,#2874,.F.);
#3677=ORIENTED_EDGE('',*,*,#2877,.F.);
#3678=ORIENTED_EDGE('',*,*,#2879,.F.);
#3679=ORIENTED_EDGE('',*,*,#2805,.F.);
#3680=ORIENTED_EDGE('',*,*,#2881,.T.);
#3681=ORIENTED_EDGE('',*,*,#2882,.T.);
#3682=ORIENTED_EDGE('',*,*,#2883,.F.);
#3683=ORIENTED_EDGE('',*,*,#2808,.F.);
#3684=ORIENTED_EDGE('',*,*,#2884,.T.);
#3685=ORIENTED_EDGE('',*,*,#2885,.T.);
#3686=ORIENTED_EDGE('',*,*,#2881,.F.);
#3687=ORIENTED_EDGE('',*,*,#2807,.F.);
#3688=ORIENTED_EDGE('',*,*,#2886,.T.);
#3689=ORIENTED_EDGE('',*,*,#2887,.T.);
#3690=ORIENTED_EDGE('',*,*,#2884,.F.);
#3691=ORIENTED_EDGE('',*,*,#2806,.F.);
#3692=ORIENTED_EDGE('',*,*,#2883,.T.);
#3693=ORIENTED_EDGE('',*,*,#2888,.T.);
#3694=ORIENTED_EDGE('',*,*,#2886,.F.);
#3695=ORIENTED_EDGE('',*,*,#2888,.F.);
#3696=ORIENTED_EDGE('',*,*,#2882,.F.);
#3697=ORIENTED_EDGE('',*,*,#2885,.F.);
#3698=ORIENTED_EDGE('',*,*,#2887,.F.);
#3699=ORIENTED_EDGE('',*,*,#2801,.F.);
#3700=ORIENTED_EDGE('',*,*,#2889,.T.);
#3701=ORIENTED_EDGE('',*,*,#2890,.T.);
#3702=ORIENTED_EDGE('',*,*,#2891,.F.);
#3703=ORIENTED_EDGE('',*,*,#2804,.F.);
#3704=ORIENTED_EDGE('',*,*,#2892,.T.);
#3705=ORIENTED_EDGE('',*,*,#2893,.T.);
#3706=ORIENTED_EDGE('',*,*,#2889,.F.);
#3707=ORIENTED_EDGE('',*,*,#2803,.F.);
#3708=ORIENTED_EDGE('',*,*,#2894,.T.);
#3709=ORIENTED_EDGE('',*,*,#2895,.T.);
#3710=ORIENTED_EDGE('',*,*,#2892,.F.);
#3711=ORIENTED_EDGE('',*,*,#2802,.F.);
#3712=ORIENTED_EDGE('',*,*,#2891,.T.);
#3713=ORIENTED_EDGE('',*,*,#2896,.T.);
#3714=ORIENTED_EDGE('',*,*,#2894,.F.);
#3715=ORIENTED_EDGE('',*,*,#2896,.F.);
#3716=ORIENTED_EDGE('',*,*,#2890,.F.);
#3717=ORIENTED_EDGE('',*,*,#2893,.F.);
#3718=ORIENTED_EDGE('',*,*,#2895,.F.);
#3719=ORIENTED_EDGE('',*,*,#2797,.F.);
#3720=ORIENTED_EDGE('',*,*,#2897,.T.);
#3721=ORIENTED_EDGE('',*,*,#2898,.T.);
#3722=ORIENTED_EDGE('',*,*,#2899,.F.);
#3723=ORIENTED_EDGE('',*,*,#2800,.F.);
#3724=ORIENTED_EDGE('',*,*,#2900,.T.);
#3725=ORIENTED_EDGE('',*,*,#2901,.T.);
#3726=ORIENTED_EDGE('',*,*,#2897,.F.);
#3727=ORIENTED_EDGE('',*,*,#2799,.F.);
#3728=ORIENTED_EDGE('',*,*,#2902,.T.);
#3729=ORIENTED_EDGE('',*,*,#2903,.T.);
#3730=ORIENTED_EDGE('',*,*,#2900,.F.);
#3731=ORIENTED_EDGE('',*,*,#2798,.F.);
#3732=ORIENTED_EDGE('',*,*,#2899,.T.);
#3733=ORIENTED_EDGE('',*,*,#2904,.T.);
#3734=ORIENTED_EDGE('',*,*,#2902,.F.);
#3735=ORIENTED_EDGE('',*,*,#2904,.F.);
#3736=ORIENTED_EDGE('',*,*,#2898,.F.);
#3737=ORIENTED_EDGE('',*,*,#2901,.F.);
#3738=ORIENTED_EDGE('',*,*,#2903,.F.);
#3739=ORIENTED_EDGE('',*,*,#2793,.F.);
#3740=ORIENTED_EDGE('',*,*,#2905,.T.);
#3741=ORIENTED_EDGE('',*,*,#2906,.T.);
#3742=ORIENTED_EDGE('',*,*,#2907,.F.);
#3743=ORIENTED_EDGE('',*,*,#2796,.F.);
#3744=ORIENTED_EDGE('',*,*,#2908,.T.);
#3745=ORIENTED_EDGE('',*,*,#2909,.T.);
#3746=ORIENTED_EDGE('',*,*,#2905,.F.);
#3747=ORIENTED_EDGE('',*,*,#2795,.F.);
#3748=ORIENTED_EDGE('',*,*,#2910,.T.);
#3749=ORIENTED_EDGE('',*,*,#2911,.T.);
#3750=ORIENTED_EDGE('',*,*,#2908,.F.);
#3751=ORIENTED_EDGE('',*,*,#2794,.F.);
#3752=ORIENTED_EDGE('',*,*,#2907,.T.);
#3753=ORIENTED_EDGE('',*,*,#2912,.T.);
#3754=ORIENTED_EDGE('',*,*,#2910,.F.);
#3755=ORIENTED_EDGE('',*,*,#2912,.F.);
#3756=ORIENTED_EDGE('',*,*,#2906,.F.);
#3757=ORIENTED_EDGE('',*,*,#2909,.F.);
#3758=ORIENTED_EDGE('',*,*,#2911,.F.);
#3759=ORIENTED_EDGE('',*,*,#2789,.F.);
#3760=ORIENTED_EDGE('',*,*,#2913,.T.);
#3761=ORIENTED_EDGE('',*,*,#2914,.T.);
#3762=ORIENTED_EDGE('',*,*,#2915,.F.);
#3763=ORIENTED_EDGE('',*,*,#2792,.F.);
#3764=ORIENTED_EDGE('',*,*,#2916,.T.);
#3765=ORIENTED_EDGE('',*,*,#2917,.T.);
#3766=ORIENTED_EDGE('',*,*,#2913,.F.);
#3767=ORIENTED_EDGE('',*,*,#2791,.F.);
#3768=ORIENTED_EDGE('',*,*,#2918,.T.);
#3769=ORIENTED_EDGE('',*,*,#2919,.T.);
#3770=ORIENTED_EDGE('',*,*,#2916,.F.);
#3771=ORIENTED_EDGE('',*,*,#2790,.F.);
#3772=ORIENTED_EDGE('',*,*,#2915,.T.);
#3773=ORIENTED_EDGE('',*,*,#2920,.T.);
#3774=ORIENTED_EDGE('',*,*,#2918,.F.);
#3775=ORIENTED_EDGE('',*,*,#2920,.F.);
#3776=ORIENTED_EDGE('',*,*,#2914,.F.);
#3777=ORIENTED_EDGE('',*,*,#2917,.F.);
#3778=ORIENTED_EDGE('',*,*,#2919,.F.);
#3779=ORIENTED_EDGE('',*,*,#2785,.F.);
#3780=ORIENTED_EDGE('',*,*,#2921,.T.);
#3781=ORIENTED_EDGE('',*,*,#2922,.T.);
#3782=ORIENTED_EDGE('',*,*,#2923,.F.);
#3783=ORIENTED_EDGE('',*,*,#2788,.F.);
#3784=ORIENTED_EDGE('',*,*,#2924,.T.);
#3785=ORIENTED_EDGE('',*,*,#2925,.T.);
#3786=ORIENTED_EDGE('',*,*,#2921,.F.);
#3787=ORIENTED_EDGE('',*,*,#2787,.F.);
#3788=ORIENTED_EDGE('',*,*,#2926,.T.);
#3789=ORIENTED_EDGE('',*,*,#2927,.T.);
#3790=ORIENTED_EDGE('',*,*,#2924,.F.);
#3791=ORIENTED_EDGE('',*,*,#2786,.F.);
#3792=ORIENTED_EDGE('',*,*,#2923,.T.);
#3793=ORIENTED_EDGE('',*,*,#2928,.T.);
#3794=ORIENTED_EDGE('',*,*,#2926,.F.);
#3795=ORIENTED_EDGE('',*,*,#2928,.F.);
#3796=ORIENTED_EDGE('',*,*,#2922,.F.);
#3797=ORIENTED_EDGE('',*,*,#2925,.F.);
#3798=ORIENTED_EDGE('',*,*,#2927,.F.);
#3799=ORIENTED_EDGE('',*,*,#2781,.F.);
#3800=ORIENTED_EDGE('',*,*,#2929,.T.);
#3801=ORIENTED_EDGE('',*,*,#2930,.T.);
#3802=ORIENTED_EDGE('',*,*,#2931,.F.);
#3803=ORIENTED_EDGE('',*,*,#2784,.F.);
#3804=ORIENTED_EDGE('',*,*,#2932,.T.);
#3805=ORIENTED_EDGE('',*,*,#2933,.T.);
#3806=ORIENTED_EDGE('',*,*,#2929,.F.);
#3807=ORIENTED_EDGE('',*,*,#2783,.F.);
#3808=ORIENTED_EDGE('',*,*,#2934,.T.);
#3809=ORIENTED_EDGE('',*,*,#2935,.T.);
#3810=ORIENTED_EDGE('',*,*,#2932,.F.);
#3811=ORIENTED_EDGE('',*,*,#2782,.F.);
#3812=ORIENTED_EDGE('',*,*,#2931,.T.);
#3813=ORIENTED_EDGE('',*,*,#2936,.T.);
#3814=ORIENTED_EDGE('',*,*,#2934,.F.);
#3815=ORIENTED_EDGE('',*,*,#2936,.F.);
#3816=ORIENTED_EDGE('',*,*,#2930,.F.);
#3817=ORIENTED_EDGE('',*,*,#2933,.F.);
#3818=ORIENTED_EDGE('',*,*,#2935,.F.);
#3819=ORIENTED_EDGE('',*,*,#2777,.F.);
#3820=ORIENTED_EDGE('',*,*,#2937,.T.);
#3821=ORIENTED_EDGE('',*,*,#2938,.T.);
#3822=ORIENTED_EDGE('',*,*,#2939,.F.);
#3823=ORIENTED_EDGE('',*,*,#2780,.F.);
#3824=ORIENTED_EDGE('',*,*,#2940,.T.);
#3825=ORIENTED_EDGE('',*,*,#2941,.T.);
#3826=ORIENTED_EDGE('',*,*,#2937,.F.);
#3827=ORIENTED_EDGE('',*,*,#2779,.F.);
#3828=ORIENTED_EDGE('',*,*,#2942,.T.);
#3829=ORIENTED_EDGE('',*,*,#2943,.T.);
#3830=ORIENTED_EDGE('',*,*,#2940,.F.);
#3831=ORIENTED_EDGE('',*,*,#2778,.F.);
#3832=ORIENTED_EDGE('',*,*,#2939,.T.);
#3833=ORIENTED_EDGE('',*,*,#2944,.T.);
#3834=ORIENTED_EDGE('',*,*,#2942,.F.);
#3835=ORIENTED_EDGE('',*,*,#2944,.F.);
#3836=ORIENTED_EDGE('',*,*,#2938,.F.);
#3837=ORIENTED_EDGE('',*,*,#2941,.F.);
#3838=ORIENTED_EDGE('',*,*,#2943,.F.);
#3839=ORIENTED_EDGE('',*,*,#2773,.F.);
#3840=ORIENTED_EDGE('',*,*,#2945,.T.);
#3841=ORIENTED_EDGE('',*,*,#2946,.T.);
#3842=ORIENTED_EDGE('',*,*,#2947,.F.);
#3843=ORIENTED_EDGE('',*,*,#2776,.F.);
#3844=ORIENTED_EDGE('',*,*,#2948,.T.);
#3845=ORIENTED_EDGE('',*,*,#2949,.T.);
#3846=ORIENTED_EDGE('',*,*,#2945,.F.);
#3847=ORIENTED_EDGE('',*,*,#2775,.F.);
#3848=ORIENTED_EDGE('',*,*,#2950,.T.);
#3849=ORIENTED_EDGE('',*,*,#2951,.T.);
#3850=ORIENTED_EDGE('',*,*,#2948,.F.);
#3851=ORIENTED_EDGE('',*,*,#2774,.F.);
#3852=ORIENTED_EDGE('',*,*,#2947,.T.);
#3853=ORIENTED_EDGE('',*,*,#2952,.T.);
#3854=ORIENTED_EDGE('',*,*,#2950,.F.);
#3855=ORIENTED_EDGE('',*,*,#2952,.F.);
#3856=ORIENTED_EDGE('',*,*,#2946,.F.);
#3857=ORIENTED_EDGE('',*,*,#2949,.F.);
#3858=ORIENTED_EDGE('',*,*,#2951,.F.);
#3859=ORIENTED_EDGE('',*,*,#2769,.F.);
#3860=ORIENTED_EDGE('',*,*,#2953,.T.);
#3861=ORIENTED_EDGE('',*,*,#2954,.T.);
#3862=ORIENTED_EDGE('',*,*,#2955,.F.);
#3863=ORIENTED_EDGE('',*,*,#2772,.F.);
#3864=ORIENTED_EDGE('',*,*,#2956,.T.);
#3865=ORIENTED_EDGE('',*,*,#2957,.T.);
#3866=ORIENTED_EDGE('',*,*,#2953,.F.);
#3867=ORIENTED_EDGE('',*,*,#2771,.F.);
#3868=ORIENTED_EDGE('',*,*,#2958,.T.);
#3869=ORIENTED_EDGE('',*,*,#2959,.T.);
#3870=ORIENTED_EDGE('',*,*,#2956,.F.);
#3871=ORIENTED_EDGE('',*,*,#2770,.F.);
#3872=ORIENTED_EDGE('',*,*,#2955,.T.);
#3873=ORIENTED_EDGE('',*,*,#2960,.T.);
#3874=ORIENTED_EDGE('',*,*,#2958,.F.);
#3875=ORIENTED_EDGE('',*,*,#2960,.F.);
#3876=ORIENTED_EDGE('',*,*,#2954,.F.);
#3877=ORIENTED_EDGE('',*,*,#2957,.F.);
#3878=ORIENTED_EDGE('',*,*,#2959,.F.);
#3879=ORIENTED_EDGE('',*,*,#2863,.F.);
#3880=ORIENTED_EDGE('',*,*,#2961,.T.);
#3881=ORIENTED_EDGE('',*,*,#2962,.T.);
#3882=ORIENTED_EDGE('',*,*,#2961,.F.);
#3883=ORIENTED_EDGE('',*,*,#2962,.F.);
#3884=ORIENTED_EDGE('',*,*,#2963,.T.);
#3885=ORIENTED_EDGE('',*,*,#2964,.F.);
#3886=ORIENTED_EDGE('',*,*,#2963,.F.);
#3887=ORIENTED_EDGE('',*,*,#2965,.F.);
#3888=ORIENTED_EDGE('',*,*,#2966,.F.);
#3889=ORIENTED_EDGE('',*,*,#2966,.T.);
#3890=ORIENTED_EDGE('',*,*,#2967,.T.);
#3891=ORIENTED_EDGE('',*,*,#2968,.F.);
#3892=ORIENTED_EDGE('',*,*,#2967,.F.);
#3893=ORIENTED_EDGE('',*,*,#2965,.T.);
#3894=ORIENTED_EDGE('',*,*,#2969,.T.);
#3895=ORIENTED_EDGE('',*,*,#2970,.F.);
#3896=ORIENTED_EDGE('',*,*,#2969,.F.);
#3897=ORIENTED_EDGE('',*,*,#2971,.T.);
#3898=ORIENTED_EDGE('',*,*,#2972,.F.);
#3899=ORIENTED_EDGE('',*,*,#2973,.T.);
#3900=ORIENTED_EDGE('',*,*,#2974,.F.);
#3901=ORIENTED_EDGE('',*,*,#2975,.T.);
#3902=ORIENTED_EDGE('',*,*,#2976,.T.);
#3903=ORIENTED_EDGE('',*,*,#2977,.T.);
#3904=ORIENTED_EDGE('',*,*,#2978,.T.);
#3905=ORIENTED_EDGE('',*,*,#2979,.T.);
#3906=ORIENTED_EDGE('',*,*,#2980,.T.);
#3907=ORIENTED_EDGE('',*,*,#2981,.T.);
#3908=ORIENTED_EDGE('',*,*,#2982,.T.);
#3909=ORIENTED_EDGE('',*,*,#2974,.T.);
#3910=ORIENTED_EDGE('',*,*,#2983,.T.);
#3911=ORIENTED_EDGE('',*,*,#2984,.T.);
#3912=ORIENTED_EDGE('',*,*,#2985,.T.);
#3913=ORIENTED_EDGE('',*,*,#2986,.T.);
#3914=ORIENTED_EDGE('',*,*,#2987,.T.);
#3915=ORIENTED_EDGE('',*,*,#2988,.T.);
#3916=ORIENTED_EDGE('',*,*,#2989,.F.);
#3917=ORIENTED_EDGE('',*,*,#2990,.F.);
#3918=ORIENTED_EDGE('',*,*,#2991,.F.);
#3919=ORIENTED_EDGE('',*,*,#2992,.T.);
#3920=ORIENTED_EDGE('',*,*,#2980,.F.);
#3921=ORIENTED_EDGE('',*,*,#2993,.F.);
#3922=ORIENTED_EDGE('',*,*,#2982,.F.);
#3923=ORIENTED_EDGE('',*,*,#2994,.F.);
#3924=ORIENTED_EDGE('',*,*,#2995,.F.);
#3925=ORIENTED_EDGE('',*,*,#2996,.F.);
#3926=ORIENTED_EDGE('',*,*,#2994,.T.);
#3927=ORIENTED_EDGE('',*,*,#2981,.F.);
#3928=ORIENTED_EDGE('',*,*,#2992,.F.);
#3929=ORIENTED_EDGE('',*,*,#2995,.T.);
#3930=ORIENTED_EDGE('',*,*,#2996,.T.);
#3931=ORIENTED_EDGE('',*,*,#2991,.T.);
#3932=ORIENTED_EDGE('',*,*,#2997,.T.);
#3933=ORIENTED_EDGE('',*,*,#2998,.T.);
#3934=ORIENTED_EDGE('',*,*,#2999,.T.);
#3935=ORIENTED_EDGE('',*,*,#3000,.T.);
#3936=ORIENTED_EDGE('',*,*,#3001,.F.);
#3937=ORIENTED_EDGE('',*,*,#3002,.T.);
#3938=ORIENTED_EDGE('',*,*,#3003,.T.);
#3939=ORIENTED_EDGE('',*,*,#3004,.F.);
#3940=ORIENTED_EDGE('',*,*,#3005,.F.);
#3941=ORIENTED_EDGE('',*,*,#2964,.T.);
#3942=ORIENTED_EDGE('',*,*,#3006,.T.);
#3943=ORIENTED_EDGE('',*,*,#3007,.T.);
#3944=ORIENTED_EDGE('',*,*,#3008,.T.);
#3945=ORIENTED_EDGE('',*,*,#3009,.T.);
#3946=ORIENTED_EDGE('',*,*,#3010,.T.);
#3947=ORIENTED_EDGE('',*,*,#3011,.T.);
#3948=ORIENTED_EDGE('',*,*,#3012,.T.);
#3949=ORIENTED_EDGE('',*,*,#3013,.T.);
#3950=ORIENTED_EDGE('',*,*,#3014,.F.);
#3951=ORIENTED_EDGE('',*,*,#2978,.F.);
#3952=ORIENTED_EDGE('',*,*,#3015,.F.);
#3953=ORIENTED_EDGE('',*,*,#2998,.F.);
#3954=ORIENTED_EDGE('',*,*,#3016,.F.);
#3955=ORIENTED_EDGE('',*,*,#3000,.F.);
#3956=ORIENTED_EDGE('',*,*,#3017,.T.);
#3957=ORIENTED_EDGE('',*,*,#2976,.F.);
#3958=ORIENTED_EDGE('',*,*,#3015,.T.);
#3959=ORIENTED_EDGE('',*,*,#2977,.F.);
#3960=ORIENTED_EDGE('',*,*,#3017,.F.);
#3961=ORIENTED_EDGE('',*,*,#2999,.F.);
#3962=ORIENTED_EDGE('',*,*,#2993,.T.);
#3963=ORIENTED_EDGE('',*,*,#3005,.T.);
#3964=ORIENTED_EDGE('',*,*,#3018,.T.);
#3965=ORIENTED_EDGE('',*,*,#3019,.T.);
#3966=ORIENTED_EDGE('',*,*,#3020,.T.);
#3967=ORIENTED_EDGE('',*,*,#3001,.T.);
#3968=ORIENTED_EDGE('',*,*,#3016,.T.);
#3969=ORIENTED_EDGE('',*,*,#2975,.F.);
#3970=ORIENTED_EDGE('',*,*,#2971,.F.);
#3971=ORIENTED_EDGE('',*,*,#2989,.T.);
#3972=ORIENTED_EDGE('',*,*,#3021,.T.);
#3973=ORIENTED_EDGE('',*,*,#3022,.T.);
#3974=ORIENTED_EDGE('',*,*,#3023,.T.);
#3975=ORIENTED_EDGE('',*,*,#3024,.T.);
#3976=ORIENTED_EDGE('',*,*,#3025,.T.);
#3977=ORIENTED_EDGE('',*,*,#3026,.T.);
#3978=ORIENTED_EDGE('',*,*,#2997,.F.);
#3979=ORIENTED_EDGE('',*,*,#2990,.T.);
#3980=ORIENTED_EDGE('',*,*,#2979,.F.);
#3981=ORIENTED_EDGE('',*,*,#3014,.T.);
#3982=ORIENTED_EDGE('',*,*,#2968,.T.);
#3983=ORIENTED_EDGE('',*,*,#2970,.T.);
#3984=ORIENTED_EDGE('',*,*,#2855,.F.);
#3985=ORIENTED_EDGE('',*,*,#3027,.T.);
#3986=ORIENTED_EDGE('',*,*,#3006,.F.);
#3987=ORIENTED_EDGE('',*,*,#3028,.F.);
#3988=ORIENTED_EDGE('',*,*,#2862,.F.);
#3989=ORIENTED_EDGE('',*,*,#3029,.T.);
#3990=ORIENTED_EDGE('',*,*,#3007,.F.);
#3991=ORIENTED_EDGE('',*,*,#3027,.F.);
#3992=ORIENTED_EDGE('',*,*,#2861,.F.);
#3993=ORIENTED_EDGE('',*,*,#3030,.T.);
#3994=ORIENTED_EDGE('',*,*,#3008,.F.);
#3995=ORIENTED_EDGE('',*,*,#3029,.F.);
#3996=ORIENTED_EDGE('',*,*,#2860,.F.);
#3997=ORIENTED_EDGE('',*,*,#3031,.T.);
#3998=ORIENTED_EDGE('',*,*,#3009,.F.);
#3999=ORIENTED_EDGE('',*,*,#3030,.F.);
#4000=ORIENTED_EDGE('',*,*,#2859,.F.);
#4001=ORIENTED_EDGE('',*,*,#3032,.T.);
#4002=ORIENTED_EDGE('',*,*,#3010,.F.);
#4003=ORIENTED_EDGE('',*,*,#3031,.F.);
#4004=ORIENTED_EDGE('',*,*,#2858,.F.);
#4005=ORIENTED_EDGE('',*,*,#3033,.T.);
#4006=ORIENTED_EDGE('',*,*,#3011,.F.);
#4007=ORIENTED_EDGE('',*,*,#3032,.F.);
#4008=ORIENTED_EDGE('',*,*,#2857,.F.);
#4009=ORIENTED_EDGE('',*,*,#3034,.T.);
#4010=ORIENTED_EDGE('',*,*,#3012,.F.);
#4011=ORIENTED_EDGE('',*,*,#3033,.F.);
#4012=ORIENTED_EDGE('',*,*,#2856,.F.);
#4013=ORIENTED_EDGE('',*,*,#3028,.T.);
#4014=ORIENTED_EDGE('',*,*,#3013,.F.);
#4015=ORIENTED_EDGE('',*,*,#3034,.F.);
#4016=ORIENTED_EDGE('',*,*,#2764,.T.);
#4017=ORIENTED_EDGE('',*,*,#3035,.T.);
#4018=ORIENTED_EDGE('',*,*,#3036,.T.);
#4019=ORIENTED_EDGE('',*,*,#3037,.T.);
#4020=ORIENTED_EDGE('',*,*,#3035,.F.);
#4021=ORIENTED_EDGE('',*,*,#3036,.F.);
#4022=ORIENTED_EDGE('',*,*,#3037,.F.);
#4023=ORIENTED_EDGE('',*,*,#3038,.T.);
#4024=ORIENTED_EDGE('',*,*,#3039,.T.);
#4025=ORIENTED_EDGE('',*,*,#3038,.F.);
#4026=ORIENTED_EDGE('',*,*,#3039,.F.);
#4027=ORIENTED_EDGE('',*,*,#3040,.T.);
#4028=ORIENTED_EDGE('',*,*,#3040,.F.);
#4029=ORIENTED_EDGE('',*,*,#3041,.T.);
#4030=ORIENTED_EDGE('',*,*,#3042,.F.);
#4031=ORIENTED_EDGE('',*,*,#3041,.F.);
#4032=ORIENTED_EDGE('',*,*,#3043,.F.);
#4033=ORIENTED_EDGE('',*,*,#3044,.T.);
#4034=ORIENTED_EDGE('',*,*,#3045,.F.);
#4035=ORIENTED_EDGE('',*,*,#3046,.T.);
#4036=ORIENTED_EDGE('',*,*,#3043,.T.);
#4037=ORIENTED_EDGE('',*,*,#3046,.F.);
#4038=ORIENTED_EDGE('',*,*,#3044,.F.);
#4039=ORIENTED_EDGE('',*,*,#3047,.T.);
#4040=ORIENTED_EDGE('',*,*,#3026,.F.);
#4041=ORIENTED_EDGE('',*,*,#3047,.F.);
#4042=ORIENTED_EDGE('',*,*,#3048,.F.);
#4043=ORIENTED_EDGE('',*,*,#3049,.T.);
#4044=ORIENTED_EDGE('',*,*,#3050,.F.);
#4045=ORIENTED_EDGE('',*,*,#3051,.T.);
#4046=ORIENTED_EDGE('',*,*,#3048,.T.);
#4047=ORIENTED_EDGE('',*,*,#3051,.F.);
#4048=ORIENTED_EDGE('',*,*,#3049,.F.);
#4049=ORIENTED_EDGE('',*,*,#3052,.T.);
#4050=ORIENTED_EDGE('',*,*,#3025,.F.);
#4051=ORIENTED_EDGE('',*,*,#3052,.F.);
#4052=ORIENTED_EDGE('',*,*,#3053,.F.);
#4053=ORIENTED_EDGE('',*,*,#3054,.T.);
#4054=ORIENTED_EDGE('',*,*,#3055,.F.);
#4055=ORIENTED_EDGE('',*,*,#3056,.T.);
#4056=ORIENTED_EDGE('',*,*,#3053,.T.);
#4057=ORIENTED_EDGE('',*,*,#3056,.F.);
#4058=ORIENTED_EDGE('',*,*,#3054,.F.);
#4059=ORIENTED_EDGE('',*,*,#3057,.T.);
#4060=ORIENTED_EDGE('',*,*,#3024,.F.);
#4061=ORIENTED_EDGE('',*,*,#3057,.F.);
#4062=ORIENTED_EDGE('',*,*,#3058,.F.);
#4063=ORIENTED_EDGE('',*,*,#3059,.T.);
#4064=ORIENTED_EDGE('',*,*,#3060,.F.);
#4065=ORIENTED_EDGE('',*,*,#3061,.T.);
#4066=ORIENTED_EDGE('',*,*,#3058,.T.);
#4067=ORIENTED_EDGE('',*,*,#3061,.F.);
#4068=ORIENTED_EDGE('',*,*,#3059,.F.);
#4069=ORIENTED_EDGE('',*,*,#3062,.T.);
#4070=ORIENTED_EDGE('',*,*,#3023,.F.);
#4071=ORIENTED_EDGE('',*,*,#3062,.F.);
#4072=ORIENTED_EDGE('',*,*,#2838,.T.);
#4073=ORIENTED_EDGE('',*,*,#2842,.F.);
#4074=ORIENTED_EDGE('',*,*,#2843,.T.);
#4075=ORIENTED_EDGE('',*,*,#2846,.F.);
#4076=ORIENTED_EDGE('',*,*,#2847,.T.);
#4077=ORIENTED_EDGE('',*,*,#2850,.F.);
#4078=ORIENTED_EDGE('',*,*,#2851,.T.);
#4079=ORIENTED_EDGE('',*,*,#2853,.F.);
#4080=ORIENTED_EDGE('',*,*,#3003,.F.);
#4081=ORIENTED_EDGE('',*,*,#3063,.F.);
#4082=ORIENTED_EDGE('',*,*,#3064,.F.);
#4083=ORIENTED_EDGE('',*,*,#3065,.F.);
#4084=ORIENTED_EDGE('',*,*,#3063,.T.);
#4085=ORIENTED_EDGE('',*,*,#3002,.F.);
#4086=ORIENTED_EDGE('',*,*,#3020,.F.);
#4087=ORIENTED_EDGE('',*,*,#3066,.T.);
#4088=ORIENTED_EDGE('',*,*,#3042,.T.);
#4089=ORIENTED_EDGE('',*,*,#3065,.T.);
#4090=ORIENTED_EDGE('',*,*,#3067,.F.);
#4091=ORIENTED_EDGE('',*,*,#3018,.F.);
#4092=ORIENTED_EDGE('',*,*,#3004,.T.);
#4093=ORIENTED_EDGE('',*,*,#3068,.T.);
#4094=ORIENTED_EDGE('',*,*,#3069,.F.);
#4095=ORIENTED_EDGE('',*,*,#2766,.T.);
#4096=ORIENTED_EDGE('',*,*,#3070,.T.);
#4097=ORIENTED_EDGE('',*,*,#3064,.T.);
#4098=ORIENTED_EDGE('',*,*,#3066,.F.);
#4099=ORIENTED_EDGE('',*,*,#3019,.F.);
#4100=ORIENTED_EDGE('',*,*,#3067,.T.);
#4101=ORIENTED_EDGE('',*,*,#3071,.T.);
#4102=ORIENTED_EDGE('',*,*,#3072,.T.);
#4103=ORIENTED_EDGE('',*,*,#3073,.T.);
#4104=ORIENTED_EDGE('',*,*,#3074,.T.);
#4105=ORIENTED_EDGE('',*,*,#3075,.T.);
#4106=ORIENTED_EDGE('',*,*,#3076,.F.);
#4107=ORIENTED_EDGE('',*,*,#2767,.T.);
#4108=ORIENTED_EDGE('',*,*,#3069,.T.);
#4109=ORIENTED_EDGE('',*,*,#3077,.T.);
#4110=ORIENTED_EDGE('',*,*,#3078,.F.);
#4111=ORIENTED_EDGE('',*,*,#2768,.T.);
#4112=ORIENTED_EDGE('',*,*,#3076,.T.);
#4113=ORIENTED_EDGE('',*,*,#3079,.T.);
#4114=ORIENTED_EDGE('',*,*,#3080,.T.);
#4115=ORIENTED_EDGE('',*,*,#3081,.T.);
#4116=ORIENTED_EDGE('',*,*,#3082,.T.);
#4117=ORIENTED_EDGE('',*,*,#3083,.T.);
#4118=ORIENTED_EDGE('',*,*,#3070,.F.);
#4119=ORIENTED_EDGE('',*,*,#2765,.T.);
#4120=ORIENTED_EDGE('',*,*,#3078,.T.);
#4121=ORIENTED_EDGE('',*,*,#3084,.F.);
#4122=ORIENTED_EDGE('',*,*,#3085,.F.);
#4123=ORIENTED_EDGE('',*,*,#3086,.T.);
#4124=ORIENTED_EDGE('',*,*,#3072,.F.);
#4125=ORIENTED_EDGE('',*,*,#3087,.F.);
#4126=ORIENTED_EDGE('',*,*,#3074,.F.);
#4127=ORIENTED_EDGE('',*,*,#3088,.T.);
#4128=ORIENTED_EDGE('',*,*,#3089,.F.);
#4129=ORIENTED_EDGE('',*,*,#3088,.F.);
#4130=ORIENTED_EDGE('',*,*,#3073,.F.);
#4131=ORIENTED_EDGE('',*,*,#3086,.F.);
#4132=ORIENTED_EDGE('',*,*,#3090,.F.);
#4133=ORIENTED_EDGE('',*,*,#3091,.F.);
#4134=ORIENTED_EDGE('',*,*,#3082,.F.);
#4135=ORIENTED_EDGE('',*,*,#3092,.T.);
#4136=ORIENTED_EDGE('',*,*,#2984,.F.);
#4137=ORIENTED_EDGE('',*,*,#3093,.F.);
#4138=ORIENTED_EDGE('',*,*,#2986,.F.);
#4139=ORIENTED_EDGE('',*,*,#3094,.T.);
#4140=ORIENTED_EDGE('',*,*,#3080,.F.);
#4141=ORIENTED_EDGE('',*,*,#3094,.F.);
#4142=ORIENTED_EDGE('',*,*,#2985,.F.);
#4143=ORIENTED_EDGE('',*,*,#3092,.F.);
#4144=ORIENTED_EDGE('',*,*,#3081,.F.);
#4145=ORIENTED_EDGE('',*,*,#3089,.T.);
#4146=ORIENTED_EDGE('',*,*,#3090,.T.);
#4147=ORIENTED_EDGE('',*,*,#3085,.T.);
#4148=ORIENTED_EDGE('',*,*,#3095,.T.);
#4149=ORIENTED_EDGE('',*,*,#3096,.T.);
#4150=ORIENTED_EDGE('',*,*,#3021,.F.);
#4151=ORIENTED_EDGE('',*,*,#2988,.F.);
#4152=ORIENTED_EDGE('',*,*,#3097,.T.);
#4153=ORIENTED_EDGE('',*,*,#3084,.T.);
#4154=ORIENTED_EDGE('',*,*,#3071,.F.);
#4155=ORIENTED_EDGE('',*,*,#3068,.F.);
#4156=ORIENTED_EDGE('',*,*,#3083,.F.);
#4157=ORIENTED_EDGE('',*,*,#3077,.F.);
#4158=ORIENTED_EDGE('',*,*,#3091,.T.);
#4159=ORIENTED_EDGE('',*,*,#2983,.F.);
#4160=ORIENTED_EDGE('',*,*,#2973,.F.);
#4161=ORIENTED_EDGE('',*,*,#3098,.F.);
#4162=ORIENTED_EDGE('',*,*,#3095,.F.);
#4163=ORIENTED_EDGE('',*,*,#3045,.T.);
#4164=ORIENTED_EDGE('',*,*,#3055,.T.);
#4165=ORIENTED_EDGE('',*,*,#3060,.T.);
#4166=ORIENTED_EDGE('',*,*,#3087,.T.);
#4167=ORIENTED_EDGE('',*,*,#3097,.F.);
#4168=ORIENTED_EDGE('',*,*,#2987,.F.);
#4169=ORIENTED_EDGE('',*,*,#3093,.T.);
#4170=ORIENTED_EDGE('',*,*,#3079,.F.);
#4171=ORIENTED_EDGE('',*,*,#3075,.F.);
#4172=ORIENTED_EDGE('',*,*,#3050,.T.);
#4173=ORIENTED_EDGE('',*,*,#2972,.T.);
#4174=ORIENTED_EDGE('',*,*,#3022,.F.);
#4175=ORIENTED_EDGE('',*,*,#3096,.F.);
#4176=ORIENTED_EDGE('',*,*,#3098,.T.);
#4177=ORIENTED_EDGE('',*,*,#3099,.T.);
#4178=ORIENTED_EDGE('',*,*,#3100,.T.);
#4179=ORIENTED_EDGE('',*,*,#3101,.T.);
#4180=ORIENTED_EDGE('',*,*,#3102,.T.);
#4181=ORIENTED_EDGE('',*,*,#3099,.F.);
#4182=ORIENTED_EDGE('',*,*,#3103,.T.);
#4183=ORIENTED_EDGE('',*,*,#3104,.F.);
#4184=ORIENTED_EDGE('',*,*,#3105,.T.);
#4185=ORIENTED_EDGE('',*,*,#3106,.F.);
#4186=ORIENTED_EDGE('',*,*,#3107,.T.);
#4187=ORIENTED_EDGE('',*,*,#3108,.F.);
#4188=ORIENTED_EDGE('',*,*,#3109,.T.);
#4189=ORIENTED_EDGE('',*,*,#3110,.T.);
#4190=ORIENTED_EDGE('',*,*,#3111,.T.);
#4191=ORIENTED_EDGE('',*,*,#3112,.T.);
#4192=ORIENTED_EDGE('',*,*,#3113,.T.);
#4193=ORIENTED_EDGE('',*,*,#3102,.F.);
#4194=ORIENTED_EDGE('',*,*,#3114,.F.);
#4195=ORIENTED_EDGE('',*,*,#3115,.F.);
#4196=ORIENTED_EDGE('',*,*,#3103,.F.);
#4197=ORIENTED_EDGE('',*,*,#3104,.T.);
#4198=ORIENTED_EDGE('',*,*,#3115,.T.);
#4199=ORIENTED_EDGE('',*,*,#3116,.T.);
#4200=ORIENTED_EDGE('',*,*,#3117,.T.);
#4201=ORIENTED_EDGE('',*,*,#3108,.T.);
#4202=ORIENTED_EDGE('',*,*,#3118,.T.);
#4203=ORIENTED_EDGE('',*,*,#3119,.T.);
#4204=ORIENTED_EDGE('',*,*,#3120,.T.);
#4205=ORIENTED_EDGE('',*,*,#3118,.F.);
#4206=ORIENTED_EDGE('',*,*,#3107,.F.);
#4207=ORIENTED_EDGE('',*,*,#3121,.F.);
#4208=ORIENTED_EDGE('',*,*,#3122,.F.);
#4209=ORIENTED_EDGE('',*,*,#3106,.T.);
#4210=ORIENTED_EDGE('',*,*,#3123,.T.);
#4211=ORIENTED_EDGE('',*,*,#3124,.T.);
#4212=ORIENTED_EDGE('',*,*,#3121,.T.);
#4213=ORIENTED_EDGE('',*,*,#3117,.F.);
#4214=ORIENTED_EDGE('',*,*,#3125,.F.);
#4215=ORIENTED_EDGE('',*,*,#3123,.F.);
#4216=ORIENTED_EDGE('',*,*,#3105,.F.);
#4217=ORIENTED_EDGE('',*,*,#3126,.F.);
#4218=ORIENTED_EDGE('',*,*,#3127,.T.);
#4219=ORIENTED_EDGE('',*,*,#3128,.T.);
#4220=ORIENTED_EDGE('',*,*,#3129,.T.);
#4221=ORIENTED_EDGE('',*,*,#3127,.F.);
#4222=ORIENTED_EDGE('',*,*,#3130,.T.);
#4223=ORIENTED_EDGE('',*,*,#3131,.F.);
#4224=ORIENTED_EDGE('',*,*,#3132,.F.);
#4225=ORIENTED_EDGE('',*,*,#3133,.F.);
#4226=ORIENTED_EDGE('',*,*,#3134,.T.);
#4227=ORIENTED_EDGE('',*,*,#3135,.T.);
#4228=ORIENTED_EDGE('',*,*,#3136,.T.);
#4229=ORIENTED_EDGE('',*,*,#3134,.F.);
#4230=ORIENTED_EDGE('',*,*,#3137,.T.);
#4231=ORIENTED_EDGE('',*,*,#3138,.F.);
#4232=ORIENTED_EDGE('',*,*,#3139,.F.);
#4233=ORIENTED_EDGE('',*,*,#3140,.F.);
#4234=ORIENTED_EDGE('',*,*,#3141,.T.);
#4235=ORIENTED_EDGE('',*,*,#3142,.T.);
#4236=ORIENTED_EDGE('',*,*,#3138,.T.);
#4237=ORIENTED_EDGE('',*,*,#3126,.T.);
#4238=ORIENTED_EDGE('',*,*,#3143,.F.);
#4239=ORIENTED_EDGE('',*,*,#3140,.T.);
#4240=ORIENTED_EDGE('',*,*,#3137,.F.);
#4241=ORIENTED_EDGE('',*,*,#3133,.T.);
#4242=ORIENTED_EDGE('',*,*,#3144,.F.);
#4243=ORIENTED_EDGE('',*,*,#3145,.T.);
#4244=ORIENTED_EDGE('',*,*,#3130,.F.);
#4245=ORIENTED_EDGE('',*,*,#3146,.F.);
#4246=ORIENTED_EDGE('',*,*,#3147,.F.);
#4247=ORIENTED_EDGE('',*,*,#3148,.F.);
#4248=ORIENTED_EDGE('',*,*,#3149,.F.);
#4249=ORIENTED_EDGE('',*,*,#3150,.F.);
#4250=ORIENTED_EDGE('',*,*,#3151,.F.);
#4251=ORIENTED_EDGE('',*,*,#3152,.F.);
#4252=ORIENTED_EDGE('',*,*,#3153,.F.);
#4253=ORIENTED_EDGE('',*,*,#3145,.F.);
#4254=ORIENTED_EDGE('',*,*,#3154,.T.);
#4255=ORIENTED_EDGE('',*,*,#3155,.T.);
#4256=ORIENTED_EDGE('',*,*,#3131,.T.);
#4257=ORIENTED_EDGE('',*,*,#3156,.F.);
#4258=ORIENTED_EDGE('',*,*,#3157,.T.);
#4259=ORIENTED_EDGE('',*,*,#3158,.F.);
#4260=ORIENTED_EDGE('',*,*,#3157,.F.);
#4261=ORIENTED_EDGE('',*,*,#3159,.F.);
#4262=ORIENTED_EDGE('',*,*,#3160,.T.);
#4263=ORIENTED_EDGE('',*,*,#3161,.F.);
#4264=ORIENTED_EDGE('',*,*,#3160,.F.);
#4265=ORIENTED_EDGE('',*,*,#3162,.F.);
#4266=ORIENTED_EDGE('',*,*,#3163,.T.);
#4267=ORIENTED_EDGE('',*,*,#3164,.F.);
#4268=ORIENTED_EDGE('',*,*,#3163,.F.);
#4269=ORIENTED_EDGE('',*,*,#3165,.F.);
#4270=ORIENTED_EDGE('',*,*,#3166,.T.);
#4271=ORIENTED_EDGE('',*,*,#3167,.F.);
#4272=ORIENTED_EDGE('',*,*,#3166,.F.);
#4273=ORIENTED_EDGE('',*,*,#3136,.F.);
#4274=ORIENTED_EDGE('',*,*,#3168,.F.);
#4275=ORIENTED_EDGE('',*,*,#3154,.F.);
#4276=ORIENTED_EDGE('',*,*,#3144,.T.);
#4277=ORIENTED_EDGE('',*,*,#3129,.F.);
#4278=ORIENTED_EDGE('',*,*,#3169,.F.);
#4279=ORIENTED_EDGE('',*,*,#3141,.F.);
#4280=ORIENTED_EDGE('',*,*,#3143,.T.);
#4281=ORIENTED_EDGE('',*,*,#3147,.T.);
#4282=ORIENTED_EDGE('',*,*,#3170,.F.);
#4283=ORIENTED_EDGE('',*,*,#3171,.F.);
#4284=ORIENTED_EDGE('',*,*,#3172,.T.);
#4285=ORIENTED_EDGE('',*,*,#3146,.T.);
#4286=ORIENTED_EDGE('',*,*,#3173,.F.);
#4287=ORIENTED_EDGE('',*,*,#3174,.F.);
#4288=ORIENTED_EDGE('',*,*,#3170,.T.);
#4289=ORIENTED_EDGE('',*,*,#3149,.T.);
#4290=ORIENTED_EDGE('',*,*,#3175,.F.);
#4291=ORIENTED_EDGE('',*,*,#3176,.F.);
#4292=ORIENTED_EDGE('',*,*,#3173,.T.);
#4293=ORIENTED_EDGE('',*,*,#3148,.T.);
#4294=ORIENTED_EDGE('',*,*,#3172,.F.);
#4295=ORIENTED_EDGE('',*,*,#3177,.F.);
#4296=ORIENTED_EDGE('',*,*,#3175,.T.);
#4297=ORIENTED_EDGE('',*,*,#3178,.F.);
#4298=ORIENTED_EDGE('',*,*,#3179,.T.);
#4299=ORIENTED_EDGE('',*,*,#3153,.T.);
#4300=ORIENTED_EDGE('',*,*,#3179,.F.);
#4301=ORIENTED_EDGE('',*,*,#3180,.F.);
#4302=ORIENTED_EDGE('',*,*,#3181,.T.);
#4303=ORIENTED_EDGE('',*,*,#3152,.T.);
#4304=ORIENTED_EDGE('',*,*,#3181,.F.);
#4305=ORIENTED_EDGE('',*,*,#3182,.F.);
#4306=ORIENTED_EDGE('',*,*,#3183,.T.);
#4307=ORIENTED_EDGE('',*,*,#3151,.T.);
#4308=ORIENTED_EDGE('',*,*,#3183,.F.);
#4309=ORIENTED_EDGE('',*,*,#3184,.F.);
#4310=ORIENTED_EDGE('',*,*,#3185,.T.);
#4311=ORIENTED_EDGE('',*,*,#3150,.T.);
#4312=ORIENTED_EDGE('',*,*,#3185,.F.);
#4313=ORIENTED_EDGE('',*,*,#3186,.F.);
#4314=ORIENTED_EDGE('',*,*,#3187,.T.);
#4315=ORIENTED_EDGE('',*,*,#3188,.F.);
#4316=ORIENTED_EDGE('',*,*,#3189,.F.);
#4317=ORIENTED_EDGE('',*,*,#3190,.F.);
#4318=ORIENTED_EDGE('',*,*,#3189,.T.);
#4319=ORIENTED_EDGE('',*,*,#3191,.F.);
#4320=ORIENTED_EDGE('',*,*,#3192,.F.);
#4321=ORIENTED_EDGE('',*,*,#3193,.F.);
#4322=ORIENTED_EDGE('',*,*,#3192,.T.);
#4323=ORIENTED_EDGE('',*,*,#3194,.F.);
#4324=ORIENTED_EDGE('',*,*,#3195,.F.);
#4325=ORIENTED_EDGE('',*,*,#3196,.F.);
#4326=ORIENTED_EDGE('',*,*,#3195,.T.);
#4327=ORIENTED_EDGE('',*,*,#3197,.F.);
#4328=ORIENTED_EDGE('',*,*,#3187,.F.);
#4329=ORIENTED_EDGE('',*,*,#3110,.F.);
#4330=ORIENTED_EDGE('',*,*,#3198,.T.);
#4331=ORIENTED_EDGE('',*,*,#3199,.F.);
#4332=ORIENTED_EDGE('',*,*,#3200,.F.);
#4333=ORIENTED_EDGE('',*,*,#3111,.F.);
#4334=ORIENTED_EDGE('',*,*,#3200,.T.);
#4335=ORIENTED_EDGE('',*,*,#3201,.F.);
#4336=ORIENTED_EDGE('',*,*,#3202,.F.);
#4337=ORIENTED_EDGE('',*,*,#3112,.F.);
#4338=ORIENTED_EDGE('',*,*,#3202,.T.);
#4339=ORIENTED_EDGE('',*,*,#3203,.F.);
#4340=ORIENTED_EDGE('',*,*,#3204,.F.);
#4341=ORIENTED_EDGE('',*,*,#3113,.F.);
#4342=ORIENTED_EDGE('',*,*,#3204,.T.);
#4343=ORIENTED_EDGE('',*,*,#3205,.F.);
#4344=ORIENTED_EDGE('',*,*,#3198,.F.);
#4345=ORIENTED_EDGE('',*,*,#3205,.T.);
#4346=ORIENTED_EDGE('',*,*,#3203,.T.);
#4347=ORIENTED_EDGE('',*,*,#3201,.T.);
#4348=ORIENTED_EDGE('',*,*,#3199,.T.);
#4349=ORIENTED_EDGE('',*,*,#3197,.T.);
#4350=ORIENTED_EDGE('',*,*,#3194,.T.);
#4351=ORIENTED_EDGE('',*,*,#3191,.T.);
#4352=ORIENTED_EDGE('',*,*,#3188,.T.);
#4353=ORIENTED_EDGE('',*,*,#3100,.F.);
#4354=ORIENTED_EDGE('',*,*,#3109,.F.);
#4355=ORIENTED_EDGE('',*,*,#3120,.F.);
#4356=ORIENTED_EDGE('',*,*,#3206,.F.);
#4357=ORIENTED_EDGE('',*,*,#3101,.F.);
#4358=ORIENTED_EDGE('',*,*,#3206,.T.);
#4359=ORIENTED_EDGE('',*,*,#3119,.F.);
#4360=ORIENTED_EDGE('',*,*,#3122,.T.);
#4361=ORIENTED_EDGE('',*,*,#3124,.F.);
#4362=ORIENTED_EDGE('',*,*,#3125,.T.);
#4363=ORIENTED_EDGE('',*,*,#3116,.F.);
#4364=ORIENTED_EDGE('',*,*,#3114,.T.);
#4365=ORIENTED_EDGE('',*,*,#3156,.T.);
#4366=ORIENTED_EDGE('',*,*,#3159,.T.);
#4367=ORIENTED_EDGE('',*,*,#3162,.T.);
#4368=ORIENTED_EDGE('',*,*,#3165,.T.);
#4369=ORIENTED_EDGE('',*,*,#3171,.T.);
#4370=ORIENTED_EDGE('',*,*,#3174,.T.);
#4371=ORIENTED_EDGE('',*,*,#3176,.T.);
#4372=ORIENTED_EDGE('',*,*,#3177,.T.);
#4373=ORIENTED_EDGE('',*,*,#3178,.T.);
#4374=ORIENTED_EDGE('',*,*,#3180,.T.);
#4375=ORIENTED_EDGE('',*,*,#3182,.T.);
#4376=ORIENTED_EDGE('',*,*,#3184,.T.);
#4377=ORIENTED_EDGE('',*,*,#3186,.T.);
#4378=ORIENTED_EDGE('',*,*,#3190,.T.);
#4379=ORIENTED_EDGE('',*,*,#3193,.T.);
#4380=ORIENTED_EDGE('',*,*,#3196,.T.);
#4381=ORIENTED_EDGE('',*,*,#3158,.T.);
#4382=ORIENTED_EDGE('',*,*,#3161,.T.);
#4383=ORIENTED_EDGE('',*,*,#3164,.T.);
#4384=ORIENTED_EDGE('',*,*,#3167,.T.);
#4385=ORIENTED_EDGE('',*,*,#3139,.T.);
#4386=ORIENTED_EDGE('',*,*,#3142,.F.);
#4387=ORIENTED_EDGE('',*,*,#3169,.T.);
#4388=ORIENTED_EDGE('',*,*,#3128,.F.);
#4389=ORIENTED_EDGE('',*,*,#3132,.T.);
#4390=ORIENTED_EDGE('',*,*,#3155,.F.);
#4391=ORIENTED_EDGE('',*,*,#3168,.T.);
#4392=ORIENTED_EDGE('',*,*,#3135,.F.);
#4393=ORIENTED_EDGE('',*,*,#3207,.T.);
#4394=ORIENTED_EDGE('',*,*,#3208,.T.);
#4395=ORIENTED_EDGE('',*,*,#3209,.T.);
#4396=ORIENTED_EDGE('',*,*,#3208,.F.);
#4397=ORIENTED_EDGE('',*,*,#3207,.F.);
#4398=ORIENTED_EDGE('',*,*,#3210,.T.);
#4399=ORIENTED_EDGE('',*,*,#3211,.F.);
#4400=ORIENTED_EDGE('',*,*,#3212,.T.);
#4401=ORIENTED_EDGE('',*,*,#3213,.T.);
#4402=ORIENTED_EDGE('',*,*,#3212,.F.);
#4403=ORIENTED_EDGE('',*,*,#3213,.F.);
#4404=ORIENTED_EDGE('',*,*,#3214,.F.);
#4405=ORIENTED_EDGE('',*,*,#3215,.T.);
#4406=ORIENTED_EDGE('',*,*,#3216,.T.);
#4407=ORIENTED_EDGE('',*,*,#3215,.F.);
#4408=ORIENTED_EDGE('',*,*,#3216,.F.);
#4409=ORIENTED_EDGE('',*,*,#3217,.F.);
#4410=ORIENTED_EDGE('',*,*,#3218,.T.);
#4411=ORIENTED_EDGE('',*,*,#3219,.T.);
#4412=ORIENTED_EDGE('',*,*,#3218,.F.);
#4413=ORIENTED_EDGE('',*,*,#3219,.F.);
#4414=ORIENTED_EDGE('',*,*,#3220,.F.);
#4415=ORIENTED_EDGE('',*,*,#3221,.T.);
#4416=ORIENTED_EDGE('',*,*,#3222,.T.);
#4417=ORIENTED_EDGE('',*,*,#3221,.F.);
#4418=ORIENTED_EDGE('',*,*,#3222,.F.);
#4419=ORIENTED_EDGE('',*,*,#3223,.T.);
#4420=ORIENTED_EDGE('',*,*,#3224,.T.);
#4421=ORIENTED_EDGE('',*,*,#3225,.F.);
#4422=ORIENTED_EDGE('',*,*,#3226,.F.);
#4423=ORIENTED_EDGE('',*,*,#3227,.T.);
#4424=ORIENTED_EDGE('',*,*,#3226,.T.);
#4425=ORIENTED_EDGE('',*,*,#3228,.F.);
#4426=ORIENTED_EDGE('',*,*,#3229,.F.);
#4427=ORIENTED_EDGE('',*,*,#3230,.T.);
#4428=ORIENTED_EDGE('',*,*,#3229,.T.);
#4429=ORIENTED_EDGE('',*,*,#3231,.F.);
#4430=ORIENTED_EDGE('',*,*,#3232,.F.);
#4431=ORIENTED_EDGE('',*,*,#3233,.T.);
#4432=ORIENTED_EDGE('',*,*,#3232,.T.);
#4433=ORIENTED_EDGE('',*,*,#3234,.F.);
#4434=ORIENTED_EDGE('',*,*,#3224,.F.);
#4435=ORIENTED_EDGE('',*,*,#3235,.F.);
#4436=ORIENTED_EDGE('',*,*,#3234,.T.);
#4437=ORIENTED_EDGE('',*,*,#3231,.T.);
#4438=ORIENTED_EDGE('',*,*,#3228,.T.);
#4439=ORIENTED_EDGE('',*,*,#3225,.T.);
#4440=ORIENTED_EDGE('',*,*,#3236,.T.);
#4441=ORIENTED_EDGE('',*,*,#3237,.T.);
#4442=ORIENTED_EDGE('',*,*,#3238,.T.);
#4443=ORIENTED_EDGE('',*,*,#3239,.T.);
#4444=ORIENTED_EDGE('',*,*,#3240,.F.);
#4445=ORIENTED_EDGE('',*,*,#3241,.T.);
#4446=ORIENTED_EDGE('',*,*,#3242,.T.);
#4447=ORIENTED_EDGE('',*,*,#3243,.F.);
#4448=ORIENTED_EDGE('',*,*,#3237,.F.);
#4449=ORIENTED_EDGE('',*,*,#3244,.T.);
#4450=ORIENTED_EDGE('',*,*,#3241,.F.);
#4451=ORIENTED_EDGE('',*,*,#3245,.F.);
#4452=ORIENTED_EDGE('',*,*,#3239,.F.);
#4453=ORIENTED_EDGE('',*,*,#3246,.F.);
#4454=ORIENTED_EDGE('',*,*,#3243,.T.);
#4455=ORIENTED_EDGE('',*,*,#3247,.T.);
#4456=ORIENTED_EDGE('',*,*,#3247,.F.);
#4457=ORIENTED_EDGE('',*,*,#3242,.F.);
#4458=ORIENTED_EDGE('',*,*,#3244,.F.);
#4459=ORIENTED_EDGE('',*,*,#3236,.F.);
#4460=ORIENTED_EDGE('',*,*,#3233,.F.);
#4461=ORIENTED_EDGE('',*,*,#3223,.F.);
#4462=ORIENTED_EDGE('',*,*,#3227,.F.);
#4463=ORIENTED_EDGE('',*,*,#3230,.F.);
#4464=ORIENTED_EDGE('',*,*,#3209,.F.);
#4465=ORIENTED_EDGE('',*,*,#3211,.T.);
#4466=ORIENTED_EDGE('',*,*,#3214,.T.);
#4467=ORIENTED_EDGE('',*,*,#3217,.T.);
#4468=ORIENTED_EDGE('',*,*,#3220,.T.);
#4469=ORIENTED_EDGE('',*,*,#3245,.T.);
#4470=ORIENTED_EDGE('',*,*,#3240,.T.);
#4471=ORIENTED_EDGE('',*,*,#3246,.T.);
#4472=ORIENTED_EDGE('',*,*,#3238,.F.);
#4473=ORIENTED_EDGE('',*,*,#3210,.F.);
#4474=ORIENTED_EDGE('',*,*,#3248,.T.);
#4475=ORIENTED_EDGE('',*,*,#3235,.T.);
#4476=ORIENTED_EDGE('',*,*,#3248,.F.);
#4477=ORIENTED_EDGE('',*,*,#3249,.T.);
#4478=ORIENTED_EDGE('',*,*,#3250,.F.);
#4479=ORIENTED_EDGE('',*,*,#3251,.T.);
#4480=ORIENTED_EDGE('',*,*,#3252,.T.);
#4481=ORIENTED_EDGE('',*,*,#3253,.T.);
#4482=ORIENTED_EDGE('',*,*,#3254,.T.);
#4483=ORIENTED_EDGE('',*,*,#3249,.F.);
#4484=ORIENTED_EDGE('',*,*,#3255,.T.);
#4485=ORIENTED_EDGE('',*,*,#3256,.T.);
#4486=ORIENTED_EDGE('',*,*,#3257,.T.);
#4487=ORIENTED_EDGE('',*,*,#3251,.F.);
#4488=ORIENTED_EDGE('',*,*,#3258,.T.);
#4489=ORIENTED_EDGE('',*,*,#3259,.T.);
#4490=ORIENTED_EDGE('',*,*,#3260,.F.);
#4491=ORIENTED_EDGE('',*,*,#3253,.F.);
#4492=ORIENTED_EDGE('',*,*,#3261,.T.);
#4493=ORIENTED_EDGE('',*,*,#3262,.T.);
#4494=ORIENTED_EDGE('',*,*,#3263,.T.);
#4495=ORIENTED_EDGE('',*,*,#3256,.F.);
#4496=ORIENTED_EDGE('',*,*,#3264,.F.);
#4497=ORIENTED_EDGE('',*,*,#3265,.T.);
#4498=ORIENTED_EDGE('',*,*,#3266,.T.);
#4499=ORIENTED_EDGE('',*,*,#3259,.F.);
#4500=ORIENTED_EDGE('',*,*,#3267,.T.);
#4501=ORIENTED_EDGE('',*,*,#3268,.T.);
#4502=ORIENTED_EDGE('',*,*,#3269,.T.);
#4503=ORIENTED_EDGE('',*,*,#3262,.F.);
#4504=ORIENTED_EDGE('',*,*,#3270,.T.);
#4505=ORIENTED_EDGE('',*,*,#3268,.F.);
#4506=ORIENTED_EDGE('',*,*,#3271,.F.);
#4507=ORIENTED_EDGE('',*,*,#3265,.F.);
#4508=ORIENTED_EDGE('',*,*,#3272,.T.);
#4509=ORIENTED_EDGE('',*,*,#3273,.F.);
#4510=ORIENTED_EDGE('',*,*,#3274,.F.);
#4511=ORIENTED_EDGE('',*,*,#3275,.F.);
#4512=ORIENTED_EDGE('',*,*,#3276,.F.);
#4513=ORIENTED_EDGE('',*,*,#3277,.F.);
#4514=ORIENTED_EDGE('',*,*,#3278,.F.);
#4515=ORIENTED_EDGE('',*,*,#3279,.F.);
#4516=ORIENTED_EDGE('',*,*,#3280,.F.);
#4517=ORIENTED_EDGE('',*,*,#3252,.F.);
#4518=ORIENTED_EDGE('',*,*,#3257,.F.);
#4519=ORIENTED_EDGE('',*,*,#3263,.F.);
#4520=ORIENTED_EDGE('',*,*,#3269,.F.);
#4521=ORIENTED_EDGE('',*,*,#3272,.F.);
#4522=ORIENTED_EDGE('',*,*,#3267,.F.);
#4523=ORIENTED_EDGE('',*,*,#3261,.F.);
#4524=ORIENTED_EDGE('',*,*,#3255,.F.);
#4525=ORIENTED_EDGE('',*,*,#3281,.T.);
#4526=ORIENTED_EDGE('',*,*,#3282,.F.);
#4527=ORIENTED_EDGE('',*,*,#3283,.T.);
#4528=ORIENTED_EDGE('',*,*,#3273,.T.);
#4529=ORIENTED_EDGE('',*,*,#3284,.T.);
#4530=ORIENTED_EDGE('',*,*,#3285,.T.);
#4531=ORIENTED_EDGE('',*,*,#3281,.F.);
#4532=ORIENTED_EDGE('',*,*,#3280,.T.);
#4533=ORIENTED_EDGE('',*,*,#3286,.T.);
#4534=ORIENTED_EDGE('',*,*,#3274,.T.);
#4535=ORIENTED_EDGE('',*,*,#3283,.F.);
#4536=ORIENTED_EDGE('',*,*,#3287,.T.);
#4537=ORIENTED_EDGE('',*,*,#3288,.T.);
#4538=ORIENTED_EDGE('',*,*,#3289,.F.);
#4539=ORIENTED_EDGE('',*,*,#3284,.F.);
#4540=ORIENTED_EDGE('',*,*,#3279,.T.);
#4541=ORIENTED_EDGE('',*,*,#3290,.T.);
#4542=ORIENTED_EDGE('',*,*,#3275,.T.);
#4543=ORIENTED_EDGE('',*,*,#3286,.F.);
#4544=ORIENTED_EDGE('',*,*,#3291,.F.);
#4545=ORIENTED_EDGE('',*,*,#3292,.T.);
#4546=ORIENTED_EDGE('',*,*,#3293,.T.);
#4547=ORIENTED_EDGE('',*,*,#3288,.F.);
#4548=ORIENTED_EDGE('',*,*,#3278,.T.);
#4549=ORIENTED_EDGE('',*,*,#3294,.T.);
#4550=ORIENTED_EDGE('',*,*,#3276,.T.);
#4551=ORIENTED_EDGE('',*,*,#3290,.F.);
#4552=ORIENTED_EDGE('',*,*,#3295,.T.);
#4553=ORIENTED_EDGE('',*,*,#3294,.F.);
#4554=ORIENTED_EDGE('',*,*,#3296,.F.);
#4555=ORIENTED_EDGE('',*,*,#3292,.F.);
#4556=ORIENTED_EDGE('',*,*,#3277,.T.);
#4557=ORIENTED_EDGE('',*,*,#3295,.F.);
#4558=ORIENTED_EDGE('',*,*,#3291,.T.);
#4559=ORIENTED_EDGE('',*,*,#3287,.F.);
#4560=ORIENTED_EDGE('',*,*,#3282,.T.);
#4561=ORIENTED_EDGE('',*,*,#3285,.F.);
#4562=ORIENTED_EDGE('',*,*,#3289,.T.);
#4563=ORIENTED_EDGE('',*,*,#3293,.F.);
#4564=ORIENTED_EDGE('',*,*,#3296,.T.);
#4565=ORIENTED_EDGE('',*,*,#3297,.T.);
#4566=ORIENTED_EDGE('',*,*,#3298,.T.);
#4567=ORIENTED_EDGE('',*,*,#3299,.T.);
#4568=ORIENTED_EDGE('',*,*,#3300,.T.);
#4569=ORIENTED_EDGE('',*,*,#3301,.T.);
#4570=ORIENTED_EDGE('',*,*,#3302,.T.);
#4571=ORIENTED_EDGE('',*,*,#3303,.T.);
#4572=ORIENTED_EDGE('',*,*,#3304,.T.);
#4573=ORIENTED_EDGE('',*,*,#3305,.T.);
#4574=ORIENTED_EDGE('',*,*,#3306,.T.);
#4575=ORIENTED_EDGE('',*,*,#3307,.T.);
#4576=ORIENTED_EDGE('',*,*,#3308,.T.);
#4577=ORIENTED_EDGE('',*,*,#3309,.T.);
#4578=ORIENTED_EDGE('',*,*,#3310,.T.);
#4579=ORIENTED_EDGE('',*,*,#3311,.T.);
#4580=ORIENTED_EDGE('',*,*,#3312,.T.);
#4581=ORIENTED_EDGE('',*,*,#3313,.T.);
#4582=ORIENTED_EDGE('',*,*,#3314,.T.);
#4583=ORIENTED_EDGE('',*,*,#3315,.T.);
#4584=ORIENTED_EDGE('',*,*,#3316,.T.);
#4585=ORIENTED_EDGE('',*,*,#3317,.T.);
#4586=ORIENTED_EDGE('',*,*,#3318,.T.);
#4587=ORIENTED_EDGE('',*,*,#3319,.T.);
#4588=ORIENTED_EDGE('',*,*,#3320,.T.);
#4589=ORIENTED_EDGE('',*,*,#3321,.T.);
#4590=ORIENTED_EDGE('',*,*,#3322,.T.);
#4591=ORIENTED_EDGE('',*,*,#3323,.T.);
#4592=ORIENTED_EDGE('',*,*,#3324,.T.);
#4593=ORIENTED_EDGE('',*,*,#3325,.T.);
#4594=ORIENTED_EDGE('',*,*,#3326,.T.);
#4595=ORIENTED_EDGE('',*,*,#3327,.T.);
#4596=ORIENTED_EDGE('',*,*,#3328,.T.);
#4597=ORIENTED_EDGE('',*,*,#3329,.T.);
#4598=ORIENTED_EDGE('',*,*,#3330,.T.);
#4599=ORIENTED_EDGE('',*,*,#3331,.T.);
#4600=ORIENTED_EDGE('',*,*,#3332,.T.);
#4601=ORIENTED_EDGE('',*,*,#3333,.T.);
#4602=ORIENTED_EDGE('',*,*,#3334,.T.);
#4603=ORIENTED_EDGE('',*,*,#3335,.T.);
#4604=ORIENTED_EDGE('',*,*,#3336,.T.);
#4605=ORIENTED_EDGE('',*,*,#3337,.T.);
#4606=ORIENTED_EDGE('',*,*,#3338,.T.);
#4607=ORIENTED_EDGE('',*,*,#3339,.T.);
#4608=ORIENTED_EDGE('',*,*,#3340,.T.);
#4609=ORIENTED_EDGE('',*,*,#3341,.T.);
#4610=ORIENTED_EDGE('',*,*,#3342,.T.);
#4611=ORIENTED_EDGE('',*,*,#3343,.T.);
#4612=ORIENTED_EDGE('',*,*,#3344,.T.);
#4613=ORIENTED_EDGE('',*,*,#3250,.T.);
#4614=ORIENTED_EDGE('',*,*,#3254,.F.);
#4615=ORIENTED_EDGE('',*,*,#3260,.T.);
#4616=ORIENTED_EDGE('',*,*,#3266,.F.);
#4617=ORIENTED_EDGE('',*,*,#3271,.T.);
#4618=ORIENTED_EDGE('',*,*,#3270,.F.);
#4619=ORIENTED_EDGE('',*,*,#3264,.T.);
#4620=ORIENTED_EDGE('',*,*,#3258,.F.);
#4621=ORIENTED_EDGE('',*,*,#3297,.F.);
#4622=ORIENTED_EDGE('',*,*,#3345,.T.);
#4623=ORIENTED_EDGE('',*,*,#3346,.F.);
#4624=ORIENTED_EDGE('',*,*,#3347,.F.);
#4625=ORIENTED_EDGE('',*,*,#3298,.F.);
#4626=ORIENTED_EDGE('',*,*,#3347,.T.);
#4627=ORIENTED_EDGE('',*,*,#3348,.F.);
#4628=ORIENTED_EDGE('',*,*,#3349,.F.);
#4629=ORIENTED_EDGE('',*,*,#3299,.F.);
#4630=ORIENTED_EDGE('',*,*,#3349,.T.);
#4631=ORIENTED_EDGE('',*,*,#3350,.F.);
#4632=ORIENTED_EDGE('',*,*,#3351,.F.);
#4633=ORIENTED_EDGE('',*,*,#3300,.F.);
#4634=ORIENTED_EDGE('',*,*,#3351,.T.);
#4635=ORIENTED_EDGE('',*,*,#3352,.F.);
#4636=ORIENTED_EDGE('',*,*,#3345,.F.);
#4637=ORIENTED_EDGE('',*,*,#3352,.T.);
#4638=ORIENTED_EDGE('',*,*,#3350,.T.);
#4639=ORIENTED_EDGE('',*,*,#3348,.T.);
#4640=ORIENTED_EDGE('',*,*,#3346,.T.);
#4641=ORIENTED_EDGE('',*,*,#3301,.F.);
#4642=ORIENTED_EDGE('',*,*,#3353,.T.);
#4643=ORIENTED_EDGE('',*,*,#3354,.F.);
#4644=ORIENTED_EDGE('',*,*,#3355,.F.);
#4645=ORIENTED_EDGE('',*,*,#3302,.F.);
#4646=ORIENTED_EDGE('',*,*,#3355,.T.);
#4647=ORIENTED_EDGE('',*,*,#3356,.F.);
#4648=ORIENTED_EDGE('',*,*,#3357,.F.);
#4649=ORIENTED_EDGE('',*,*,#3303,.F.);
#4650=ORIENTED_EDGE('',*,*,#3357,.T.);
#4651=ORIENTED_EDGE('',*,*,#3358,.F.);
#4652=ORIENTED_EDGE('',*,*,#3359,.F.);
#4653=ORIENTED_EDGE('',*,*,#3304,.F.);
#4654=ORIENTED_EDGE('',*,*,#3359,.T.);
#4655=ORIENTED_EDGE('',*,*,#3360,.F.);
#4656=ORIENTED_EDGE('',*,*,#3353,.F.);
#4657=ORIENTED_EDGE('',*,*,#3360,.T.);
#4658=ORIENTED_EDGE('',*,*,#3358,.T.);
#4659=ORIENTED_EDGE('',*,*,#3356,.T.);
#4660=ORIENTED_EDGE('',*,*,#3354,.T.);
#4661=ORIENTED_EDGE('',*,*,#3305,.F.);
#4662=ORIENTED_EDGE('',*,*,#3361,.T.);
#4663=ORIENTED_EDGE('',*,*,#3362,.F.);
#4664=ORIENTED_EDGE('',*,*,#3363,.F.);
#4665=ORIENTED_EDGE('',*,*,#3306,.F.);
#4666=ORIENTED_EDGE('',*,*,#3363,.T.);
#4667=ORIENTED_EDGE('',*,*,#3364,.F.);
#4668=ORIENTED_EDGE('',*,*,#3365,.F.);
#4669=ORIENTED_EDGE('',*,*,#3307,.F.);
#4670=ORIENTED_EDGE('',*,*,#3365,.T.);
#4671=ORIENTED_EDGE('',*,*,#3366,.F.);
#4672=ORIENTED_EDGE('',*,*,#3367,.F.);
#4673=ORIENTED_EDGE('',*,*,#3308,.F.);
#4674=ORIENTED_EDGE('',*,*,#3367,.T.);
#4675=ORIENTED_EDGE('',*,*,#3368,.F.);
#4676=ORIENTED_EDGE('',*,*,#3361,.F.);
#4677=ORIENTED_EDGE('',*,*,#3368,.T.);
#4678=ORIENTED_EDGE('',*,*,#3366,.T.);
#4679=ORIENTED_EDGE('',*,*,#3364,.T.);
#4680=ORIENTED_EDGE('',*,*,#3362,.T.);
#4681=ORIENTED_EDGE('',*,*,#3309,.F.);
#4682=ORIENTED_EDGE('',*,*,#3369,.T.);
#4683=ORIENTED_EDGE('',*,*,#3370,.F.);
#4684=ORIENTED_EDGE('',*,*,#3371,.F.);
#4685=ORIENTED_EDGE('',*,*,#3310,.F.);
#4686=ORIENTED_EDGE('',*,*,#3371,.T.);
#4687=ORIENTED_EDGE('',*,*,#3372,.F.);
#4688=ORIENTED_EDGE('',*,*,#3373,.F.);
#4689=ORIENTED_EDGE('',*,*,#3311,.F.);
#4690=ORIENTED_EDGE('',*,*,#3373,.T.);
#4691=ORIENTED_EDGE('',*,*,#3374,.F.);
#4692=ORIENTED_EDGE('',*,*,#3375,.F.);
#4693=ORIENTED_EDGE('',*,*,#3312,.F.);
#4694=ORIENTED_EDGE('',*,*,#3375,.T.);
#4695=ORIENTED_EDGE('',*,*,#3376,.F.);
#4696=ORIENTED_EDGE('',*,*,#3369,.F.);
#4697=ORIENTED_EDGE('',*,*,#3376,.T.);
#4698=ORIENTED_EDGE('',*,*,#3374,.T.);
#4699=ORIENTED_EDGE('',*,*,#3372,.T.);
#4700=ORIENTED_EDGE('',*,*,#3370,.T.);
#4701=ORIENTED_EDGE('',*,*,#3313,.F.);
#4702=ORIENTED_EDGE('',*,*,#3377,.T.);
#4703=ORIENTED_EDGE('',*,*,#3378,.F.);
#4704=ORIENTED_EDGE('',*,*,#3379,.F.);
#4705=ORIENTED_EDGE('',*,*,#3314,.F.);
#4706=ORIENTED_EDGE('',*,*,#3379,.T.);
#4707=ORIENTED_EDGE('',*,*,#3380,.F.);
#4708=ORIENTED_EDGE('',*,*,#3381,.F.);
#4709=ORIENTED_EDGE('',*,*,#3315,.F.);
#4710=ORIENTED_EDGE('',*,*,#3381,.T.);
#4711=ORIENTED_EDGE('',*,*,#3382,.F.);
#4712=ORIENTED_EDGE('',*,*,#3383,.F.);
#4713=ORIENTED_EDGE('',*,*,#3316,.F.);
#4714=ORIENTED_EDGE('',*,*,#3383,.T.);
#4715=ORIENTED_EDGE('',*,*,#3384,.F.);
#4716=ORIENTED_EDGE('',*,*,#3377,.F.);
#4717=ORIENTED_EDGE('',*,*,#3384,.T.);
#4718=ORIENTED_EDGE('',*,*,#3382,.T.);
#4719=ORIENTED_EDGE('',*,*,#3380,.T.);
#4720=ORIENTED_EDGE('',*,*,#3378,.T.);
#4721=ORIENTED_EDGE('',*,*,#3317,.F.);
#4722=ORIENTED_EDGE('',*,*,#3385,.T.);
#4723=ORIENTED_EDGE('',*,*,#3386,.F.);
#4724=ORIENTED_EDGE('',*,*,#3387,.F.);
#4725=ORIENTED_EDGE('',*,*,#3318,.F.);
#4726=ORIENTED_EDGE('',*,*,#3387,.T.);
#4727=ORIENTED_EDGE('',*,*,#3388,.F.);
#4728=ORIENTED_EDGE('',*,*,#3389,.F.);
#4729=ORIENTED_EDGE('',*,*,#3319,.F.);
#4730=ORIENTED_EDGE('',*,*,#3389,.T.);
#4731=ORIENTED_EDGE('',*,*,#3390,.F.);
#4732=ORIENTED_EDGE('',*,*,#3391,.F.);
#4733=ORIENTED_EDGE('',*,*,#3320,.F.);
#4734=ORIENTED_EDGE('',*,*,#3391,.T.);
#4735=ORIENTED_EDGE('',*,*,#3392,.F.);
#4736=ORIENTED_EDGE('',*,*,#3385,.F.);
#4737=ORIENTED_EDGE('',*,*,#3392,.T.);
#4738=ORIENTED_EDGE('',*,*,#3390,.T.);
#4739=ORIENTED_EDGE('',*,*,#3388,.T.);
#4740=ORIENTED_EDGE('',*,*,#3386,.T.);
#4741=ORIENTED_EDGE('',*,*,#3321,.F.);
#4742=ORIENTED_EDGE('',*,*,#3393,.T.);
#4743=ORIENTED_EDGE('',*,*,#3394,.F.);
#4744=ORIENTED_EDGE('',*,*,#3395,.F.);
#4745=ORIENTED_EDGE('',*,*,#3322,.F.);
#4746=ORIENTED_EDGE('',*,*,#3395,.T.);
#4747=ORIENTED_EDGE('',*,*,#3396,.F.);
#4748=ORIENTED_EDGE('',*,*,#3397,.F.);
#4749=ORIENTED_EDGE('',*,*,#3323,.F.);
#4750=ORIENTED_EDGE('',*,*,#3397,.T.);
#4751=ORIENTED_EDGE('',*,*,#3398,.F.);
#4752=ORIENTED_EDGE('',*,*,#3399,.F.);
#4753=ORIENTED_EDGE('',*,*,#3324,.F.);
#4754=ORIENTED_EDGE('',*,*,#3399,.T.);
#4755=ORIENTED_EDGE('',*,*,#3400,.F.);
#4756=ORIENTED_EDGE('',*,*,#3393,.F.);
#4757=ORIENTED_EDGE('',*,*,#3400,.T.);
#4758=ORIENTED_EDGE('',*,*,#3398,.T.);
#4759=ORIENTED_EDGE('',*,*,#3396,.T.);
#4760=ORIENTED_EDGE('',*,*,#3394,.T.);
#4761=ORIENTED_EDGE('',*,*,#3325,.F.);
#4762=ORIENTED_EDGE('',*,*,#3401,.T.);
#4763=ORIENTED_EDGE('',*,*,#3402,.F.);
#4764=ORIENTED_EDGE('',*,*,#3403,.F.);
#4765=ORIENTED_EDGE('',*,*,#3326,.F.);
#4766=ORIENTED_EDGE('',*,*,#3403,.T.);
#4767=ORIENTED_EDGE('',*,*,#3404,.F.);
#4768=ORIENTED_EDGE('',*,*,#3405,.F.);
#4769=ORIENTED_EDGE('',*,*,#3327,.F.);
#4770=ORIENTED_EDGE('',*,*,#3405,.T.);
#4771=ORIENTED_EDGE('',*,*,#3406,.F.);
#4772=ORIENTED_EDGE('',*,*,#3407,.F.);
#4773=ORIENTED_EDGE('',*,*,#3328,.F.);
#4774=ORIENTED_EDGE('',*,*,#3407,.T.);
#4775=ORIENTED_EDGE('',*,*,#3408,.F.);
#4776=ORIENTED_EDGE('',*,*,#3401,.F.);
#4777=ORIENTED_EDGE('',*,*,#3408,.T.);
#4778=ORIENTED_EDGE('',*,*,#3406,.T.);
#4779=ORIENTED_EDGE('',*,*,#3404,.T.);
#4780=ORIENTED_EDGE('',*,*,#3402,.T.);
#4781=ORIENTED_EDGE('',*,*,#3329,.F.);
#4782=ORIENTED_EDGE('',*,*,#3409,.T.);
#4783=ORIENTED_EDGE('',*,*,#3410,.F.);
#4784=ORIENTED_EDGE('',*,*,#3411,.F.);
#4785=ORIENTED_EDGE('',*,*,#3330,.F.);
#4786=ORIENTED_EDGE('',*,*,#3411,.T.);
#4787=ORIENTED_EDGE('',*,*,#3412,.F.);
#4788=ORIENTED_EDGE('',*,*,#3413,.F.);
#4789=ORIENTED_EDGE('',*,*,#3331,.F.);
#4790=ORIENTED_EDGE('',*,*,#3413,.T.);
#4791=ORIENTED_EDGE('',*,*,#3414,.F.);
#4792=ORIENTED_EDGE('',*,*,#3415,.F.);
#4793=ORIENTED_EDGE('',*,*,#3332,.F.);
#4794=ORIENTED_EDGE('',*,*,#3415,.T.);
#4795=ORIENTED_EDGE('',*,*,#3416,.F.);
#4796=ORIENTED_EDGE('',*,*,#3409,.F.);
#4797=ORIENTED_EDGE('',*,*,#3416,.T.);
#4798=ORIENTED_EDGE('',*,*,#3414,.T.);
#4799=ORIENTED_EDGE('',*,*,#3412,.T.);
#4800=ORIENTED_EDGE('',*,*,#3410,.T.);
#4801=ORIENTED_EDGE('',*,*,#3333,.F.);
#4802=ORIENTED_EDGE('',*,*,#3417,.T.);
#4803=ORIENTED_EDGE('',*,*,#3418,.F.);
#4804=ORIENTED_EDGE('',*,*,#3419,.F.);
#4805=ORIENTED_EDGE('',*,*,#3334,.F.);
#4806=ORIENTED_EDGE('',*,*,#3419,.T.);
#4807=ORIENTED_EDGE('',*,*,#3420,.F.);
#4808=ORIENTED_EDGE('',*,*,#3421,.F.);
#4809=ORIENTED_EDGE('',*,*,#3335,.F.);
#4810=ORIENTED_EDGE('',*,*,#3421,.T.);
#4811=ORIENTED_EDGE('',*,*,#3422,.F.);
#4812=ORIENTED_EDGE('',*,*,#3423,.F.);
#4813=ORIENTED_EDGE('',*,*,#3336,.F.);
#4814=ORIENTED_EDGE('',*,*,#3423,.T.);
#4815=ORIENTED_EDGE('',*,*,#3424,.F.);
#4816=ORIENTED_EDGE('',*,*,#3417,.F.);
#4817=ORIENTED_EDGE('',*,*,#3424,.T.);
#4818=ORIENTED_EDGE('',*,*,#3422,.T.);
#4819=ORIENTED_EDGE('',*,*,#3420,.T.);
#4820=ORIENTED_EDGE('',*,*,#3418,.T.);
#4821=ORIENTED_EDGE('',*,*,#3337,.F.);
#4822=ORIENTED_EDGE('',*,*,#3425,.T.);
#4823=ORIENTED_EDGE('',*,*,#3426,.F.);
#4824=ORIENTED_EDGE('',*,*,#3427,.F.);
#4825=ORIENTED_EDGE('',*,*,#3338,.F.);
#4826=ORIENTED_EDGE('',*,*,#3427,.T.);
#4827=ORIENTED_EDGE('',*,*,#3428,.F.);
#4828=ORIENTED_EDGE('',*,*,#3429,.F.);
#4829=ORIENTED_EDGE('',*,*,#3339,.F.);
#4830=ORIENTED_EDGE('',*,*,#3429,.T.);
#4831=ORIENTED_EDGE('',*,*,#3430,.F.);
#4832=ORIENTED_EDGE('',*,*,#3431,.F.);
#4833=ORIENTED_EDGE('',*,*,#3340,.F.);
#4834=ORIENTED_EDGE('',*,*,#3431,.T.);
#4835=ORIENTED_EDGE('',*,*,#3432,.F.);
#4836=ORIENTED_EDGE('',*,*,#3425,.F.);
#4837=ORIENTED_EDGE('',*,*,#3432,.T.);
#4838=ORIENTED_EDGE('',*,*,#3430,.T.);
#4839=ORIENTED_EDGE('',*,*,#3428,.T.);
#4840=ORIENTED_EDGE('',*,*,#3426,.T.);
#4841=ORIENTED_EDGE('',*,*,#3341,.F.);
#4842=ORIENTED_EDGE('',*,*,#3433,.T.);
#4843=ORIENTED_EDGE('',*,*,#3434,.F.);
#4844=ORIENTED_EDGE('',*,*,#3435,.F.);
#4845=ORIENTED_EDGE('',*,*,#3342,.F.);
#4846=ORIENTED_EDGE('',*,*,#3435,.T.);
#4847=ORIENTED_EDGE('',*,*,#3436,.F.);
#4848=ORIENTED_EDGE('',*,*,#3437,.F.);
#4849=ORIENTED_EDGE('',*,*,#3343,.F.);
#4850=ORIENTED_EDGE('',*,*,#3437,.T.);
#4851=ORIENTED_EDGE('',*,*,#3438,.F.);
#4852=ORIENTED_EDGE('',*,*,#3439,.F.);
#4853=ORIENTED_EDGE('',*,*,#3344,.F.);
#4854=ORIENTED_EDGE('',*,*,#3439,.T.);
#4855=ORIENTED_EDGE('',*,*,#3440,.F.);
#4856=ORIENTED_EDGE('',*,*,#3433,.F.);
#4857=ORIENTED_EDGE('',*,*,#3440,.T.);
#4858=ORIENTED_EDGE('',*,*,#3438,.T.);
#4859=ORIENTED_EDGE('',*,*,#3436,.T.);
#4860=ORIENTED_EDGE('',*,*,#3434,.T.);
#4861=CYLINDRICAL_SURFACE('',#5234,0.3);
#4862=CYLINDRICAL_SURFACE('',#5241,0.3);
#4863=CYLINDRICAL_SURFACE('',#5247,0.3);
#4864=CYLINDRICAL_SURFACE('',#5253,0.3);
#4865=CYLINDRICAL_SURFACE('',#5258,4.5);
#4866=CYLINDRICAL_SURFACE('',#5261,4.5);
#4867=CYLINDRICAL_SURFACE('',#5266,3.5);
#4868=CYLINDRICAL_SURFACE('',#5273,3.5);
#4869=CYLINDRICAL_SURFACE('',#5275,3.5);
#4870=CYLINDRICAL_SURFACE('',#5283,3.5);
#4871=CYLINDRICAL_SURFACE('',#5284,4.5);
#4872=CYLINDRICAL_SURFACE('',#5285,2.75);
#4873=CYLINDRICAL_SURFACE('',#5288,2.75);
#4874=CYLINDRICAL_SURFACE('',#5291,2.75);
#4875=CYLINDRICAL_SURFACE('',#5294,2.75);
#4876=CYLINDRICAL_SURFACE('',#5303,4.5);
#4877=CYLINDRICAL_SURFACE('',#5367,1.5);
#4878=CYLINDRICAL_SURFACE('',#5373,1.35);
#4879=CYLINDRICAL_SURFACE('',#5375,1.35);
#4880=CYLINDRICAL_SURFACE('',#5398,1.59999999999999);
#4881=CYLINDRICAL_SURFACE('',#5400,1.6);
#4882=CYLINDRICAL_SURFACE('',#5402,1.59999999999999);
#4883=CYLINDRICAL_SURFACE('',#5404,1.59999999999999);
#4884=CYLINDRICAL_SURFACE('',#5409,7.25);
#4885=CYLINDRICAL_SURFACE('',#5413,6.1);
#4886=CYLINDRICAL_SURFACE('',#5418,3.3);
#4887=CYLINDRICAL_SURFACE('',#5420,1.35);
#4888=CYLINDRICAL_SURFACE('',#5424,3.3);
#4889=CYLINDRICAL_SURFACE('',#5426,1.35);
#4890=CYLINDRICAL_SURFACE('',#5430,3.3);
#4891=CYLINDRICAL_SURFACE('',#5432,1.35);
#4892=CYLINDRICAL_SURFACE('',#5436,3.3);
#4893=CYLINDRICAL_SURFACE('',#5438,1.35);
#4894=CYLINDRICAL_SURFACE('',#5457,2.75);
#4895=CYLINDRICAL_SURFACE('',#5465,2.75);
#4896=CYLINDRICAL_SURFACE('',#5467,2.75);
#4897=CYLINDRICAL_SURFACE('',#5470,2.75);
#4898=CYLINDRICAL_SURFACE('',#5473,0.75);
#4899=CYLINDRICAL_SURFACE('',#5477,0.75);
#4900=CYLINDRICAL_SURFACE('',#5481,0.75);
#4901=CYLINDRICAL_SURFACE('',#5490,0.75);
#4902=CYLINDRICAL_SURFACE('',#5492,1.35);
#4903=CYLINDRICAL_SURFACE('',#5495,1.35);
#4904=CYLINDRICAL_SURFACE('',#5498,1.35);
#4905=CYLINDRICAL_SURFACE('',#5501,1.35);
#4906=CYLINDRICAL_SURFACE('',#5510,1.15);
#4907=CYLINDRICAL_SURFACE('',#5512,1.15);
#4908=CYLINDRICAL_SURFACE('',#5514,1.15);
#4909=CYLINDRICAL_SURFACE('',#5516,1.15);
#4910=CYLINDRICAL_SURFACE('',#5536,1.15);
#4911=CYLINDRICAL_SURFACE('',#5540,1.15);
#4912=CYLINDRICAL_SURFACE('',#5544,1.15);
#4913=CYLINDRICAL_SURFACE('',#5548,1.15);
#4914=CYLINDRICAL_SURFACE('',#5558,8.);
#4915=CYLINDRICAL_SURFACE('',#5567,3.);
#4916=CYLINDRICAL_SURFACE('',#5578,3.);
#4917=CYLINDRICAL_SURFACE('',#5580,3.);
#4918=CYLINDRICAL_SURFACE('',#5590,3.);
#4919=CYLINDRICAL_SURFACE('',#5596,3.);
#4920=CYLINDRICAL_SURFACE('',#5603,3.);
#4921=CYLINDRICAL_SURFACE('',#5605,3.);
#4922=CYLINDRICAL_SURFACE('',#5611,3.);
#4923=ADVANCED_FACE('',(#332),#4861,.T.);
#4924=ADVANCED_FACE('',(#333),#322,.T.);
#4925=ADVANCED_FACE('',(#334),#4862,.T.);
#4926=ADVANCED_FACE('',(#335),#323,.T.);
#4927=ADVANCED_FACE('',(#336),#4863,.T.);
#4928=ADVANCED_FACE('',(#337),#324,.T.);
#4929=ADVANCED_FACE('',(#338),#4864,.T.);
#4930=ADVANCED_FACE('',(#339),#325,.T.);
#4931=ADVANCED_FACE('',(#340),#4865,.T.);
#4932=ADVANCED_FACE('',(#341),#110,.T.);
#4933=ADVANCED_FACE('',(#342),#4866,.T.);
#4934=ADVANCED_FACE('',(#343,#31),#111,.T.);
#4935=ADVANCED_FACE('',(#344,#32,#33,#34,#35,#36,#37,#38,#39,#40,#41,#42,
#43,#44),#112,.F.);
#4936=ADVANCED_FACE('',(#345),#4867,.T.);
#4937=ADVANCED_FACE('',(#346),#23,.T.);
#4938=ADVANCED_FACE('',(#347),#24,.T.);
#4939=ADVANCED_FACE('',(#348),#4868,.T.);
#4940=ADVANCED_FACE('',(#349),#4869,.T.);
#4941=ADVANCED_FACE('',(#350),#25,.T.);
#4942=ADVANCED_FACE('',(#351),#26,.T.);
#4943=ADVANCED_FACE('',(#352),#4870,.T.);
#4944=ADVANCED_FACE('',(#353),#4871,.T.);
#4945=ADVANCED_FACE('',(#354),#4872,.F.);
#4946=ADVANCED_FACE('',(#355),#113,.F.);
#4947=ADVANCED_FACE('',(#356),#4873,.F.);
#4948=ADVANCED_FACE('',(#357),#114,.F.);
#4949=ADVANCED_FACE('',(#358),#4874,.F.);
#4950=ADVANCED_FACE('',(#359),#115,.F.);
#4951=ADVANCED_FACE('',(#360),#4875,.F.);
#4952=ADVANCED_FACE('',(#361),#116,.F.);
#4953=ADVANCED_FACE('',(#362,#45,#46),#117,.T.);
#4954=ADVANCED_FACE('',(#363),#4876,.T.);
#4955=ADVANCED_FACE('',(#364),#118,.T.);
#4956=ADVANCED_FACE('',(#365),#119,.F.);
#4957=ADVANCED_FACE('',(#366),#120,.F.);
#4958=ADVANCED_FACE('',(#367),#121,.F.);
#4959=ADVANCED_FACE('',(#368),#122,.F.);
#4960=ADVANCED_FACE('',(#369),#123,.F.);
#4961=ADVANCED_FACE('',(#370),#124,.F.);
#4962=ADVANCED_FACE('',(#371),#125,.F.);
#4963=ADVANCED_FACE('',(#372),#126,.F.);
#4964=ADVANCED_FACE('',(#373),#127,.F.);
#4965=ADVANCED_FACE('',(#374),#128,.F.);
#4966=ADVANCED_FACE('',(#375),#129,.F.);
#4967=ADVANCED_FACE('',(#376),#130,.F.);
#4968=ADVANCED_FACE('',(#377),#131,.F.);
#4969=ADVANCED_FACE('',(#378),#132,.F.);
#4970=ADVANCED_FACE('',(#379),#133,.F.);
#4971=ADVANCED_FACE('',(#380),#134,.F.);
#4972=ADVANCED_FACE('',(#381),#135,.F.);
#4973=ADVANCED_FACE('',(#382),#136,.F.);
#4974=ADVANCED_FACE('',(#383),#137,.F.);
#4975=ADVANCED_FACE('',(#384),#138,.F.);
#4976=ADVANCED_FACE('',(#385),#139,.F.);
#4977=ADVANCED_FACE('',(#386),#140,.F.);
#4978=ADVANCED_FACE('',(#387),#141,.F.);
#4979=ADVANCED_FACE('',(#388),#142,.F.);
#4980=ADVANCED_FACE('',(#389),#143,.F.);
#4981=ADVANCED_FACE('',(#390),#144,.F.);
#4982=ADVANCED_FACE('',(#391),#145,.F.);
#4983=ADVANCED_FACE('',(#392),#146,.F.);
#4984=ADVANCED_FACE('',(#393),#147,.F.);
#4985=ADVANCED_FACE('',(#394),#148,.F.);
#4986=ADVANCED_FACE('',(#395),#149,.F.);
#4987=ADVANCED_FACE('',(#396),#150,.F.);
#4988=ADVANCED_FACE('',(#397),#151,.F.);
#4989=ADVANCED_FACE('',(#398),#152,.F.);
#4990=ADVANCED_FACE('',(#399),#153,.F.);
#4991=ADVANCED_FACE('',(#400),#154,.F.);
#4992=ADVANCED_FACE('',(#401),#155,.F.);
#4993=ADVANCED_FACE('',(#402),#156,.F.);
#4994=ADVANCED_FACE('',(#403),#157,.F.);
#4995=ADVANCED_FACE('',(#404),#158,.F.);
#4996=ADVANCED_FACE('',(#405),#159,.F.);
#4997=ADVANCED_FACE('',(#406),#160,.F.);
#4998=ADVANCED_FACE('',(#407),#161,.F.);
#4999=ADVANCED_FACE('',(#408),#162,.F.);
#5000=ADVANCED_FACE('',(#409),#163,.F.);
#5001=ADVANCED_FACE('',(#410),#164,.F.);
#5002=ADVANCED_FACE('',(#411),#165,.F.);
#5003=ADVANCED_FACE('',(#412),#166,.F.);
#5004=ADVANCED_FACE('',(#413),#167,.F.);
#5005=ADVANCED_FACE('',(#414),#168,.F.);
#5006=ADVANCED_FACE('',(#415),#169,.F.);
#5007=ADVANCED_FACE('',(#416),#170,.F.);
#5008=ADVANCED_FACE('',(#417),#171,.F.);
#5009=ADVANCED_FACE('',(#418),#172,.F.);
#5010=ADVANCED_FACE('',(#419),#173,.F.);
#5011=ADVANCED_FACE('',(#420),#174,.F.);
#5012=ADVANCED_FACE('',(#421),#175,.F.);
#5013=ADVANCED_FACE('',(#422),#176,.F.);
#5014=ADVANCED_FACE('',(#423),#177,.F.);
#5015=ADVANCED_FACE('',(#424),#178,.F.);
#5016=ADVANCED_FACE('',(#425),#21,.F.);
#5017=ADVANCED_FACE('',(#426),#4877,.F.);
#5018=ADVANCED_FACE('',(#427),#179,.F.);
#5019=ADVANCED_FACE('',(#428),#180,.F.);
#5020=ADVANCED_FACE('',(#429),#4878,.F.);
#5021=ADVANCED_FACE('',(#430),#4879,.F.);
#5022=ADVANCED_FACE('',(#431),#181,.T.);
#5023=ADVANCED_FACE('',(#432),#182,.T.);
#5024=ADVANCED_FACE('',(#433),#183,.T.);
#5025=ADVANCED_FACE('',(#434),#184,.T.);
#5026=ADVANCED_FACE('',(#435),#185,.T.);
#5027=ADVANCED_FACE('',(#436),#186,.T.);
#5028=ADVANCED_FACE('',(#437,#47,#48),#187,.T.);
#5029=ADVANCED_FACE('',(#438),#188,.T.);
#5030=ADVANCED_FACE('',(#439),#189,.T.);
#5031=ADVANCED_FACE('',(#440),#190,.T.);
#5032=ADVANCED_FACE('',(#441,#49,#50,#51,#52,#53),#191,.T.);
#5033=ADVANCED_FACE('',(#442,#54,#55),#192,.T.);
#5034=ADVANCED_FACE('',(#443),#193,.F.);
#5035=ADVANCED_FACE('',(#444),#4880,.F.);
#5036=ADVANCED_FACE('',(#445),#194,.F.);
#5037=ADVANCED_FACE('',(#446),#4881,.F.);
#5038=ADVANCED_FACE('',(#447),#195,.F.);
#5039=ADVANCED_FACE('',(#448),#4882,.F.);
#5040=ADVANCED_FACE('',(#449),#196,.F.);
#5041=ADVANCED_FACE('',(#450),#4883,.F.);
#5042=ADVANCED_FACE('',(#451),#326,.T.);
#5043=ADVANCED_FACE('',(#452),#4884,.F.);
#5044=ADVANCED_FACE('',(#453,#56),#197,.F.);
#5045=ADVANCED_FACE('',(#454),#4885,.F.);
#5046=ADVANCED_FACE('',(#455,#57),#198,.F.);
#5047=ADVANCED_FACE('',(#456),#4886,.F.);
#5048=ADVANCED_FACE('',(#457),#4887,.F.);
#5049=ADVANCED_FACE('',(#458,#58),#199,.F.);
#5050=ADVANCED_FACE('',(#459),#4888,.F.);
#5051=ADVANCED_FACE('',(#460),#4889,.F.);
#5052=ADVANCED_FACE('',(#461,#59),#200,.F.);
#5053=ADVANCED_FACE('',(#462),#4890,.F.);
#5054=ADVANCED_FACE('',(#463),#4891,.F.);
#5055=ADVANCED_FACE('',(#464,#60),#201,.F.);
#5056=ADVANCED_FACE('',(#465),#4892,.F.);
#5057=ADVANCED_FACE('',(#466),#4893,.F.);
#5058=ADVANCED_FACE('',(#467,#61),#202,.F.);
#5059=ADVANCED_FACE('',(#468,#62),#203,.T.);
#5060=ADVANCED_FACE('',(#469),#204,.T.);
#5061=ADVANCED_FACE('',(#470),#205,.T.);
#5062=ADVANCED_FACE('',(#471),#206,.T.);
#5063=ADVANCED_FACE('',(#472),#207,.T.);
#5064=ADVANCED_FACE('',(#473),#208,.T.);
#5065=ADVANCED_FACE('',(#474),#209,.T.);
#5066=ADVANCED_FACE('',(#475),#210,.F.);
#5067=ADVANCED_FACE('',(#476),#211,.F.);
#5068=ADVANCED_FACE('',(#477),#212,.F.);
#5069=ADVANCED_FACE('',(#478),#213,.F.);
#5070=ADVANCED_FACE('',(#479),#214,.F.);
#5071=ADVANCED_FACE('',(#480),#215,.F.);
#5072=ADVANCED_FACE('',(#481),#216,.T.);
#5073=ADVANCED_FACE('',(#482,#63,#64,#65),#217,.F.);
#5074=ADVANCED_FACE('',(#483,#66),#218,.F.);
#5075=ADVANCED_FACE('',(#484),#219,.T.);
#5076=ADVANCED_FACE('',(#485),#4894,.T.);
#5077=ADVANCED_FACE('',(#486,#67),#220,.T.);
#5078=ADVANCED_FACE('',(#487),#221,.T.);
#5079=ADVANCED_FACE('',(#488),#4895,.T.);
#5080=ADVANCED_FACE('',(#489),#4896,.T.);
#5081=ADVANCED_FACE('',(#490),#222,.T.);
#5082=ADVANCED_FACE('',(#491),#4897,.T.);
#5083=ADVANCED_FACE('',(#492),#223,.T.);
#5084=ADVANCED_FACE('',(#493),#4898,.F.);
#5085=ADVANCED_FACE('',(#494),#224,.F.);
#5086=ADVANCED_FACE('',(#495),#4899,.F.);
#5087=ADVANCED_FACE('',(#496),#225,.F.);
#5088=ADVANCED_FACE('',(#497),#4900,.F.);
#5089=ADVANCED_FACE('',(#498,#68,#69,#70,#71,#72),#226,.F.);
#5090=ADVANCED_FACE('',(#499),#4901,.F.);
#5091=ADVANCED_FACE('',(#500),#4902,.F.);
#5092=ADVANCED_FACE('',(#501),#4903,.F.);
#5093=ADVANCED_FACE('',(#502),#4904,.F.);
#5094=ADVANCED_FACE('',(#503),#4905,.F.);
#5095=ADVANCED_FACE('',(#504),#227,.F.);
#5096=ADVANCED_FACE('',(#505),#228,.F.);
#5097=ADVANCED_FACE('',(#506),#229,.F.);
#5098=ADVANCED_FACE('',(#507),#230,.F.);
#5099=ADVANCED_FACE('',(#508),#231,.F.);
#5100=ADVANCED_FACE('',(#509),#232,.F.);
#5101=ADVANCED_FACE('',(#510),#4906,.F.);
#5102=ADVANCED_FACE('',(#511),#4907,.F.);
#5103=ADVANCED_FACE('',(#512),#4908,.F.);
#5104=ADVANCED_FACE('',(#513),#4909,.F.);
#5105=ADVANCED_FACE('',(#514),#233,.T.);
#5106=ADVANCED_FACE('',(#515),#234,.T.);
#5107=ADVANCED_FACE('',(#516),#235,.T.);
#5108=ADVANCED_FACE('',(#517),#236,.T.);
#5109=ADVANCED_FACE('',(#518),#237,.T.);
#5110=ADVANCED_FACE('',(#519),#238,.T.);
#5111=ADVANCED_FACE('',(#520),#239,.T.);
#5112=ADVANCED_FACE('',(#521),#240,.T.);
#5113=ADVANCED_FACE('',(#522,#73),#241,.T.);
#5114=ADVANCED_FACE('',(#523),#242,.T.);
#5115=ADVANCED_FACE('',(#524,#74,#75,#76,#77,#78,#79,#80,#81,#82),#243,
 .T.);
#5116=ADVANCED_FACE('',(#525,#83,#84,#85,#86,#87),#244,.T.);
#5117=ADVANCED_FACE('',(#526),#327,.T.);
#5118=ADVANCED_FACE('',(#527,#88),#245,.T.);
#5119=ADVANCED_FACE('',(#528),#4910,.F.);
#5120=ADVANCED_FACE('',(#529),#246,.F.);
#5121=ADVANCED_FACE('',(#530),#4911,.F.);
#5122=ADVANCED_FACE('',(#531),#247,.F.);
#5123=ADVANCED_FACE('',(#532),#4912,.F.);
#5124=ADVANCED_FACE('',(#533),#248,.F.);
#5125=ADVANCED_FACE('',(#534),#4913,.F.);
#5126=ADVANCED_FACE('',(#535),#249,.F.);
#5127=ADVANCED_FACE('',(#536),#250,.T.);
#5128=ADVANCED_FACE('',(#537),#251,.T.);
#5129=ADVANCED_FACE('',(#538),#252,.T.);
#5130=ADVANCED_FACE('',(#539),#253,.T.);
#5131=ADVANCED_FACE('',(#540,#89),#254,.T.);
#5132=ADVANCED_FACE('',(#541),#4914,.F.);
#5133=ADVANCED_FACE('',(#542),#255,.F.);
#5134=ADVANCED_FACE('',(#543),#256,.F.);
#5135=ADVANCED_FACE('',(#544),#257,.F.);
#5136=ADVANCED_FACE('',(#545,#90),#258,.F.);
#5137=ADVANCED_FACE('',(#546,#91,#92,#93,#94,#95),#259,.F.);
#5138=ADVANCED_FACE('',(#547),#22,.F.);
#5139=ADVANCED_FACE('',(#548),#4915,.T.);
#5140=ADVANCED_FACE('',(#549),#328,.T.);
#5141=ADVANCED_FACE('',(#550),#329,.T.);
#5142=ADVANCED_FACE('',(#551),#4916,.T.);
#5143=ADVANCED_FACE('',(#552),#4917,.T.);
#5144=ADVANCED_FACE('',(#553),#330,.T.);
#5145=ADVANCED_FACE('',(#554),#331,.T.);
#5146=ADVANCED_FACE('',(#555),#4918,.T.);
#5147=ADVANCED_FACE('',(#556,#96),#260,.T.);
#5148=ADVANCED_FACE('',(#557),#4919,.T.);
#5149=ADVANCED_FACE('',(#558),#27,.T.);
#5150=ADVANCED_FACE('',(#559),#28,.T.);
#5151=ADVANCED_FACE('',(#560),#4920,.T.);
#5152=ADVANCED_FACE('',(#561),#4921,.T.);
#5153=ADVANCED_FACE('',(#562),#29,.T.);
#5154=ADVANCED_FACE('',(#563),#30,.T.);
#5155=ADVANCED_FACE('',(#564),#4922,.T.);
#5156=ADVANCED_FACE('',(#565,#97,#98,#99,#100,#101,#102,#103,#104,#105,
#106,#107,#108,#109),#261,.T.);
#5157=ADVANCED_FACE('',(#566),#262,.T.);
#5158=ADVANCED_FACE('',(#567),#263,.T.);
#5159=ADVANCED_FACE('',(#568),#264,.T.);
#5160=ADVANCED_FACE('',(#569),#265,.T.);
#5161=ADVANCED_FACE('',(#570),#266,.T.);
#5162=ADVANCED_FACE('',(#571),#267,.T.);
#5163=ADVANCED_FACE('',(#572),#268,.T.);
#5164=ADVANCED_FACE('',(#573),#269,.T.);
#5165=ADVANCED_FACE('',(#574),#270,.T.);
#5166=ADVANCED_FACE('',(#575),#271,.T.);
#5167=ADVANCED_FACE('',(#576),#272,.T.);
#5168=ADVANCED_FACE('',(#577),#273,.T.);
#5169=ADVANCED_FACE('',(#578),#274,.T.);
#5170=ADVANCED_FACE('',(#579),#275,.T.);
#5171=ADVANCED_FACE('',(#580),#276,.T.);
#5172=ADVANCED_FACE('',(#581),#277,.T.);
#5173=ADVANCED_FACE('',(#582),#278,.T.);
#5174=ADVANCED_FACE('',(#583),#279,.T.);
#5175=ADVANCED_FACE('',(#584),#280,.T.);
#5176=ADVANCED_FACE('',(#585),#281,.T.);
#5177=ADVANCED_FACE('',(#586),#282,.T.);
#5178=ADVANCED_FACE('',(#587),#283,.T.);
#5179=ADVANCED_FACE('',(#588),#284,.T.);
#5180=ADVANCED_FACE('',(#589),#285,.T.);
#5181=ADVANCED_FACE('',(#590),#286,.T.);
#5182=ADVANCED_FACE('',(#591),#287,.T.);
#5183=ADVANCED_FACE('',(#592),#288,.T.);
#5184=ADVANCED_FACE('',(#593),#289,.T.);
#5185=ADVANCED_FACE('',(#594),#290,.T.);
#5186=ADVANCED_FACE('',(#595),#291,.T.);
#5187=ADVANCED_FACE('',(#596),#292,.T.);
#5188=ADVANCED_FACE('',(#597),#293,.T.);
#5189=ADVANCED_FACE('',(#598),#294,.T.);
#5190=ADVANCED_FACE('',(#599),#295,.T.);
#5191=ADVANCED_FACE('',(#600),#296,.T.);
#5192=ADVANCED_FACE('',(#601),#297,.T.);
#5193=ADVANCED_FACE('',(#602),#298,.T.);
#5194=ADVANCED_FACE('',(#603),#299,.T.);
#5195=ADVANCED_FACE('',(#604),#300,.T.);
#5196=ADVANCED_FACE('',(#605),#301,.T.);
#5197=ADVANCED_FACE('',(#606),#302,.T.);
#5198=ADVANCED_FACE('',(#607),#303,.T.);
#5199=ADVANCED_FACE('',(#608),#304,.T.);
#5200=ADVANCED_FACE('',(#609),#305,.T.);
#5201=ADVANCED_FACE('',(#610),#306,.T.);
#5202=ADVANCED_FACE('',(#611),#307,.T.);
#5203=ADVANCED_FACE('',(#612),#308,.T.);
#5204=ADVANCED_FACE('',(#613),#309,.T.);
#5205=ADVANCED_FACE('',(#614),#310,.T.);
#5206=ADVANCED_FACE('',(#615),#311,.T.);
#5207=ADVANCED_FACE('',(#616),#312,.T.);
#5208=ADVANCED_FACE('',(#617),#313,.T.);
#5209=ADVANCED_FACE('',(#618),#314,.T.);
#5210=ADVANCED_FACE('',(#619),#315,.T.);
#5211=ADVANCED_FACE('',(#620),#316,.T.);
#5212=ADVANCED_FACE('',(#621),#317,.T.);
#5213=ADVANCED_FACE('',(#622),#318,.T.);
#5214=ADVANCED_FACE('',(#623),#319,.T.);
#5215=ADVANCED_FACE('',(#624),#320,.T.);
#5216=ADVANCED_FACE('',(#625),#321,.T.);
#5217=CLOSED_SHELL('',(#4923,#4924,#4925,#4926,#4927,#4928,#4929,#4930,
#4931,#4932,#4933,#4934,#4935,#4936,#4937,#4938,#4939,#4940,#4941,#4942,
#4943,#4944,#4945,#4946,#4947,#4948,#4949,#4950,#4951,#4952,#4953,#4954,
#4955,#4956,#4957,#4958,#4959,#4960,#4961,#4962,#4963,#4964,#4965,#4966,
#4967,#4968,#4969,#4970,#4971,#4972,#4973,#4974,#4975,#4976,#4977,#4978,
#4979,#4980,#4981,#4982,#4983,#4984,#4985,#4986,#4987,#4988,#4989,#4990,
#4991,#4992,#4993,#4994,#4995,#4996,#4997,#4998,#4999,#5000,#5001,#5002,
#5003,#5004,#5005,#5006,#5007,#5008,#5009,#5010,#5011,#5012,#5013,#5014,
#5015,#5016,#5017,#5018,#5019,#5020,#5021,#5022,#5023,#5024,#5025,#5026,
#5027,#5028,#5029,#5030,#5031,#5032,#5033,#5034,#5035,#5036,#5037,#5038,
#5039,#5040,#5041,#5042,#5043,#5044,#5045,#5046,#5047,#5048,#5049,#5050,
#5051,#5052,#5053,#5054,#5055,#5056,#5057,#5058,#5059,#5060,#5061,#5062,
#5063,#5064,#5065,#5066,#5067,#5068,#5069,#5070,#5071,#5072,#5073,#5074,
#5075));
#5218=CLOSED_SHELL('',(#5076,#5077,#5078,#5079,#5080,#5081,#5082,#5083,
#5084,#5085,#5086,#5087,#5088,#5089,#5090,#5091,#5092,#5093,#5094,#5095,
#5096,#5097,#5098,#5099,#5100,#5101,#5102,#5103,#5104,#5105,#5106,#5107,
#5108,#5109,#5110,#5111,#5112,#5113,#5114,#5115,#5116));
#5219=CLOSED_SHELL('',(#5117,#5118,#5119,#5120,#5121,#5122,#5123,#5124,
#5125,#5126,#5127,#5128,#5129,#5130,#5131,#5132,#5133,#5134,#5135,#5136,
#5137,#5138));
#5220=CLOSED_SHELL('',(#5139,#5140,#5141,#5142,#5143,#5144,#5145,#5146,
#5147,#5148,#5149,#5150,#5151,#5152,#5153,#5154,#5155,#5156,#5157,#5158,
#5159,#5160,#5161,#5162,#5163,#5164,#5165,#5166,#5167,#5168,#5169,#5170,
#5171,#5172,#5173,#5174,#5175,#5176,#5177,#5178,#5179,#5180,#5181,#5182,
#5183,#5184,#5185,#5186,#5187,#5188,#5189,#5190,#5191,#5192,#5193,#5194,
#5195,#5196,#5197,#5198,#5199,#5200,#5201,#5202,#5203,#5204,#5205,#5206,
#5207,#5208,#5209,#5210,#5211,#5212,#5213,#5214,#5215,#5216));
#5221=DERIVED_UNIT_ELEMENT(#5223,1.);
#5222=DERIVED_UNIT_ELEMENT(#8649,-3.);
#5223=(
MASS_UNIT()
NAMED_UNIT(*)
SI_UNIT(.KILO.,.GRAM.)
);
#5224=DERIVED_UNIT((#5221,#5222));
#5225=MEASURE_REPRESENTATION_ITEM('density measure',
POSITIVE_RATIO_MEASURE(1060.),#5224);
#5226=PROPERTY_DEFINITION_REPRESENTATION(#5231,#5228);
#5227=PROPERTY_DEFINITION_REPRESENTATION(#5232,#5229);
#5228=REPRESENTATION('material name',(#5230),#8646);
#5229=REPRESENTATION('density',(#5225),#8646);
#5230=DESCRIPTIVE_REPRESENTATION_ITEM('ABS Plastic','ABS Plastic');
#5231=PROPERTY_DEFINITION('material property','material name',#8656);
#5232=PROPERTY_DEFINITION('material property','density of part',#8656);
#5233=AXIS2_PLACEMENT_3D('',#7110,#5673,#5674);
#5234=AXIS2_PLACEMENT_3D('',#7111,#5675,#5676);
#5235=AXIS2_PLACEMENT_3D('',#7114,#5677,#5678);
#5236=AXIS2_PLACEMENT_3D('',#7118,#5680,#5681);
#5237=AXIS2_PLACEMENT_3D('',#7120,#5683,#5684);
#5238=AXIS2_PLACEMENT_3D('',#7123,#5685,#5686);
#5239=AXIS2_PLACEMENT_3D('',#7124,#5687,#5688);
#5240=AXIS2_PLACEMENT_3D('',#7125,#5689,#5690);
#5241=AXIS2_PLACEMENT_3D('',#7126,#5691,#5692);
#5242=AXIS2_PLACEMENT_3D('',#7129,#5693,#5694);
#5243=AXIS2_PLACEMENT_3D('',#7132,#5697,#5698);
#5244=AXIS2_PLACEMENT_3D('',#7135,#5699,#5700);
#5245=AXIS2_PLACEMENT_3D('',#7136,#5701,#5702);
#5246=AXIS2_PLACEMENT_3D('',#7137,#5703,#5704);
#5247=AXIS2_PLACEMENT_3D('',#7138,#5705,#5706);
#5248=AXIS2_PLACEMENT_3D('',#7141,#5707,#5708);
#5249=AXIS2_PLACEMENT_3D('',#7144,#5711,#5712);
#5250=AXIS2_PLACEMENT_3D('',#7147,#5713,#5714);
#5251=AXIS2_PLACEMENT_3D('',#7148,#5715,#5716);
#5252=AXIS2_PLACEMENT_3D('',#7149,#5717,#5718);
#5253=AXIS2_PLACEMENT_3D('',#7150,#5719,#5720);
#5254=AXIS2_PLACEMENT_3D('',#7153,#5721,#5722);
#5255=AXIS2_PLACEMENT_3D('',#7156,#5725,#5726);
#5256=AXIS2_PLACEMENT_3D('',#7157,#5727,#5728);
#5257=AXIS2_PLACEMENT_3D('',#7158,#5729,#5730);
#5258=AXIS2_PLACEMENT_3D('',#7159,#5731,#5732);
#5259=AXIS2_PLACEMENT_3D('',#7163,#5734,#5735);
#5260=AXIS2_PLACEMENT_3D('',#7165,#5737,#5738);
#5261=AXIS2_PLACEMENT_3D('',#7169,#5741,#5742);
#5262=AXIS2_PLACEMENT_3D('',#7172,#5744,#5745);
#5263=AXIS2_PLACEMENT_3D('',#7173,#5746,#5747);
#5264=AXIS2_PLACEMENT_3D('',#7178,#5750,#5751);
#5265=AXIS2_PLACEMENT_3D('',#7179,#5752,#5753);
#5266=AXIS2_PLACEMENT_3D('',#7284,#5806,#5807);
#5267=AXIS2_PLACEMENT_3D('',#7286,#5808,#5809);
#5268=AXIS2_PLACEMENT_3D('',#7289,#5811,#5812);
#5269=AXIS2_PLACEMENT_3D('',#7300,#5813,#5814);
#5270=AXIS2_PLACEMENT_3D('',#7301,#5815,#5816);
#5271=AXIS2_PLACEMENT_3D('',#7312,#5817,#5818);
#5272=AXIS2_PLACEMENT_3D('',#7313,#5819,#5820);
#5273=AXIS2_PLACEMENT_3D('',#7314,#5821,#5822);
#5274=AXIS2_PLACEMENT_3D('',#7316,#5823,#5824);
#5275=AXIS2_PLACEMENT_3D('',#7318,#5826,#5827);
#5276=AXIS2_PLACEMENT_3D('',#7322,#5829,#5830);
#5277=AXIS2_PLACEMENT_3D('',#7335,#5832,#5833);
#5278=AXIS2_PLACEMENT_3D('',#7336,#5834,#5835);
#5279=AXIS2_PLACEMENT_3D('',#7337,#5836,#5837);
#5280=AXIS2_PLACEMENT_3D('',#7349,#5838,#5839);
#5281=AXIS2_PLACEMENT_3D('',#7350,#5840,#5841);
#5282=AXIS2_PLACEMENT_3D('',#7351,#5842,#5843);
#5283=AXIS2_PLACEMENT_3D('',#7352,#5844,#5845);
#5284=AXIS2_PLACEMENT_3D('',#7355,#5848,#5849);
#5285=AXIS2_PLACEMENT_3D('',#7357,#5851,#5852);
#5286=AXIS2_PLACEMENT_3D('',#7360,#5853,#5854);
#5287=AXIS2_PLACEMENT_3D('',#7363,#5857,#5858);
#5288=AXIS2_PLACEMENT_3D('',#7367,#5861,#5862);
#5289=AXIS2_PLACEMENT_3D('',#7369,#5863,#5864);
#5290=AXIS2_PLACEMENT_3D('',#7371,#5866,#5867);
#5291=AXIS2_PLACEMENT_3D('',#7375,#5870,#5871);
#5292=AXIS2_PLACEMENT_3D('',#7377,#5872,#5873);
#5293=AXIS2_PLACEMENT_3D('',#7379,#5875,#5876);
#5294=AXIS2_PLACEMENT_3D('',#7383,#5879,#5880);
#5295=AXIS2_PLACEMENT_3D('',#7385,#5881,#5882);
#5296=AXIS2_PLACEMENT_3D('',#7387,#5884,#5885);
#5297=AXIS2_PLACEMENT_3D('',#7389,#5887,#5888);
#5298=AXIS2_PLACEMENT_3D('',#7395,#5891,#5892);
#5299=AXIS2_PLACEMENT_3D('',#7399,#5894,#5895);
#5300=AXIS2_PLACEMENT_3D('',#7403,#5897,#5898);
#5301=AXIS2_PLACEMENT_3D('',#7406,#5900,#5901);
#5302=AXIS2_PLACEMENT_3D('',#7408,#5902,#5903);
#5303=AXIS2_PLACEMENT_3D('',#7409,#5904,#5905);
#5304=AXIS2_PLACEMENT_3D('',#7411,#5907,#5908);
#5305=AXIS2_PLACEMENT_3D('',#7412,#5909,#5910);
#5306=AXIS2_PLACEMENT_3D('',#7418,#5914,#5915);
#5307=AXIS2_PLACEMENT_3D('',#7422,#5918,#5919);
#5308=AXIS2_PLACEMENT_3D('',#7426,#5922,#5923);
#5309=AXIS2_PLACEMENT_3D('',#7428,#5925,#5926);
#5310=AXIS2_PLACEMENT_3D('',#7429,#5927,#5928);
#5311=AXIS2_PLACEMENT_3D('',#7435,#5932,#5933);
#5312=AXIS2_PLACEMENT_3D('',#7439,#5936,#5937);
#5313=AXIS2_PLACEMENT_3D('',#7443,#5940,#5941);
#5314=AXIS2_PLACEMENT_3D('',#7445,#5943,#5944);
#5315=AXIS2_PLACEMENT_3D('',#7446,#5945,#5946);
#5316=AXIS2_PLACEMENT_3D('',#7452,#5950,#5951);
#5317=AXIS2_PLACEMENT_3D('',#7456,#5954,#5955);
#5318=AXIS2_PLACEMENT_3D('',#7460,#5958,#5959);
#5319=AXIS2_PLACEMENT_3D('',#7462,#5961,#5962);
#5320=AXIS2_PLACEMENT_3D('',#7463,#5963,#5964);
#5321=AXIS2_PLACEMENT_3D('',#7469,#5968,#5969);
#5322=AXIS2_PLACEMENT_3D('',#7473,#5972,#5973);
#5323=AXIS2_PLACEMENT_3D('',#7477,#5976,#5977);
#5324=AXIS2_PLACEMENT_3D('',#7479,#5979,#5980);
#5325=AXIS2_PLACEMENT_3D('',#7480,#5981,#5982);
#5326=AXIS2_PLACEMENT_3D('',#7486,#5986,#5987);
#5327=AXIS2_PLACEMENT_3D('',#7490,#5990,#5991);
#5328=AXIS2_PLACEMENT_3D('',#7494,#5994,#5995);
#5329=AXIS2_PLACEMENT_3D('',#7496,#5997,#5998);
#5330=AXIS2_PLACEMENT_3D('',#7497,#5999,#6000);
#5331=AXIS2_PLACEMENT_3D('',#7503,#6004,#6005);
#5332=AXIS2_PLACEMENT_3D('',#7507,#6008,#6009);
#5333=AXIS2_PLACEMENT_3D('',#7511,#6012,#6013);
#5334=AXIS2_PLACEMENT_3D('',#7513,#6015,#6016);
#5335=AXIS2_PLACEMENT_3D('',#7514,#6017,#6018);
#5336=AXIS2_PLACEMENT_3D('',#7520,#6022,#6023);
#5337=AXIS2_PLACEMENT_3D('',#7524,#6026,#6027);
#5338=AXIS2_PLACEMENT_3D('',#7528,#6030,#6031);
#5339=AXIS2_PLACEMENT_3D('',#7530,#6033,#6034);
#5340=AXIS2_PLACEMENT_3D('',#7531,#6035,#6036);
#5341=AXIS2_PLACEMENT_3D('',#7537,#6040,#6041);
#5342=AXIS2_PLACEMENT_3D('',#7541,#6044,#6045);
#5343=AXIS2_PLACEMENT_3D('',#7545,#6048,#6049);
#5344=AXIS2_PLACEMENT_3D('',#7547,#6051,#6052);
#5345=AXIS2_PLACEMENT_3D('',#7548,#6053,#6054);
#5346=AXIS2_PLACEMENT_3D('',#7554,#6058,#6059);
#5347=AXIS2_PLACEMENT_3D('',#7558,#6062,#6063);
#5348=AXIS2_PLACEMENT_3D('',#7562,#6066,#6067);
#5349=AXIS2_PLACEMENT_3D('',#7564,#6069,#6070);
#5350=AXIS2_PLACEMENT_3D('',#7565,#6071,#6072);
#5351=AXIS2_PLACEMENT_3D('',#7571,#6076,#6077);
#5352=AXIS2_PLACEMENT_3D('',#7575,#6080,#6081);
#5353=AXIS2_PLACEMENT_3D('',#7579,#6084,#6085);
#5354=AXIS2_PLACEMENT_3D('',#7581,#6087,#6088);
#5355=AXIS2_PLACEMENT_3D('',#7582,#6089,#6090);
#5356=AXIS2_PLACEMENT_3D('',#7588,#6094,#6095);
#5357=AXIS2_PLACEMENT_3D('',#7592,#6098,#6099);
#5358=AXIS2_PLACEMENT_3D('',#7596,#6102,#6103);
#5359=AXIS2_PLACEMENT_3D('',#7598,#6105,#6106);
#5360=AXIS2_PLACEMENT_3D('',#7599,#6107,#6108);
#5361=AXIS2_PLACEMENT_3D('',#7605,#6112,#6113);
#5362=AXIS2_PLACEMENT_3D('',#7609,#6116,#6117);
#5363=AXIS2_PLACEMENT_3D('',#7613,#6120,#6121);
#5364=AXIS2_PLACEMENT_3D('',#7615,#6123,#6124);
#5365=AXIS2_PLACEMENT_3D('',#7616,#6125,#6126);
#5366=AXIS2_PLACEMENT_3D('',#7619,#6128,#6129);
#5367=AXIS2_PLACEMENT_3D('',#7620,#6130,#6131);
#5368=AXIS2_PLACEMENT_3D('',#7623,#6133,#6134);
#5369=AXIS2_PLACEMENT_3D('',#7624,#6135,#6136);
#5370=AXIS2_PLACEMENT_3D('',#7626,#6137,#6138);
#5371=AXIS2_PLACEMENT_3D('',#7627,#6139,#6140);
#5372=AXIS2_PLACEMENT_3D('',#7629,#6141,#6142);
#5373=AXIS2_PLACEMENT_3D('',#7630,#6143,#6144);
#5374=AXIS2_PLACEMENT_3D('',#7633,#6146,#6147);
#5375=AXIS2_PLACEMENT_3D('',#7634,#6148,#6149);
#5376=AXIS2_PLACEMENT_3D('',#7637,#6151,#6152);
#5377=AXIS2_PLACEMENT_3D('',#7638,#6153,#6154);
#5378=AXIS2_PLACEMENT_3D('',#7647,#6159,#6160);
#5379=AXIS2_PLACEMENT_3D('',#7664,#6169,#6170);
#5380=AXIS2_PLACEMENT_3D('',#7678,#6178,#6179);
#5381=AXIS2_PLACEMENT_3D('',#7684,#6183,#6184);
#5382=AXIS2_PLACEMENT_3D('',#7690,#6188,#6189);
#5383=AXIS2_PLACEMENT_3D('',#7692,#6191,#6192);
#5384=AXIS2_PLACEMENT_3D('',#7714,#6203,#6204);
#5385=AXIS2_PLACEMENT_3D('',#7718,#6206,#6207);
#5386=AXIS2_PLACEMENT_3D('',#7722,#6209,#6210);
#5387=AXIS2_PLACEMENT_3D('',#7725,#6212,#6213);
#5388=AXIS2_PLACEMENT_3D('',#7726,#6214,#6215);
#5389=AXIS2_PLACEMENT_3D('',#7729,#6218,#6219);
#5390=AXIS2_PLACEMENT_3D('',#7732,#6222,#6223);
#5391=AXIS2_PLACEMENT_3D('',#7733,#6224,#6225);
#5392=AXIS2_PLACEMENT_3D('',#7743,#6231,#6232);
#5393=AXIS2_PLACEMENT_3D('',#7745,#6233,#6234);
#5394=AXIS2_PLACEMENT_3D('',#7747,#6235,#6236);
#5395=AXIS2_PLACEMENT_3D('',#7749,#6237,#6238);
#5396=AXIS2_PLACEMENT_3D('',#7750,#6239,#6240);
#5397=AXIS2_PLACEMENT_3D('',#7751,#6241,#6242);
#5398=AXIS2_PLACEMENT_3D('',#7754,#6245,#6246);
#5399=AXIS2_PLACEMENT_3D('',#7756,#6248,#6249);
#5400=AXIS2_PLACEMENT_3D('',#7758,#6251,#6252);
#5401=AXIS2_PLACEMENT_3D('',#7760,#6254,#6255);
#5402=AXIS2_PLACEMENT_3D('',#7762,#6257,#6258);
#5403=AXIS2_PLACEMENT_3D('',#7764,#6260,#6261);
#5404=AXIS2_PLACEMENT_3D('',#7766,#6263,#6264);
#5405=AXIS2_PLACEMENT_3D('',#7767,#6265,#6266);
#5406=AXIS2_PLACEMENT_3D('',#7769,#6267,#6268);
#5407=AXIS2_PLACEMENT_3D('',#7771,#6269,#6270);
#5408=AXIS2_PLACEMENT_3D('',#7772,#6271,#6272);
#5409=AXIS2_PLACEMENT_3D('',#7773,#6273,#6274);
#5410=AXIS2_PLACEMENT_3D('',#7776,#6276,#6277);
#5411=AXIS2_PLACEMENT_3D('',#7777,#6278,#6279);
#5412=AXIS2_PLACEMENT_3D('',#7779,#6280,#6281);
#5413=AXIS2_PLACEMENT_3D('',#7780,#6282,#6283);
#5414=AXIS2_PLACEMENT_3D('',#7783,#6285,#6286);
#5415=AXIS2_PLACEMENT_3D('',#7784,#6287,#6288);
#5416=AXIS2_PLACEMENT_3D('',#7786,#6289,#6290);
#5417=AXIS2_PLACEMENT_3D('',#7788,#6291,#6292);
#5418=AXIS2_PLACEMENT_3D('',#7789,#6293,#6294);
#5419=AXIS2_PLACEMENT_3D('',#7791,#6295,#6296);
#5420=AXIS2_PLACEMENT_3D('',#7793,#6298,#6299);
#5421=AXIS2_PLACEMENT_3D('',#7795,#6301,#6302);
#5422=AXIS2_PLACEMENT_3D('',#7797,#6303,#6304);
#5423=AXIS2_PLACEMENT_3D('',#7799,#6305,#6306);
#5424=AXIS2_PLACEMENT_3D('',#7800,#6307,#6308);
#5425=AXIS2_PLACEMENT_3D('',#7802,#6309,#6310);
#5426=AXIS2_PLACEMENT_3D('',#7804,#6312,#6313);
#5427=AXIS2_PLACEMENT_3D('',#7806,#6315,#6316);
#5428=AXIS2_PLACEMENT_3D('',#7808,#6317,#6318);
#5429=AXIS2_PLACEMENT_3D('',#7810,#6319,#6320);
#5430=AXIS2_PLACEMENT_3D('',#7811,#6321,#6322);
#5431=AXIS2_PLACEMENT_3D('',#7813,#6323,#6324);
#5432=AXIS2_PLACEMENT_3D('',#7815,#6326,#6327);
#5433=AXIS2_PLACEMENT_3D('',#7817,#6329,#6330);
#5434=AXIS2_PLACEMENT_3D('',#7819,#6331,#6332);
#5435=AXIS2_PLACEMENT_3D('',#7821,#6333,#6334);
#5436=AXIS2_PLACEMENT_3D('',#7822,#6335,#6336);
#5437=AXIS2_PLACEMENT_3D('',#7824,#6337,#6338);
#5438=AXIS2_PLACEMENT_3D('',#7826,#6340,#6341);
#5439=AXIS2_PLACEMENT_3D('',#7828,#6343,#6344);
#5440=AXIS2_PLACEMENT_3D('',#7834,#6348,#6349);
#5441=AXIS2_PLACEMENT_3D('',#7836,#6351,#6352);
#5442=AXIS2_PLACEMENT_3D('',#7838,#6354,#6355);
#5443=AXIS2_PLACEMENT_3D('',#7844,#6359,#6360);
#5444=AXIS2_PLACEMENT_3D('',#7845,#6361,#6362);
#5445=AXIS2_PLACEMENT_3D('',#7857,#6369,#6370);
#5446=AXIS2_PLACEMENT_3D('',#7869,#6377,#6378);
#5447=AXIS2_PLACEMENT_3D('',#7871,#6380,#6381);
#5448=AXIS2_PLACEMENT_3D('',#7877,#6385,#6386);
#5449=AXIS2_PLACEMENT_3D('',#7883,#6390,#6391);
#5450=AXIS2_PLACEMENT_3D('',#7885,#6393,#6394);
#5451=AXIS2_PLACEMENT_3D('',#7888,#6397,#6398);
#5452=AXIS2_PLACEMENT_3D('',#7891,#6401,#6402);
#5453=AXIS2_PLACEMENT_3D('',#7892,#6403,#6404);
#5454=AXIS2_PLACEMENT_3D('',#7897,#6408,#6409);
#5455=AXIS2_PLACEMENT_3D('',#7899,#6411,#6412);
#5456=AXIS2_PLACEMENT_3D('',#7900,#6413,#6414);
#5457=AXIS2_PLACEMENT_3D('',#7901,#6415,#6416);
#5458=AXIS2_PLACEMENT_3D('',#7904,#6417,#6418);
#5459=AXIS2_PLACEMENT_3D('',#7908,#6420,#6421);
#5460=AXIS2_PLACEMENT_3D('',#7910,#6423,#6424);
#5461=AXIS2_PLACEMENT_3D('',#7914,#6426,#6427);
#5462=AXIS2_PLACEMENT_3D('',#7918,#6429,#6430);
#5463=AXIS2_PLACEMENT_3D('',#7922,#6432,#6433);
#5464=AXIS2_PLACEMENT_3D('',#7932,#6439,#6440);
#5465=AXIS2_PLACEMENT_3D('',#7936,#6443,#6444);
#5466=AXIS2_PLACEMENT_3D('',#7938,#6445,#6446);
#5467=AXIS2_PLACEMENT_3D('',#7940,#6448,#6449);
#5468=AXIS2_PLACEMENT_3D('',#7944,#6451,#6452);
#5469=AXIS2_PLACEMENT_3D('',#7946,#6454,#6455);
#5470=AXIS2_PLACEMENT_3D('',#7950,#6458,#6459);
#5471=AXIS2_PLACEMENT_3D('',#7953,#6461,#6462);
#5472=AXIS2_PLACEMENT_3D('',#7954,#6463,#6464);
#5473=AXIS2_PLACEMENT_3D('',#7956,#6466,#6467);
#5474=AXIS2_PLACEMENT_3D('',#7959,#6468,#6469);
#5475=AXIS2_PLACEMENT_3D('',#7963,#6471,#6472);
#5476=AXIS2_PLACEMENT_3D('',#7965,#6474,#6475);
#5477=AXIS2_PLACEMENT_3D('',#7971,#6479,#6480);
#5478=AXIS2_PLACEMENT_3D('',#7974,#6481,#6482);
#5479=AXIS2_PLACEMENT_3D('',#7978,#6484,#6485);
#5480=AXIS2_PLACEMENT_3D('',#7980,#6487,#6488);
#5481=AXIS2_PLACEMENT_3D('',#7986,#6492,#6493);
#5482=AXIS2_PLACEMENT_3D('',#7988,#6494,#6495);
#5483=AXIS2_PLACEMENT_3D('',#7991,#6497,#6498);
#5484=AXIS2_PLACEMENT_3D('',#7992,#6499,#6500);
#5485=AXIS2_PLACEMENT_3D('',#7996,#6503,#6504);
#5486=AXIS2_PLACEMENT_3D('',#8006,#6509,#6510);
#5487=AXIS2_PLACEMENT_3D('',#8008,#6511,#6512);
#5488=AXIS2_PLACEMENT_3D('',#8010,#6513,#6514);
#5489=AXIS2_PLACEMENT_3D('',#8012,#6515,#6516);
#5490=AXIS2_PLACEMENT_3D('',#8013,#6517,#6518);
#5491=AXIS2_PLACEMENT_3D('',#8016,#6520,#6521);
#5492=AXIS2_PLACEMENT_3D('',#8017,#6522,#6523);
#5493=AXIS2_PLACEMENT_3D('',#8019,#6524,#6525);
#5494=AXIS2_PLACEMENT_3D('',#8022,#6527,#6528);
#5495=AXIS2_PLACEMENT_3D('',#8023,#6529,#6530);
#5496=AXIS2_PLACEMENT_3D('',#8025,#6531,#6532);
#5497=AXIS2_PLACEMENT_3D('',#8028,#6534,#6535);
#5498=AXIS2_PLACEMENT_3D('',#8029,#6536,#6537);
#5499=AXIS2_PLACEMENT_3D('',#8031,#6538,#6539);
#5500=AXIS2_PLACEMENT_3D('',#8034,#6541,#6542);
#5501=AXIS2_PLACEMENT_3D('',#8035,#6543,#6544);
#5502=AXIS2_PLACEMENT_3D('',#8037,#6545,#6546);
#5503=AXIS2_PLACEMENT_3D('',#8040,#6548,#6549);
#5504=AXIS2_PLACEMENT_3D('',#8041,#6550,#6551);
#5505=AXIS2_PLACEMENT_3D('',#8043,#6553,#6554);
#5506=AXIS2_PLACEMENT_3D('',#8045,#6556,#6557);
#5507=AXIS2_PLACEMENT_3D('',#8051,#6561,#6562);
#5508=AXIS2_PLACEMENT_3D('',#8055,#6565,#6566);
#5509=AXIS2_PLACEMENT_3D('',#8059,#6569,#6570);
#5510=AXIS2_PLACEMENT_3D('',#8061,#6572,#6573);
#5511=AXIS2_PLACEMENT_3D('',#8063,#6574,#6575);
#5512=AXIS2_PLACEMENT_3D('',#8065,#6577,#6578);
#5513=AXIS2_PLACEMENT_3D('',#8067,#6579,#6580);
#5514=AXIS2_PLACEMENT_3D('',#8069,#6582,#6583);
#5515=AXIS2_PLACEMENT_3D('',#8071,#6584,#6585);
#5516=AXIS2_PLACEMENT_3D('',#8073,#6587,#6588);
#5517=AXIS2_PLACEMENT_3D('',#8075,#6589,#6590);
#5518=AXIS2_PLACEMENT_3D('',#8077,#6592,#6593);
#5519=AXIS2_PLACEMENT_3D('',#8086,#6598,#6599);
#5520=AXIS2_PLACEMENT_3D('',#8092,#6603,#6604);
#5521=AXIS2_PLACEMENT_3D('',#8098,#6608,#6609);
#5522=AXIS2_PLACEMENT_3D('',#8101,#6612,#6613);
#5523=AXIS2_PLACEMENT_3D('',#8107,#6617,#6618);
#5524=AXIS2_PLACEMENT_3D('',#8111,#6621,#6622);
#5525=AXIS2_PLACEMENT_3D('',#8115,#6625,#6626);
#5526=AXIS2_PLACEMENT_3D('',#8117,#6628,#6629);
#5527=AXIS2_PLACEMENT_3D('',#8118,#6630,#6631);
#5528=AXIS2_PLACEMENT_3D('',#8120,#6633,#6634);
#5529=AXIS2_PLACEMENT_3D('',#8121,#6635,#6636);
#5530=AXIS2_PLACEMENT_3D('',#8122,#6637,#6638);
#5531=AXIS2_PLACEMENT_3D('',#8124,#6639,#6640);
#5532=AXIS2_PLACEMENT_3D('',#8126,#6641,#6642);
#5533=AXIS2_PLACEMENT_3D('',#8127,#6643,#6644);
#5534=AXIS2_PLACEMENT_3D('',#8128,#6645,#6646);
#5535=AXIS2_PLACEMENT_3D('',#8130,#6647,#6648);
#5536=AXIS2_PLACEMENT_3D('',#8131,#6649,#6650);
#5537=AXIS2_PLACEMENT_3D('',#8133,#6651,#6652);
#5538=AXIS2_PLACEMENT_3D('',#8136,#6654,#6655);
#5539=AXIS2_PLACEMENT_3D('',#8137,#6656,#6657);
#5540=AXIS2_PLACEMENT_3D('',#8138,#6658,#6659);
#5541=AXIS2_PLACEMENT_3D('',#8140,#6660,#6661);
#5542=AXIS2_PLACEMENT_3D('',#8143,#6663,#6664);
#5543=AXIS2_PLACEMENT_3D('',#8144,#6665,#6666);
#5544=AXIS2_PLACEMENT_3D('',#8145,#6667,#6668);
#5545=AXIS2_PLACEMENT_3D('',#8147,#6669,#6670);
#5546=AXIS2_PLACEMENT_3D('',#8150,#6672,#6673);
#5547=AXIS2_PLACEMENT_3D('',#8151,#6674,#6675);
#5548=AXIS2_PLACEMENT_3D('',#8152,#6676,#6677);
#5549=AXIS2_PLACEMENT_3D('',#8154,#6678,#6679);
#5550=AXIS2_PLACEMENT_3D('',#8157,#6681,#6682);
#5551=AXIS2_PLACEMENT_3D('',#8158,#6683,#6684);
#5552=AXIS2_PLACEMENT_3D('',#8159,#6685,#6686);
#5553=AXIS2_PLACEMENT_3D('',#8168,#6691,#6692);
#5554=AXIS2_PLACEMENT_3D('',#8174,#6696,#6697);
#5555=AXIS2_PLACEMENT_3D('',#8180,#6701,#6702);
#5556=AXIS2_PLACEMENT_3D('',#8183,#6705,#6706);
#5557=AXIS2_PLACEMENT_3D('',#8185,#6707,#6708);
#5558=AXIS2_PLACEMENT_3D('',#8186,#6709,#6710);
#5559=AXIS2_PLACEMENT_3D('',#8189,#6711,#6712);
#5560=AXIS2_PLACEMENT_3D('',#8193,#6714,#6715);
#5561=AXIS2_PLACEMENT_3D('',#8195,#6717,#6718);
#5562=AXIS2_PLACEMENT_3D('',#8204,#6723,#6724);
#5563=AXIS2_PLACEMENT_3D('',#8207,#6727,#6728);
#5564=AXIS2_PLACEMENT_3D('',#8210,#6731,#6732);
#5565=AXIS2_PLACEMENT_3D('',#8211,#6733,#6734);
#5566=AXIS2_PLACEMENT_3D('',#8212,#6735,#6736);
#5567=AXIS2_PLACEMENT_3D('',#8214,#6738,#6739);
#5568=AXIS2_PLACEMENT_3D('',#8217,#6740,#6741);
#5569=AXIS2_PLACEMENT_3D('',#8221,#6743,#6744);
#5570=AXIS2_PLACEMENT_3D('',#8223,#6746,#6747);
#5571=AXIS2_PLACEMENT_3D('',#8226,#6748,#6749);
#5572=AXIS2_PLACEMENT_3D('',#8227,#6750,#6751);
#5573=AXIS2_PLACEMENT_3D('',#8228,#6752,#6753);
#5574=AXIS2_PLACEMENT_3D('',#8229,#6754,#6755);
#5575=AXIS2_PLACEMENT_3D('',#8232,#6756,#6757);
#5576=AXIS2_PLACEMENT_3D('',#8233,#6758,#6759);
#5577=AXIS2_PLACEMENT_3D('',#8234,#6760,#6761);
#5578=AXIS2_PLACEMENT_3D('',#8235,#6762,#6763);
#5579=AXIS2_PLACEMENT_3D('',#8238,#6764,#6765);
#5580=AXIS2_PLACEMENT_3D('',#8241,#6768,#6769);
#5581=AXIS2_PLACEMENT_3D('',#8244,#6770,#6771);
#5582=AXIS2_PLACEMENT_3D('',#8247,#6774,#6775);
#5583=AXIS2_PLACEMENT_3D('',#8250,#6776,#6777);
#5584=AXIS2_PLACEMENT_3D('',#8251,#6778,#6779);
#5585=AXIS2_PLACEMENT_3D('',#8252,#6780,#6781);
#5586=AXIS2_PLACEMENT_3D('',#8253,#6782,#6783);
#5587=AXIS2_PLACEMENT_3D('',#8256,#6784,#6785);
#5588=AXIS2_PLACEMENT_3D('',#8257,#6786,#6787);
#5589=AXIS2_PLACEMENT_3D('',#8258,#6788,#6789);
#5590=AXIS2_PLACEMENT_3D('',#8259,#6790,#6791);
#5591=AXIS2_PLACEMENT_3D('',#8262,#6794,#6795);
#5592=AXIS2_PLACEMENT_3D('',#8267,#6797,#6798);
#5593=AXIS2_PLACEMENT_3D('',#8271,#6800,#6801);
#5594=AXIS2_PLACEMENT_3D('',#8275,#6803,#6804);
#5595=AXIS2_PLACEMENT_3D('',#8278,#6806,#6807);
#5596=AXIS2_PLACEMENT_3D('',#8279,#6808,#6809);
#5597=AXIS2_PLACEMENT_3D('',#8281,#6810,#6811);
#5598=AXIS2_PLACEMENT_3D('',#8284,#6813,#6814);
#5599=AXIS2_PLACEMENT_3D('',#8295,#6815,#6816);
#5600=AXIS2_PLACEMENT_3D('',#8296,#6817,#6818);
#5601=AXIS2_PLACEMENT_3D('',#8307,#6819,#6820);
#5602=AXIS2_PLACEMENT_3D('',#8308,#6821,#6822);
#5603=AXIS2_PLACEMENT_3D('',#8309,#6823,#6824);
#5604=AXIS2_PLACEMENT_3D('',#8311,#6825,#6826);
#5605=AXIS2_PLACEMENT_3D('',#8313,#6828,#6829);
#5606=AXIS2_PLACEMENT_3D('',#8315,#6830,#6831);
#5607=AXIS2_PLACEMENT_3D('',#8327,#6833,#6834);
#5608=AXIS2_PLACEMENT_3D('',#8328,#6835,#6836);
#5609=AXIS2_PLACEMENT_3D('',#8339,#6837,#6838);
#5610=AXIS2_PLACEMENT_3D('',#8340,#6839,#6840);
#5611=AXIS2_PLACEMENT_3D('',#8341,#6841,#6842);
#5612=AXIS2_PLACEMENT_3D('',#8343,#6844,#6845);
#5613=AXIS2_PLACEMENT_3D('',#8440,#6894,#6895);
#5614=AXIS2_PLACEMENT_3D('',#8446,#6899,#6900);
#5615=AXIS2_PLACEMENT_3D('',#8450,#6903,#6904);
#5616=AXIS2_PLACEMENT_3D('',#8454,#6907,#6908);
#5617=AXIS2_PLACEMENT_3D('',#8456,#6910,#6911);
#5618=AXIS2_PLACEMENT_3D('',#8457,#6912,#6913);
#5619=AXIS2_PLACEMENT_3D('',#8463,#6917,#6918);
#5620=AXIS2_PLACEMENT_3D('',#8467,#6921,#6922);
#5621=AXIS2_PLACEMENT_3D('',#8471,#6925,#6926);
#5622=AXIS2_PLACEMENT_3D('',#8473,#6928,#6929);
#5623=AXIS2_PLACEMENT_3D('',#8474,#6930,#6931);
#5624=AXIS2_PLACEMENT_3D('',#8480,#6935,#6936);
#5625=AXIS2_PLACEMENT_3D('',#8484,#6939,#6940);
#5626=AXIS2_PLACEMENT_3D('',#8488,#6943,#6944);
#5627=AXIS2_PLACEMENT_3D('',#8490,#6946,#6947);
#5628=AXIS2_PLACEMENT_3D('',#8491,#6948,#6949);
#5629=AXIS2_PLACEMENT_3D('',#8497,#6953,#6954);
#5630=AXIS2_PLACEMENT_3D('',#8501,#6957,#6958);
#5631=AXIS2_PLACEMENT_3D('',#8505,#6961,#6962);
#5632=AXIS2_PLACEMENT_3D('',#8507,#6964,#6965);
#5633=AXIS2_PLACEMENT_3D('',#8508,#6966,#6967);
#5634=AXIS2_PLACEMENT_3D('',#8514,#6971,#6972);
#5635=AXIS2_PLACEMENT_3D('',#8518,#6975,#6976);
#5636=AXIS2_PLACEMENT_3D('',#8522,#6979,#6980);
#5637=AXIS2_PLACEMENT_3D('',#8524,#6982,#6983);
#5638=AXIS2_PLACEMENT_3D('',#8525,#6984,#6985);
#5639=AXIS2_PLACEMENT_3D('',#8531,#6989,#6990);
#5640=AXIS2_PLACEMENT_3D('',#8535,#6993,#6994);
#5641=AXIS2_PLACEMENT_3D('',#8539,#6997,#6998);
#5642=AXIS2_PLACEMENT_3D('',#8541,#7000,#7001);
#5643=AXIS2_PLACEMENT_3D('',#8542,#7002,#7003);
#5644=AXIS2_PLACEMENT_3D('',#8548,#7007,#7008);
#5645=AXIS2_PLACEMENT_3D('',#8552,#7011,#7012);
#5646=AXIS2_PLACEMENT_3D('',#8556,#7015,#7016);
#5647=AXIS2_PLACEMENT_3D('',#8558,#7018,#7019);
#5648=AXIS2_PLACEMENT_3D('',#8559,#7020,#7021);
#5649=AXIS2_PLACEMENT_3D('',#8565,#7025,#7026);
#5650=AXIS2_PLACEMENT_3D('',#8569,#7029,#7030);
#5651=AXIS2_PLACEMENT_3D('',#8573,#7033,#7034);
#5652=AXIS2_PLACEMENT_3D('',#8575,#7036,#7037);
#5653=AXIS2_PLACEMENT_3D('',#8576,#7038,#7039);
#5654=AXIS2_PLACEMENT_3D('',#8582,#7043,#7044);
#5655=AXIS2_PLACEMENT_3D('',#8586,#7047,#7048);
#5656=AXIS2_PLACEMENT_3D('',#8590,#7051,#7052);
#5657=AXIS2_PLACEMENT_3D('',#8592,#7054,#7055);
#5658=AXIS2_PLACEMENT_3D('',#8593,#7056,#7057);
#5659=AXIS2_PLACEMENT_3D('',#8599,#7061,#7062);
#5660=AXIS2_PLACEMENT_3D('',#8603,#7065,#7066);
#5661=AXIS2_PLACEMENT_3D('',#8607,#7069,#7070);
#5662=AXIS2_PLACEMENT_3D('',#8609,#7072,#7073);
#5663=AXIS2_PLACEMENT_3D('',#8610,#7074,#7075);
#5664=AXIS2_PLACEMENT_3D('',#8616,#7079,#7080);
#5665=AXIS2_PLACEMENT_3D('',#8620,#7083,#7084);
#5666=AXIS2_PLACEMENT_3D('',#8624,#7087,#7088);
#5667=AXIS2_PLACEMENT_3D('',#8626,#7090,#7091);
#5668=AXIS2_PLACEMENT_3D('',#8627,#7092,#7093);
#5669=AXIS2_PLACEMENT_3D('',#8633,#7097,#7098);
#5670=AXIS2_PLACEMENT_3D('',#8637,#7101,#7102);
#5671=AXIS2_PLACEMENT_3D('',#8641,#7105,#7106);
#5672=AXIS2_PLACEMENT_3D('',#8643,#7108,#7109);
#5673=DIRECTION('axis',(0.,0.,1.));
#5674=DIRECTION('refdir',(1.,0.,0.));
#5675=DIRECTION('center_axis',(-1.,0.,0.));
#5676=DIRECTION('ref_axis',(0.,0.707106781186561,-0.707106781186534));
#5677=DIRECTION('center_axis',(-1.,0.,0.));
#5678=DIRECTION('ref_axis',(0.,1.,0.));
#5679=DIRECTION('',(-1.,0.,0.));
#5680=DIRECTION('center_axis',(1.,0.,0.));
#5681=DIRECTION('ref_axis',(0.,0.,-1.));
#5682=DIRECTION('',(1.,0.,0.));
#5683=DIRECTION('center_axis',(0.,0.,1.));
#5684=DIRECTION('ref_axis',(1.,0.,0.));
#5685=DIRECTION('center_axis',(0.,1.,0.));
#5686=DIRECTION('ref_axis',(0.,0.,-1.));
#5687=DIRECTION('center_axis',(0.,0.,-1.));
#5688=DIRECTION('ref_axis',(-0.707106781186549,0.707106781186547,0.));
#5689=DIRECTION('center_axis',(0.,0.,1.));
#5690=DIRECTION('ref_axis',(-0.707106781186549,0.707106781186547,0.));
#5691=DIRECTION('center_axis',(-5.18104078158406E-17,-1.,0.));
#5692=DIRECTION('ref_axis',(-0.707106781186552,0.,-0.707106781186543));
#5693=DIRECTION('center_axis',(-1.38777878078143E-14,1.,0.));
#5694=DIRECTION('ref_axis',(0.,0.,-1.));
#5695=DIRECTION('',(5.18104078158406E-17,1.,0.));
#5696=DIRECTION('',(-5.18104078158406E-17,-1.,0.));
#5697=DIRECTION('center_axis',(0.,0.,1.));
#5698=DIRECTION('ref_axis',(1.,0.,0.));
#5699=DIRECTION('center_axis',(-1.,0.,0.));
#5700=DIRECTION('ref_axis',(0.,0.,-1.));
#5701=DIRECTION('center_axis',(0.,0.,-1.));
#5702=DIRECTION('ref_axis',(-0.707106781186548,-0.707106781186547,0.));
#5703=DIRECTION('center_axis',(0.,0.,1.));
#5704=DIRECTION('ref_axis',(-0.707106781186548,-0.707106781186547,0.));
#5705=DIRECTION('center_axis',(1.,0.,0.));
#5706=DIRECTION('ref_axis',(0.,-0.707106781186545,-0.70710678118655));
#5707=DIRECTION('center_axis',(-1.,0.,0.));
#5708=DIRECTION('ref_axis',(0.,0.,-1.));
#5709=DIRECTION('',(-1.,0.,0.));
#5710=DIRECTION('',(1.,0.,0.));
#5711=DIRECTION('center_axis',(0.,0.,1.));
#5712=DIRECTION('ref_axis',(1.,0.,0.));
#5713=DIRECTION('center_axis',(9.25185853854317E-16,-1.,0.));
#5714=DIRECTION('ref_axis',(0.,0.,-1.));
#5715=DIRECTION('center_axis',(0.,0.,-1.));
#5716=DIRECTION('ref_axis',(0.707106781186547,-0.707106781186548,0.));
#5717=DIRECTION('center_axis',(0.,0.,1.));
#5718=DIRECTION('ref_axis',(0.707106781186547,-0.707106781186548,0.));
#5719=DIRECTION('center_axis',(0.,1.,0.));
#5720=DIRECTION('ref_axis',(0.707106781186561,0.,-0.707106781186534));
#5721=DIRECTION('center_axis',(0.,-1.,0.));
#5722=DIRECTION('ref_axis',(0.,0.,-1.));
#5723=DIRECTION('',(0.,-1.,0.));
#5724=DIRECTION('',(0.,1.,0.));
#5725=DIRECTION('center_axis',(0.,0.,1.));
#5726=DIRECTION('ref_axis',(1.,0.,0.));
#5727=DIRECTION('center_axis',(0.,0.,-1.));
#5728=DIRECTION('ref_axis',(0.707106781186548,0.707106781186548,0.));
#5729=DIRECTION('center_axis',(0.,0.,1.));
#5730=DIRECTION('ref_axis',(0.707106781186547,0.707106781186547,0.));
#5731=DIRECTION('center_axis',(0.,0.,1.));
#5732=DIRECTION('ref_axis',(0.707106781186547,-0.707106781186548,0.));
#5733=DIRECTION('',(0.,0.,1.));
#5734=DIRECTION('center_axis',(0.,0.,1.));
#5735=DIRECTION('ref_axis',(-1.,8.88178419700127E-15,0.));
#5736=DIRECTION('',(0.,0.,-1.));
#5737=DIRECTION('center_axis',(1.,0.,0.));
#5738=DIRECTION('ref_axis',(0.,1.,0.));
#5739=DIRECTION('',(0.,0.,-1.));
#5740=DIRECTION('',(0.,1.,0.));
#5741=DIRECTION('center_axis',(0.,0.,1.));
#5742=DIRECTION('ref_axis',(0.707106781186546,0.707106781186549,0.));
#5743=DIRECTION('',(0.,0.,1.));
#5744=DIRECTION('center_axis',(0.,0.,1.));
#5745=DIRECTION('ref_axis',(-1.,0.,0.));
#5746=DIRECTION('center_axis',(0.,1.,0.));
#5747=DIRECTION('ref_axis',(-1.,0.,0.));
#5748=DIRECTION('',(0.,0.,-1.));
#5749=DIRECTION('',(-1.,0.,0.));
#5750=DIRECTION('center_axis',(0.,1.,0.));
#5751=DIRECTION('ref_axis',(0.,0.,-1.));
#5752=DIRECTION('center_axis',(0.,0.,1.));
#5753=DIRECTION('ref_axis',(1.,0.,0.));
#5754=DIRECTION('',(-5.09804985278974E-34,-1.,0.));
#5755=DIRECTION('',(1.,-5.33921172701412E-34,0.));
#5756=DIRECTION('',(0.,1.,0.));
#5757=DIRECTION('',(-1.,0.,0.));
#5758=DIRECTION('',(0.,1.,0.));
#5759=DIRECTION('',(-1.,0.,0.));
#5760=DIRECTION('',(0.,-1.,0.));
#5761=DIRECTION('',(1.,0.,0.));
#5762=DIRECTION('',(-1.,0.,0.));
#5763=DIRECTION('',(0.,-1.,0.));
#5764=DIRECTION('',(1.,0.,0.));
#5765=DIRECTION('',(0.,1.,0.));
#5766=DIRECTION('',(0.,-1.,0.));
#5767=DIRECTION('',(1.,0.,0.));
#5768=DIRECTION('',(0.,1.,0.));
#5769=DIRECTION('',(-1.,0.,0.));
#5770=DIRECTION('',(0.,1.,0.));
#5771=DIRECTION('',(-1.,0.,0.));
#5772=DIRECTION('',(0.,-1.,0.));
#5773=DIRECTION('',(1.,0.,0.));
#5774=DIRECTION('',(0.,-1.,0.));
#5775=DIRECTION('',(1.,0.,0.));
#5776=DIRECTION('',(0.,1.,0.));
#5777=DIRECTION('',(-1.,0.,0.));
#5778=DIRECTION('',(0.,1.,0.));
#5779=DIRECTION('',(-1.,0.,0.));
#5780=DIRECTION('',(0.,-1.,0.));
#5781=DIRECTION('',(1.,0.,0.));
#5782=DIRECTION('',(0.,-1.,0.));
#5783=DIRECTION('',(1.,0.,0.));
#5784=DIRECTION('',(0.,1.,0.));
#5785=DIRECTION('',(-1.,0.,0.));
#5786=DIRECTION('',(0.,1.,0.));
#5787=DIRECTION('',(-1.,0.,0.));
#5788=DIRECTION('',(0.,-1.,0.));
#5789=DIRECTION('',(1.,0.,0.));
#5790=DIRECTION('',(0.,1.,0.));
#5791=DIRECTION('',(-1.,0.,0.));
#5792=DIRECTION('',(0.,-1.,0.));
#5793=DIRECTION('',(1.,0.,0.));
#5794=DIRECTION('',(0.,1.,0.));
#5795=DIRECTION('',(-1.,0.,0.));
#5796=DIRECTION('',(0.,-1.,0.));
#5797=DIRECTION('',(1.,0.,0.));
#5798=DIRECTION('',(0.,-1.,0.));
#5799=DIRECTION('',(1.,0.,0.));
#5800=DIRECTION('',(0.,1.,0.));
#5801=DIRECTION('',(-1.,0.,0.));
#5802=DIRECTION('',(0.,-1.,0.));
#5803=DIRECTION('',(1.,0.,0.));
#5804=DIRECTION('',(0.,1.,0.));
#5805=DIRECTION('',(-1.,0.,0.));
#5806=DIRECTION('center_axis',(0.,1.,0.));
#5807=DIRECTION('ref_axis',(0.500000000000002,0.,0.866025403784437));
#5808=DIRECTION('center_axis',(0.,-1.,0.));
#5809=DIRECTION('ref_axis',(1.,0.,0.));
#5810=DIRECTION('',(0.,-1.,0.));
#5811=DIRECTION('center_axis',(-3.48927236310764E-15,1.,-9.15696517325497E-16));
#5812=DIRECTION('ref_axis',(0.500000000000002,2.53765262771464E-15,0.866025403784437));
#5813=DIRECTION('center_axis',(1.,0.,0.));
#5814=DIRECTION('ref_axis',(0.,1.,0.));
#5815=DIRECTION('center_axis',(0.,0.,1.));
#5816=DIRECTION('ref_axis',(0.70710678118655,0.707106781186545,0.));
#5817=DIRECTION('center_axis',(1.,5.07530525542929E-15,-2.93022885544163E-15));
#5818=DIRECTION('ref_axis',(5.0753052554293E-15,-0.500000000000001,0.866025403784438));
#5819=DIRECTION('center_axis',(0.,0.,1.));
#5820=DIRECTION('ref_axis',(0.707106781186551,-0.707106781186544,0.));
#5821=DIRECTION('center_axis',(-1.,0.,0.));
#5822=DIRECTION('ref_axis',(0.,0.499999999999997,0.86602540378444));
#5823=DIRECTION('center_axis',(1.,1.26882631385732E-15,5.12790049702283E-15));
#5824=DIRECTION('ref_axis',(-1.26882631385732E-15,1.,0.));
#5825=DIRECTION('',(1.,0.,0.));
#5826=DIRECTION('center_axis',(1.,0.,0.));
#5827=DIRECTION('ref_axis',(0.,-0.499999999999999,0.866025403784439));
#5828=DIRECTION('',(-1.,0.,0.));
#5829=DIRECTION('center_axis',(1.,9.91270557701032E-16,5.72310323328441E-16));
#5830=DIRECTION('ref_axis',(0.,-0.499999999999999,0.866025403784439));
#5831=DIRECTION('',(1.,0.,0.));
#5832=DIRECTION('center_axis',(2.53765262771466E-15,1.,1.4651144277208E-15));
#5833=DIRECTION('ref_axis',(-1.,2.53765262771466E-15,0.));
#5834=DIRECTION('center_axis',(0.,0.,1.));
#5835=DIRECTION('ref_axis',(-0.707106781186547,0.707106781186548,0.));
#5836=DIRECTION('center_axis',(0.,0.,1.));
#5837=DIRECTION('ref_axis',(-1.64991477270683E-14,-1.,0.));
#5838=DIRECTION('center_axis',(-4.75809867696496E-16,-1.,-5.49417910395303E-16));
#5839=DIRECTION('ref_axis',(-0.499999999999999,-2.37904933848248E-16,0.866025403784439));
#5840=DIRECTION('center_axis',(0.,0.,1.));
#5841=DIRECTION('ref_axis',(-1.5419764230905E-16,1.,0.));
#5842=DIRECTION('center_axis',(0.,0.,1.));
#5843=DIRECTION('ref_axis',(-0.707106781186547,-0.707106781186548,0.));
#5844=DIRECTION('center_axis',(-5.18104078158406E-17,-1.,0.));
#5845=DIRECTION('ref_axis',(-0.5,0.,0.866025403784439));
#5846=DIRECTION('',(-5.18104078158406E-17,-1.,0.));
#5847=DIRECTION('',(-9.70474671875137E-17,1.,0.));
#5848=DIRECTION('center_axis',(0.,0.,1.));
#5849=DIRECTION('ref_axis',(-0.707106781186548,0.707106781186547,0.));
#5850=DIRECTION('',(0.,0.,1.));
#5851=DIRECTION('center_axis',(0.,0.,-1.));
#5852=DIRECTION('ref_axis',(-0.707106781186547,-0.707106781186548,0.));
#5853=DIRECTION('center_axis',(0.,0.,1.));
#5854=DIRECTION('ref_axis',(-0.707106781186547,-0.707106781186548,0.));
#5855=DIRECTION('',(0.,0.,1.));
#5856=DIRECTION('',(0.,0.,-1.));
#5857=DIRECTION('center_axis',(0.,-1.,0.));
#5858=DIRECTION('ref_axis',(-1.,0.,0.));
#5859=DIRECTION('',(0.,0.,1.));
#5860=DIRECTION('',(-1.,0.,0.));
#5861=DIRECTION('center_axis',(0.,0.,-1.));
#5862=DIRECTION('ref_axis',(0.707106781186551,-0.707106781186544,0.));
#5863=DIRECTION('center_axis',(0.,0.,1.));
#5864=DIRECTION('ref_axis',(0.707106781186551,-0.707106781186544,0.));
#5865=DIRECTION('',(0.,0.,-1.));
#5866=DIRECTION('center_axis',(1.,0.,0.));
#5867=DIRECTION('ref_axis',(0.,-1.,0.));
#5868=DIRECTION('',(0.,0.,1.));
#5869=DIRECTION('',(0.,-1.,0.));
#5870=DIRECTION('center_axis',(0.,0.,-1.));
#5871=DIRECTION('ref_axis',(0.70710678118655,0.707106781186545,0.));
#5872=DIRECTION('center_axis',(0.,0.,1.));
#5873=DIRECTION('ref_axis',(0.70710678118655,0.707106781186545,0.));
#5874=DIRECTION('',(0.,0.,-1.));
#5875=DIRECTION('center_axis',(0.,1.,0.));
#5876=DIRECTION('ref_axis',(1.,0.,0.));
#5877=DIRECTION('',(0.,0.,1.));
#5878=DIRECTION('',(1.,0.,0.));
#5879=DIRECTION('center_axis',(0.,0.,-1.));
#5880=DIRECTION('ref_axis',(-0.707106781186547,0.707106781186548,0.));
#5881=DIRECTION('center_axis',(0.,0.,1.));
#5882=DIRECTION('ref_axis',(-0.707106781186547,0.707106781186548,0.));
#5883=DIRECTION('',(0.,0.,-1.));
#5884=DIRECTION('center_axis',(-1.,-9.70474671875137E-17,0.));
#5885=DIRECTION('ref_axis',(-9.70474671875137E-17,1.,0.));
#5886=DIRECTION('',(-9.70474671875137E-17,1.,0.));
#5887=DIRECTION('center_axis',(-1.,5.18104078158406E-17,0.));
#5888=DIRECTION('ref_axis',(-5.18104078158406E-17,-1.,0.));
#5889=DIRECTION('',(0.,0.,-1.));
#5890=DIRECTION('',(-5.18104078158406E-17,-1.,-3.41607084500047E-16));
#5891=DIRECTION('center_axis',(1.,-5.18104078158406E-17,0.));
#5892=DIRECTION('ref_axis',(0.,-1.,1.48029736616688E-15));
#5893=DIRECTION('',(2.55649367432731E-31,4.9343245538895E-15,-1.));
#5894=DIRECTION('center_axis',(1.,-5.18104078158406E-17,0.));
#5895=DIRECTION('ref_axis',(0.,-2.96059473233376E-15,-1.));
#5896=DIRECTION('',(5.18104078158406E-17,1.,0.));
#5897=DIRECTION('center_axis',(1.,-5.18104078158406E-17,0.));
#5898=DIRECTION('ref_axis',(0.,1.,0.));
#5899=DIRECTION('',(2.55649367432734E-31,4.93432455388956E-15,1.));
#5900=DIRECTION('center_axis',(1.,-5.18104078158406E-17,0.));
#5901=DIRECTION('ref_axis',(0.,-2.96059473233377E-15,1.));
#5902=DIRECTION('center_axis',(1.,-5.18104078158406E-17,0.));
#5903=DIRECTION('ref_axis',(0.,-1.,0.));
#5904=DIRECTION('center_axis',(0.,0.,1.));
#5905=DIRECTION('ref_axis',(-0.707106781186548,-0.707106781186548,0.));
#5906=DIRECTION('',(0.,0.,1.));
#5907=DIRECTION('center_axis',(0.,-1.,0.));
#5908=DIRECTION('ref_axis',(1.,0.,0.));
#5909=DIRECTION('center_axis',(1.,0.,0.));
#5910=DIRECTION('ref_axis',(0.,1.,0.));
#5911=DIRECTION('',(0.,0.,-1.));
#5912=DIRECTION('',(0.,1.,0.));
#5913=DIRECTION('',(0.,0.,-1.));
#5914=DIRECTION('center_axis',(0.,-1.,0.));
#5915=DIRECTION('ref_axis',(1.,0.,0.));
#5916=DIRECTION('',(0.,0.,1.));
#5917=DIRECTION('',(1.,0.,0.));
#5918=DIRECTION('center_axis',(-1.,0.,0.));
#5919=DIRECTION('ref_axis',(0.,-1.,0.));
#5920=DIRECTION('',(0.,0.,1.));
#5921=DIRECTION('',(0.,-1.,0.));
#5922=DIRECTION('center_axis',(0.,1.,0.));
#5923=DIRECTION('ref_axis',(-1.,0.,0.));
#5924=DIRECTION('',(-1.,0.,0.));
#5925=DIRECTION('center_axis',(0.,0.,1.));
#5926=DIRECTION('ref_axis',(1.,0.,0.));
#5927=DIRECTION('center_axis',(1.,0.,0.));
#5928=DIRECTION('ref_axis',(0.,1.,0.));
#5929=DIRECTION('',(0.,0.,-1.));
#5930=DIRECTION('',(0.,-1.,0.));
#5931=DIRECTION('',(0.,0.,1.));
#5932=DIRECTION('center_axis',(0.,-1.,0.));
#5933=DIRECTION('ref_axis',(1.,0.,0.));
#5934=DIRECTION('',(0.,0.,-1.));
#5935=DIRECTION('',(-1.,0.,0.));
#5936=DIRECTION('center_axis',(-1.,0.,0.));
#5937=DIRECTION('ref_axis',(0.,-1.,0.));
#5938=DIRECTION('',(0.,0.,-1.));
#5939=DIRECTION('',(0.,-1.,0.));
#5940=DIRECTION('center_axis',(0.,1.,0.));
#5941=DIRECTION('ref_axis',(-1.,0.,0.));
#5942=DIRECTION('',(-1.,0.,0.));
#5943=DIRECTION('center_axis',(0.,0.,1.));
#5944=DIRECTION('ref_axis',(1.,0.,0.));
#5945=DIRECTION('center_axis',(-1.,0.,0.));
#5946=DIRECTION('ref_axis',(0.,-1.,0.));
#5947=DIRECTION('',(0.,0.,-1.));
#5948=DIRECTION('',(0.,-1.,0.));
#5949=DIRECTION('',(0.,0.,-1.));
#5950=DIRECTION('center_axis',(0.,1.,0.));
#5951=DIRECTION('ref_axis',(-1.,0.,0.));
#5952=DIRECTION('',(0.,0.,1.));
#5953=DIRECTION('',(-1.,0.,0.));
#5954=DIRECTION('center_axis',(1.,0.,0.));
#5955=DIRECTION('ref_axis',(0.,1.,0.));
#5956=DIRECTION('',(0.,0.,-1.));
#5957=DIRECTION('',(0.,-1.,0.));
#5958=DIRECTION('center_axis',(0.,-1.,0.));
#5959=DIRECTION('ref_axis',(1.,0.,0.));
#5960=DIRECTION('',(-1.,0.,0.));
#5961=DIRECTION('center_axis',(0.,0.,1.));
#5962=DIRECTION('ref_axis',(1.,0.,0.));
#5963=DIRECTION('center_axis',(-1.,0.,0.));
#5964=DIRECTION('ref_axis',(0.,-1.,0.));
#5965=DIRECTION('',(0.,0.,-1.));
#5966=DIRECTION('',(0.,-1.,0.));
#5967=DIRECTION('',(0.,0.,-1.));
#5968=DIRECTION('center_axis',(0.,1.,0.));
#5969=DIRECTION('ref_axis',(-1.,0.,0.));
#5970=DIRECTION('',(0.,0.,1.));
#5971=DIRECTION('',(-1.,0.,0.));
#5972=DIRECTION('center_axis',(1.,0.,0.));
#5973=DIRECTION('ref_axis',(0.,1.,0.));
#5974=DIRECTION('',(0.,0.,-1.));
#5975=DIRECTION('',(0.,-1.,0.));
#5976=DIRECTION('center_axis',(0.,-1.,0.));
#5977=DIRECTION('ref_axis',(1.,0.,0.));
#5978=DIRECTION('',(-1.,0.,0.));
#5979=DIRECTION('center_axis',(0.,0.,1.));
#5980=DIRECTION('ref_axis',(1.,0.,0.));
#5981=DIRECTION('center_axis',(-1.,0.,0.));
#5982=DIRECTION('ref_axis',(0.,-1.,0.));
#5983=DIRECTION('',(0.,0.,-1.));
#5984=DIRECTION('',(0.,-1.,0.));
#5985=DIRECTION('',(0.,0.,-1.));
#5986=DIRECTION('center_axis',(0.,1.,0.));
#5987=DIRECTION('ref_axis',(-1.,0.,0.));
#5988=DIRECTION('',(0.,0.,1.));
#5989=DIRECTION('',(-1.,0.,0.));
#5990=DIRECTION('center_axis',(1.,0.,0.));
#5991=DIRECTION('ref_axis',(0.,1.,0.));
#5992=DIRECTION('',(0.,0.,-1.));
#5993=DIRECTION('',(0.,-1.,0.));
#5994=DIRECTION('center_axis',(0.,-1.,0.));
#5995=DIRECTION('ref_axis',(1.,0.,0.));
#5996=DIRECTION('',(-1.,0.,0.));
#5997=DIRECTION('center_axis',(0.,0.,1.));
#5998=DIRECTION('ref_axis',(1.,0.,0.));
#5999=DIRECTION('center_axis',(1.,0.,0.));
#6000=DIRECTION('ref_axis',(0.,1.,0.));
#6001=DIRECTION('',(0.,0.,-1.));
#6002=DIRECTION('',(0.,-1.,0.));
#6003=DIRECTION('',(0.,0.,-1.));
#6004=DIRECTION('center_axis',(0.,-1.,0.));
#6005=DIRECTION('ref_axis',(1.,0.,0.));
#6006=DIRECTION('',(0.,0.,1.));
#6007=DIRECTION('',(-1.,0.,0.));
#6008=DIRECTION('center_axis',(-1.,0.,0.));
#6009=DIRECTION('ref_axis',(0.,-1.,0.));
#6010=DIRECTION('',(0.,0.,1.));
#6011=DIRECTION('',(0.,1.,0.));
#6012=DIRECTION('center_axis',(0.,1.,0.));
#6013=DIRECTION('ref_axis',(-1.,0.,0.));
#6014=DIRECTION('',(1.,0.,0.));
#6015=DIRECTION('center_axis',(0.,0.,1.));
#6016=DIRECTION('ref_axis',(1.,0.,0.));
#6017=DIRECTION('center_axis',(-1.,0.,0.));
#6018=DIRECTION('ref_axis',(0.,-1.,0.));
#6019=DIRECTION('',(0.,0.,-1.));
#6020=DIRECTION('',(0.,-1.,0.));
#6021=DIRECTION('',(0.,0.,-1.));
#6022=DIRECTION('center_axis',(0.,1.,0.));
#6023=DIRECTION('ref_axis',(-1.,0.,0.));
#6024=DIRECTION('',(0.,0.,1.));
#6025=DIRECTION('',(-1.,0.,0.));
#6026=DIRECTION('center_axis',(1.,0.,0.));
#6027=DIRECTION('ref_axis',(0.,1.,0.));
#6028=DIRECTION('',(0.,0.,-1.));
#6029=DIRECTION('',(0.,-1.,0.));
#6030=DIRECTION('center_axis',(0.,-1.,0.));
#6031=DIRECTION('ref_axis',(1.,0.,0.));
#6032=DIRECTION('',(-1.,0.,0.));
#6033=DIRECTION('center_axis',(0.,0.,1.));
#6034=DIRECTION('ref_axis',(1.,0.,0.));
#6035=DIRECTION('center_axis',(1.,0.,0.));
#6036=DIRECTION('ref_axis',(0.,1.,0.));
#6037=DIRECTION('',(0.,0.,1.));
#6038=DIRECTION('',(0.,-1.,0.));
#6039=DIRECTION('',(0.,0.,1.));
#6040=DIRECTION('center_axis',(0.,-1.,0.));
#6041=DIRECTION('ref_axis',(1.,0.,0.));
#6042=DIRECTION('',(0.,0.,-1.));
#6043=DIRECTION('',(-1.,0.,0.));
#6044=DIRECTION('center_axis',(-1.,0.,0.));
#6045=DIRECTION('ref_axis',(0.,-1.,0.));
#6046=DIRECTION('',(0.,0.,-1.));
#6047=DIRECTION('',(0.,-1.,0.));
#6048=DIRECTION('center_axis',(0.,1.,0.));
#6049=DIRECTION('ref_axis',(-1.,0.,0.));
#6050=DIRECTION('',(-1.,0.,0.));
#6051=DIRECTION('center_axis',(0.,0.,1.));
#6052=DIRECTION('ref_axis',(1.,0.,0.));
#6053=DIRECTION('center_axis',(-1.,0.,0.));
#6054=DIRECTION('ref_axis',(0.,-1.,0.));
#6055=DIRECTION('',(0.,0.,-1.));
#6056=DIRECTION('',(0.,1.,0.));
#6057=DIRECTION('',(0.,0.,1.));
#6058=DIRECTION('center_axis',(0.,1.,0.));
#6059=DIRECTION('ref_axis',(-1.,0.,0.));
#6060=DIRECTION('',(0.,0.,-1.));
#6061=DIRECTION('',(-1.,0.,0.));
#6062=DIRECTION('center_axis',(1.,0.,0.));
#6063=DIRECTION('ref_axis',(0.,1.,0.));
#6064=DIRECTION('',(0.,0.,1.));
#6065=DIRECTION('',(0.,1.,0.));
#6066=DIRECTION('center_axis',(0.,-1.,0.));
#6067=DIRECTION('ref_axis',(1.,0.,0.));
#6068=DIRECTION('',(1.,0.,0.));
#6069=DIRECTION('center_axis',(0.,0.,1.));
#6070=DIRECTION('ref_axis',(1.,0.,0.));
#6071=DIRECTION('center_axis',(1.,0.,0.));
#6072=DIRECTION('ref_axis',(0.,1.,0.));
#6073=DIRECTION('',(0.,0.,1.));
#6074=DIRECTION('',(0.,-1.,0.));
#6075=DIRECTION('',(0.,0.,1.));
#6076=DIRECTION('center_axis',(0.,-1.,0.));
#6077=DIRECTION('ref_axis',(1.,0.,0.));
#6078=DIRECTION('',(0.,0.,-1.));
#6079=DIRECTION('',(-1.,0.,0.));
#6080=DIRECTION('center_axis',(-1.,0.,0.));
#6081=DIRECTION('ref_axis',(0.,-1.,0.));
#6082=DIRECTION('',(0.,0.,-1.));
#6083=DIRECTION('',(0.,-1.,0.));
#6084=DIRECTION('center_axis',(0.,1.,0.));
#6085=DIRECTION('ref_axis',(-1.,0.,0.));
#6086=DIRECTION('',(-1.,0.,0.));
#6087=DIRECTION('center_axis',(0.,0.,1.));
#6088=DIRECTION('ref_axis',(1.,0.,0.));
#6089=DIRECTION('center_axis',(0.,-1.,0.));
#6090=DIRECTION('ref_axis',(1.,0.,0.));
#6091=DIRECTION('',(0.,0.,-1.));
#6092=DIRECTION('',(-1.,0.,0.));
#6093=DIRECTION('',(0.,0.,-1.));
#6094=DIRECTION('center_axis',(-1.,0.,0.));
#6095=DIRECTION('ref_axis',(0.,-1.,0.));
#6096=DIRECTION('',(0.,0.,-1.));
#6097=DIRECTION('',(0.,-1.,0.));
#6098=DIRECTION('center_axis',(0.,1.,0.));
#6099=DIRECTION('ref_axis',(-1.,0.,0.));
#6100=DIRECTION('',(0.,0.,1.));
#6101=DIRECTION('',(-1.,0.,0.));
#6102=DIRECTION('center_axis',(1.,0.,0.));
#6103=DIRECTION('ref_axis',(0.,1.,0.));
#6104=DIRECTION('',(0.,-1.,0.));
#6105=DIRECTION('center_axis',(0.,0.,1.));
#6106=DIRECTION('ref_axis',(1.,0.,0.));
#6107=DIRECTION('center_axis',(-1.,0.,0.));
#6108=DIRECTION('ref_axis',(0.,-1.,0.));
#6109=DIRECTION('',(0.,0.,1.));
#6110=DIRECTION('',(0.,1.,0.));
#6111=DIRECTION('',(0.,0.,-1.));
#6112=DIRECTION('center_axis',(0.,1.,0.));
#6113=DIRECTION('ref_axis',(-1.,0.,0.));
#6114=DIRECTION('',(0.,0.,1.));
#6115=DIRECTION('',(1.,0.,0.));
#6116=DIRECTION('center_axis',(1.,0.,0.));
#6117=DIRECTION('ref_axis',(0.,1.,0.));
#6118=DIRECTION('',(0.,0.,-1.));
#6119=DIRECTION('',(0.,-1.,0.));
#6120=DIRECTION('center_axis',(0.,-1.,0.));
#6121=DIRECTION('ref_axis',(1.,0.,0.));
#6122=DIRECTION('',(-1.,0.,0.));
#6123=DIRECTION('center_axis',(0.,0.,1.));
#6124=DIRECTION('ref_axis',(1.,0.,0.));
#6125=DIRECTION('center_axis',(-1.,0.,0.));
#6126=DIRECTION('ref_axis',(0.,-1.,0.));
#6127=DIRECTION('',(0.866025403784439,-0.5,-6.12323399573677E-17));
#6128=DIRECTION('center_axis',(1.,0.,0.));
#6129=DIRECTION('ref_axis',(0.,-1.,0.));
#6130=DIRECTION('center_axis',(1.,0.,0.));
#6131=DIRECTION('ref_axis',(0.,-1.,0.));
#6132=DIRECTION('',(1.,0.,0.));
#6133=DIRECTION('center_axis',(-1.,5.09804985278974E-34,0.));
#6134=DIRECTION('ref_axis',(0.,-1.,0.));
#6135=DIRECTION('center_axis',(0.,0.,-1.));
#6136=DIRECTION('ref_axis',(1.,0.,0.));
#6137=DIRECTION('center_axis',(0.,0.,-1.));
#6138=DIRECTION('ref_axis',(-1.,0.,0.));
#6139=DIRECTION('center_axis',(0.,0.,-1.));
#6140=DIRECTION('ref_axis',(1.,0.,0.));
#6141=DIRECTION('center_axis',(0.,0.,-1.));
#6142=DIRECTION('ref_axis',(-1.,0.,0.));
#6143=DIRECTION('center_axis',(0.,0.,1.));
#6144=DIRECTION('ref_axis',(-1.,0.,0.));
#6145=DIRECTION('',(0.,0.,1.));
#6146=DIRECTION('center_axis',(0.,0.,-1.));
#6147=DIRECTION('ref_axis',(-1.,0.,0.));
#6148=DIRECTION('center_axis',(0.,0.,1.));
#6149=DIRECTION('ref_axis',(-1.,0.,0.));
#6150=DIRECTION('',(0.,0.,1.));
#6151=DIRECTION('center_axis',(0.,0.,-1.));
#6152=DIRECTION('ref_axis',(-1.,0.,0.));
#6153=DIRECTION('center_axis',(1.,0.,0.));
#6154=DIRECTION('ref_axis',(0.,0.,-1.));
#6155=DIRECTION('',(0.,-1.,0.));
#6156=DIRECTION('',(0.,0.,1.));
#6157=DIRECTION('',(0.,1.,0.));
#6158=DIRECTION('',(0.,0.,-1.));
#6159=DIRECTION('center_axis',(1.,9.25185853854297E-17,0.));
#6160=DIRECTION('ref_axis',(0.,0.,-1.));
#6161=DIRECTION('',(-9.25185853854297E-17,1.,0.));
#6162=DIRECTION('',(0.,0.,1.));
#6163=DIRECTION('',(0.,-1.,0.));
#6164=DIRECTION('',(0.,0.,1.));
#6165=DIRECTION('',(0.,-1.,0.));
#6166=DIRECTION('',(0.,0.,-1.));
#6167=DIRECTION('',(0.,-1.,0.));
#6168=DIRECTION('',(0.,0.,-1.));
#6169=DIRECTION('center_axis',(0.,-1.,0.));
#6170=DIRECTION('ref_axis',(1.,0.,0.));
#6171=DIRECTION('',(1.,0.,0.));
#6172=DIRECTION('',(0.,0.,1.));
#6173=DIRECTION('',(1.,0.,0.));
#6174=DIRECTION('',(0.,0.,-1.));
#6175=DIRECTION('',(1.,0.,0.));
#6176=DIRECTION('',(0.,0.,1.));
#6177=DIRECTION('',(1.,0.,0.));
#6178=DIRECTION('center_axis',(0.,1.,0.));
#6179=DIRECTION('ref_axis',(-1.,0.,0.));
#6180=DIRECTION('',(1.,0.,0.));
#6181=DIRECTION('',(0.,0.,-1.));
#6182=DIRECTION('',(1.,0.,0.));
#6183=DIRECTION('center_axis',(-1.00364161426114E-12,-1.,0.));
#6184=DIRECTION('ref_axis',(1.,-1.00364161426114E-12,0.));
#6185=DIRECTION('',(-1.,1.00364161426114E-12,0.));
#6186=DIRECTION('',(1.,-1.00364161426114E-12,0.));
#6187=DIRECTION('',(0.,0.,1.));
#6188=DIRECTION('center_axis',(0.,0.,1.));
#6189=DIRECTION('ref_axis',(1.,0.,0.));
#6190=DIRECTION('',(5.09804985278974E-34,1.,0.));
#6191=DIRECTION('center_axis',(1.,-5.09804985278974E-34,0.));
#6192=DIRECTION('ref_axis',(5.09804985278974E-34,1.,0.));
#6193=DIRECTION('',(5.09804985278974E-34,1.,0.));
#6194=DIRECTION('',(0.,0.,1.));
#6195=DIRECTION('',(5.09804985278974E-34,1.,0.));
#6196=DIRECTION('',(0.,0.,-1.));
#6197=DIRECTION('',(-5.09804985278974E-34,-1.,0.));
#6198=DIRECTION('',(0.,0.,1.));
#6199=DIRECTION('',(-5.09804985278974E-34,-1.,0.));
#6200=DIRECTION('',(0.,0.,1.));
#6201=DIRECTION('',(-5.09804985278974E-34,-1.,0.));
#6202=DIRECTION('',(5.09804985278974E-34,1.,3.41607084500047E-16));
#6203=DIRECTION('center_axis',(-1.,5.09804985278974E-34,0.));
#6204=DIRECTION('ref_axis',(0.,-2.96059473233377E-15,1.));
#6205=DIRECTION('',(-2.51554325655735E-48,-4.93432455388956E-15,-1.));
#6206=DIRECTION('center_axis',(-1.,5.09804985278974E-34,0.));
#6207=DIRECTION('ref_axis',(0.,1.,0.));
#6208=DIRECTION('',(-5.09804985278974E-34,-1.,0.));
#6209=DIRECTION('center_axis',(-1.,5.09804985278974E-34,0.));
#6210=DIRECTION('ref_axis',(0.,-2.96059473233376E-15,-1.));
#6211=DIRECTION('',(-2.51554325655731E-48,-4.9343245538895E-15,1.));
#6212=DIRECTION('center_axis',(-1.,5.09804985278974E-34,0.));
#6213=DIRECTION('ref_axis',(0.,-1.,1.48029736616688E-15));
#6214=DIRECTION('center_axis',(0.,-1.,0.));
#6215=DIRECTION('ref_axis',(1.,0.,0.));
#6216=DIRECTION('',(-1.,0.,0.));
#6217=DIRECTION('',(-1.,0.,0.));
#6218=DIRECTION('center_axis',(1.00216131689497E-12,1.,0.));
#6219=DIRECTION('ref_axis',(-1.,1.00216131689497E-12,0.));
#6220=DIRECTION('',(1.,9.25185853854297E-17,0.));
#6221=DIRECTION('',(1.,9.25185853854297E-17,0.));
#6222=DIRECTION('center_axis',(0.,0.,1.));
#6223=DIRECTION('ref_axis',(1.,0.,0.));
#6224=DIRECTION('center_axis',(0.,0.,1.));
#6225=DIRECTION('ref_axis',(1.,0.,0.));
#6226=DIRECTION('',(1.,-5.33921172701412E-34,0.));
#6227=DIRECTION('',(0.,1.,0.));
#6228=DIRECTION('',(-1.,0.,0.));
#6229=DIRECTION('',(0.,-1.,0.));
#6230=DIRECTION('',(-1.,0.,0.));
#6231=DIRECTION('center_axis',(0.,0.,-1.));
#6232=DIRECTION('ref_axis',(-1.,0.,0.));
#6233=DIRECTION('center_axis',(0.,0.,-1.));
#6234=DIRECTION('ref_axis',(-1.,0.,0.));
#6235=DIRECTION('center_axis',(0.,0.,-1.));
#6236=DIRECTION('ref_axis',(-1.,0.,0.));
#6237=DIRECTION('center_axis',(0.,0.,-1.));
#6238=DIRECTION('ref_axis',(-1.,0.,0.));
#6239=DIRECTION('center_axis',(0.,0.,1.));
#6240=DIRECTION('ref_axis',(1.,0.,0.));
#6241=DIRECTION('center_axis',(0.,-3.41607084500047E-16,1.));
#6242=DIRECTION('ref_axis',(4.38245930773088E-17,-1.,-3.41607084500047E-16));
#6243=DIRECTION('',(1.,0.,0.));
#6244=DIRECTION('',(1.,0.,0.));
#6245=DIRECTION('center_axis',(1.,0.,0.));
#6246=DIRECTION('ref_axis',(0.,-2.96059473233377E-15,1.));
#6247=DIRECTION('',(1.,0.,0.));
#6248=DIRECTION('center_axis',(0.,1.,-4.93432455388956E-15));
#6249=DIRECTION('ref_axis',(-2.16244765685583E-31,4.93432455388956E-15,
1.));
#6250=DIRECTION('',(1.,0.,0.));
#6251=DIRECTION('center_axis',(1.,0.,0.));
#6252=DIRECTION('ref_axis',(0.,1.,0.));
#6253=DIRECTION('',(1.,0.,0.));
#6254=DIRECTION('center_axis',(0.,0.,-1.));
#6255=DIRECTION('ref_axis',(-4.38245930773088E-17,1.,0.));
#6256=DIRECTION('',(1.,0.,0.));
#6257=DIRECTION('center_axis',(1.,0.,0.));
#6258=DIRECTION('ref_axis',(0.,-2.96059473233376E-15,-1.));
#6259=DIRECTION('',(1.,0.,0.));
#6260=DIRECTION('center_axis',(0.,-1.,-4.9343245538895E-15));
#6261=DIRECTION('ref_axis',(-2.1624476568558E-31,4.9343245538895E-15,-1.));
#6262=DIRECTION('',(1.,0.,0.));
#6263=DIRECTION('center_axis',(1.,0.,0.));
#6264=DIRECTION('ref_axis',(0.,-1.,1.48029736616688E-15));
#6265=DIRECTION('center_axis',(0.,-1.,0.));
#6266=DIRECTION('ref_axis',(0.,0.,-1.));
#6267=DIRECTION('center_axis',(-1.,0.,0.));
#6268=DIRECTION('ref_axis',(0.,0.,1.));
#6269=DIRECTION('center_axis',(0.,-1.,0.));
#6270=DIRECTION('ref_axis',(0.,0.,-1.));
#6271=DIRECTION('center_axis',(0.,-1.,0.));
#6272=DIRECTION('ref_axis',(0.,0.,-1.));
#6273=DIRECTION('center_axis',(0.,-1.,0.));
#6274=DIRECTION('ref_axis',(0.,0.,1.));
#6275=DIRECTION('',(0.,-1.,0.));
#6276=DIRECTION('center_axis',(0.,-1.,0.));
#6277=DIRECTION('ref_axis',(0.,0.,1.));
#6278=DIRECTION('center_axis',(0.,-1.,0.));
#6279=DIRECTION('ref_axis',(0.,0.,1.));
#6280=DIRECTION('center_axis',(0.,-1.,0.));
#6281=DIRECTION('ref_axis',(0.,0.,1.));
#6282=DIRECTION('center_axis',(0.,-1.,0.));
#6283=DIRECTION('ref_axis',(0.,0.,1.));
#6284=DIRECTION('',(0.,-1.,0.));
#6285=DIRECTION('center_axis',(0.,1.,0.));
#6286=DIRECTION('ref_axis',(0.,0.,1.));
#6287=DIRECTION('center_axis',(0.,0.,1.));
#6288=DIRECTION('ref_axis',(-1.,0.,0.));
#6289=DIRECTION('center_axis',(0.,0.,1.));
#6290=DIRECTION('ref_axis',(-1.,0.,0.));
#6291=DIRECTION('center_axis',(0.,0.,1.));
#6292=DIRECTION('ref_axis',(-1.,0.,0.));
#6293=DIRECTION('center_axis',(0.,0.,1.));
#6294=DIRECTION('ref_axis',(-1.,0.,0.));
#6295=DIRECTION('center_axis',(0.,0.,1.));
#6296=DIRECTION('ref_axis',(-1.,0.,0.));
#6297=DIRECTION('',(0.,0.,1.));
#6298=DIRECTION('center_axis',(0.,0.,1.));
#6299=DIRECTION('ref_axis',(-1.,0.,0.));
#6300=DIRECTION('',(0.,0.,1.));
#6301=DIRECTION('center_axis',(0.,0.,1.));
#6302=DIRECTION('ref_axis',(-1.,0.,0.));
#6303=DIRECTION('center_axis',(0.,0.,1.));
#6304=DIRECTION('ref_axis',(-1.,0.,0.));
#6305=DIRECTION('center_axis',(0.,0.,1.));
#6306=DIRECTION('ref_axis',(-1.,0.,0.));
#6307=DIRECTION('center_axis',(0.,0.,1.));
#6308=DIRECTION('ref_axis',(-1.,0.,0.));
#6309=DIRECTION('center_axis',(0.,0.,1.));
#6310=DIRECTION('ref_axis',(-1.,0.,0.));
#6311=DIRECTION('',(0.,0.,1.));
#6312=DIRECTION('center_axis',(0.,0.,1.));
#6313=DIRECTION('ref_axis',(-1.,0.,0.));
#6314=DIRECTION('',(0.,0.,1.));
#6315=DIRECTION('center_axis',(0.,0.,1.));
#6316=DIRECTION('ref_axis',(-1.,0.,0.));
#6317=DIRECTION('center_axis',(0.,0.,1.));
#6318=DIRECTION('ref_axis',(-1.,0.,0.));
#6319=DIRECTION('center_axis',(0.,0.,1.));
#6320=DIRECTION('ref_axis',(-1.,0.,0.));
#6321=DIRECTION('center_axis',(0.,0.,1.));
#6322=DIRECTION('ref_axis',(-1.,0.,0.));
#6323=DIRECTION('center_axis',(0.,0.,1.));
#6324=DIRECTION('ref_axis',(-1.,0.,0.));
#6325=DIRECTION('',(0.,0.,1.));
#6326=DIRECTION('center_axis',(0.,0.,1.));
#6327=DIRECTION('ref_axis',(-1.,0.,0.));
#6328=DIRECTION('',(0.,0.,1.));
#6329=DIRECTION('center_axis',(0.,0.,1.));
#6330=DIRECTION('ref_axis',(-1.,0.,0.));
#6331=DIRECTION('center_axis',(0.,0.,1.));
#6332=DIRECTION('ref_axis',(-1.,0.,0.));
#6333=DIRECTION('center_axis',(0.,0.,1.));
#6334=DIRECTION('ref_axis',(-1.,0.,0.));
#6335=DIRECTION('center_axis',(0.,0.,1.));
#6336=DIRECTION('ref_axis',(-1.,0.,0.));
#6337=DIRECTION('center_axis',(0.,0.,1.));
#6338=DIRECTION('ref_axis',(-1.,0.,0.));
#6339=DIRECTION('',(0.,0.,1.));
#6340=DIRECTION('center_axis',(0.,0.,1.));
#6341=DIRECTION('ref_axis',(-1.,0.,0.));
#6342=DIRECTION('',(0.,0.,1.));
#6343=DIRECTION('center_axis',(0.,0.,-1.));
#6344=DIRECTION('ref_axis',(-1.,0.,0.));
#6345=DIRECTION('',(-1.,0.,0.));
#6346=DIRECTION('',(0.,1.,0.));
#6347=DIRECTION('',(1.,-5.33921172701412E-34,0.));
#6348=DIRECTION('center_axis',(0.,-1.,0.));
#6349=DIRECTION('ref_axis',(1.,0.,0.));
#6350=DIRECTION('',(0.,0.,1.));
#6351=DIRECTION('center_axis',(5.33921172701412E-34,1.,0.));
#6352=DIRECTION('ref_axis',(-1.,5.33921172701412E-34,0.));
#6353=DIRECTION('',(0.,0.,1.));
#6354=DIRECTION('center_axis',(5.33921172701412E-34,1.,0.));
#6355=DIRECTION('ref_axis',(-1.,5.33921172701412E-34,0.));
#6356=DIRECTION('',(1.,-5.33921172701412E-34,0.));
#6357=DIRECTION('',(0.,0.,1.));
#6358=DIRECTION('',(0.,0.,-1.));
#6359=DIRECTION('center_axis',(-1.,0.,0.));
#6360=DIRECTION('ref_axis',(0.,-1.,0.));
#6361=DIRECTION('center_axis',(-1.,0.,0.));
#6362=DIRECTION('ref_axis',(0.,-1.,0.));
#6363=DIRECTION('',(0.,1.,0.));
#6364=DIRECTION('',(0.,0.,1.));
#6365=DIRECTION('',(0.,1.,0.));
#6366=DIRECTION('',(0.,0.,-1.));
#6367=DIRECTION('',(0.,1.,0.));
#6368=DIRECTION('',(0.,0.,-1.));
#6369=DIRECTION('center_axis',(0.,-1.,0.));
#6370=DIRECTION('ref_axis',(1.,0.,0.));
#6371=DIRECTION('',(-1.,0.,0.));
#6372=DIRECTION('',(0.,0.,-1.));
#6373=DIRECTION('',(-1.,0.,0.));
#6374=DIRECTION('',(0.,0.,1.));
#6375=DIRECTION('',(-1.,0.,0.));
#6376=DIRECTION('',(0.,0.,-1.));
#6377=DIRECTION('center_axis',(1.,-5.09804985278974E-34,0.));
#6378=DIRECTION('ref_axis',(5.09804985278974E-34,1.,0.));
#6379=DIRECTION('',(-5.09804985278974E-34,-1.,0.));
#6380=DIRECTION('center_axis',(0.,-1.,0.));
#6381=DIRECTION('ref_axis',(1.,0.,0.));
#6382=DIRECTION('',(1.,0.,0.));
#6383=DIRECTION('',(0.,0.,-1.));
#6384=DIRECTION('',(1.,0.,0.));
#6385=DIRECTION('center_axis',(0.,1.,0.));
#6386=DIRECTION('ref_axis',(-1.,0.,0.));
#6387=DIRECTION('',(-1.,0.,0.));
#6388=DIRECTION('',(-1.,0.,0.));
#6389=DIRECTION('',(0.,0.,1.));
#6390=DIRECTION('center_axis',(0.,0.,1.));
#6391=DIRECTION('ref_axis',(1.,0.,0.));
#6392=DIRECTION('',(0.,-1.,0.));
#6393=DIRECTION('center_axis',(-1.,0.,0.));
#6394=DIRECTION('ref_axis',(0.,-1.,0.));
#6395=DIRECTION('',(0.,-1.,0.));
#6396=DIRECTION('',(0.,-1.,0.));
#6397=DIRECTION('center_axis',(1.,0.,0.));
#6398=DIRECTION('ref_axis',(0.,1.,0.));
#6399=DIRECTION('',(0.,1.,0.));
#6400=DIRECTION('',(0.,1.,0.));
#6401=DIRECTION('center_axis',(0.,0.,1.));
#6402=DIRECTION('ref_axis',(1.,0.,0.));
#6403=DIRECTION('center_axis',(-1.,0.,0.));
#6404=DIRECTION('ref_axis',(0.,-1.,0.));
#6405=DIRECTION('',(0.,-1.,0.));
#6406=DIRECTION('',(0.,0.,1.));
#6407=DIRECTION('',(0.,-1.,0.));
#6408=DIRECTION('center_axis',(0.,0.,1.));
#6409=DIRECTION('ref_axis',(1.,0.,0.));
#6410=DIRECTION('',(-1.,0.,0.));
#6411=DIRECTION('center_axis',(0.,0.,1.));
#6412=DIRECTION('ref_axis',(1.,0.,0.));
#6413=DIRECTION('center_axis',(0.,1.,0.));
#6414=DIRECTION('ref_axis',(-1.,0.,0.));
#6415=DIRECTION('center_axis',(0.,0.,-1.));
#6416=DIRECTION('ref_axis',(0.70710678118655,0.707106781186545,0.));
#6417=DIRECTION('center_axis',(0.,0.,1.));
#6418=DIRECTION('ref_axis',(0.70710678118655,0.707106781186545,0.));
#6419=DIRECTION('',(0.,0.,1.));
#6420=DIRECTION('center_axis',(0.,0.,-1.));
#6421=DIRECTION('ref_axis',(0.70710678118655,0.707106781186545,0.));
#6422=DIRECTION('',(0.,0.,-1.));
#6423=DIRECTION('center_axis',(0.,0.,-1.));
#6424=DIRECTION('ref_axis',(-1.,0.,0.));
#6425=DIRECTION('',(0.,-1.,0.));
#6426=DIRECTION('center_axis',(0.,0.,1.));
#6427=DIRECTION('ref_axis',(0.707106781186546,-0.70710678118655,0.));
#6428=DIRECTION('',(-1.,0.,0.));
#6429=DIRECTION('center_axis',(0.,0.,1.));
#6430=DIRECTION('ref_axis',(-0.707106781186547,-0.707106781186548,0.));
#6431=DIRECTION('',(-9.70474671875137E-17,1.,0.));
#6432=DIRECTION('center_axis',(0.,0.,1.));
#6433=DIRECTION('ref_axis',(-0.707106781186547,0.707106781186548,0.));
#6434=DIRECTION('',(1.,0.,0.));
#6435=DIRECTION('',(1.,0.,0.));
#6436=DIRECTION('',(0.,1.,0.));
#6437=DIRECTION('',(-1.,0.,0.));
#6438=DIRECTION('',(-5.09804985278974E-34,-1.,0.));
#6439=DIRECTION('center_axis',(1.,0.,0.));
#6440=DIRECTION('ref_axis',(0.,-1.,0.));
#6441=DIRECTION('',(0.,1.,0.));
#6442=DIRECTION('',(0.,0.,1.));
#6443=DIRECTION('center_axis',(0.,0.,-1.));
#6444=DIRECTION('ref_axis',(0.707106781186546,-0.70710678118655,0.));
#6445=DIRECTION('center_axis',(0.,0.,-1.));
#6446=DIRECTION('ref_axis',(0.707106781186546,-0.70710678118655,0.));
#6447=DIRECTION('',(0.,0.,-1.));
#6448=DIRECTION('center_axis',(0.,0.,-1.));
#6449=DIRECTION('ref_axis',(-0.707106781186547,0.707106781186548,0.));
#6450=DIRECTION('',(0.,0.,1.));
#6451=DIRECTION('center_axis',(0.,0.,-1.));
#6452=DIRECTION('ref_axis',(-0.707106781186547,0.707106781186548,0.));
#6453=DIRECTION('',(0.,0.,-1.));
#6454=DIRECTION('center_axis',(-1.,-9.70474671875137E-17,0.));
#6455=DIRECTION('ref_axis',(-9.70474671875137E-17,1.,0.));
#6456=DIRECTION('',(0.,0.,-1.));
#6457=DIRECTION('',(9.70474671875137E-17,-1.,0.));
#6458=DIRECTION('center_axis',(0.,0.,-1.));
#6459=DIRECTION('ref_axis',(-0.707106781186547,-0.707106781186548,0.));
#6460=DIRECTION('',(0.,0.,1.));
#6461=DIRECTION('center_axis',(0.,0.,-1.));
#6462=DIRECTION('ref_axis',(-0.707106781186547,-0.707106781186548,0.));
#6463=DIRECTION('center_axis',(0.,-1.,0.));
#6464=DIRECTION('ref_axis',(-1.,0.,0.));
#6465=DIRECTION('',(1.,0.,0.));
#6466=DIRECTION('center_axis',(0.,0.,1.));
#6467=DIRECTION('ref_axis',(0.707106781186552,-0.707106781186543,0.));
#6468=DIRECTION('center_axis',(0.,0.,-1.));
#6469=DIRECTION('ref_axis',(0.707106781186552,-0.707106781186543,0.));
#6470=DIRECTION('',(0.,0.,-1.));
#6471=DIRECTION('center_axis',(0.,0.,-1.));
#6472=DIRECTION('ref_axis',(0.707106781186552,-0.707106781186543,0.));
#6473=DIRECTION('',(0.,0.,1.));
#6474=DIRECTION('center_axis',(1.,0.,0.));
#6475=DIRECTION('ref_axis',(0.,1.,0.));
#6476=DIRECTION('',(0.,-1.,0.));
#6477=DIRECTION('',(0.,0.,1.));
#6478=DIRECTION('',(0.,1.,0.));
#6479=DIRECTION('center_axis',(0.,0.,1.));
#6480=DIRECTION('ref_axis',(-0.707106781186552,0.707106781186543,0.));
#6481=DIRECTION('center_axis',(0.,0.,-1.));
#6482=DIRECTION('ref_axis',(-0.707106781186552,0.707106781186543,0.));
#6483=DIRECTION('',(0.,0.,-1.));
#6484=DIRECTION('center_axis',(0.,0.,-1.));
#6485=DIRECTION('ref_axis',(-0.707106781186552,0.707106781186543,0.));
#6486=DIRECTION('',(0.,0.,1.));
#6487=DIRECTION('center_axis',(-1.,0.,0.));
#6488=DIRECTION('ref_axis',(0.,-1.,0.));
#6489=DIRECTION('',(0.,1.,0.));
#6490=DIRECTION('',(0.,0.,1.));
#6491=DIRECTION('',(0.,-1.,0.));
#6492=DIRECTION('center_axis',(0.,0.,1.));
#6493=DIRECTION('ref_axis',(-0.707106781186552,-0.707106781186543,0.));
#6494=DIRECTION('center_axis',(0.,0.,-1.));
#6495=DIRECTION('ref_axis',(-0.707106781186552,-0.707106781186543,0.));
#6496=DIRECTION('',(0.,0.,-1.));
#6497=DIRECTION('center_axis',(0.,0.,-1.));
#6498=DIRECTION('ref_axis',(-0.707106781186552,-0.707106781186543,0.));
#6499=DIRECTION('center_axis',(0.,0.,1.));
#6500=DIRECTION('ref_axis',(-1.,0.,0.));
#6501=DIRECTION('',(-1.,0.,0.));
#6502=DIRECTION('',(1.,0.,0.));
#6503=DIRECTION('center_axis',(0.,0.,-1.));
#6504=DIRECTION('ref_axis',(0.707106781186556,0.707106781186539,0.));
#6505=DIRECTION('',(1.2166827667125E-15,1.,0.));
#6506=DIRECTION('',(-1.,4.11193712824132E-16,0.));
#6507=DIRECTION('',(0.,-1.,0.));
#6508=DIRECTION('',(1.,0.,0.));
#6509=DIRECTION('center_axis',(0.,0.,-1.));
#6510=DIRECTION('ref_axis',(1.,0.,0.));
#6511=DIRECTION('center_axis',(0.,0.,-1.));
#6512=DIRECTION('ref_axis',(1.,0.,0.));
#6513=DIRECTION('center_axis',(0.,0.,-1.));
#6514=DIRECTION('ref_axis',(1.,0.,0.));
#6515=DIRECTION('center_axis',(0.,0.,-1.));
#6516=DIRECTION('ref_axis',(1.,0.,0.));
#6517=DIRECTION('center_axis',(0.,0.,1.));
#6518=DIRECTION('ref_axis',(0.707106781186556,0.707106781186539,0.));
#6519=DIRECTION('',(0.,0.,-1.));
#6520=DIRECTION('center_axis',(0.,0.,-1.));
#6521=DIRECTION('ref_axis',(0.707106781186556,0.707106781186539,0.));
#6522=DIRECTION('center_axis',(0.,0.,-1.));
#6523=DIRECTION('ref_axis',(1.,0.,0.));
#6524=DIRECTION('center_axis',(0.,0.,-1.));
#6525=DIRECTION('ref_axis',(1.,0.,0.));
#6526=DIRECTION('',(0.,0.,-1.));
#6527=DIRECTION('center_axis',(0.,0.,1.));
#6528=DIRECTION('ref_axis',(1.,0.,0.));
#6529=DIRECTION('center_axis',(0.,0.,-1.));
#6530=DIRECTION('ref_axis',(1.,0.,0.));
#6531=DIRECTION('center_axis',(0.,0.,-1.));
#6532=DIRECTION('ref_axis',(1.,0.,0.));
#6533=DIRECTION('',(0.,0.,-1.));
#6534=DIRECTION('center_axis',(0.,0.,1.));
#6535=DIRECTION('ref_axis',(1.,0.,0.));
#6536=DIRECTION('center_axis',(0.,0.,-1.));
#6537=DIRECTION('ref_axis',(1.,0.,0.));
#6538=DIRECTION('center_axis',(0.,0.,-1.));
#6539=DIRECTION('ref_axis',(1.,0.,0.));
#6540=DIRECTION('',(0.,0.,-1.));
#6541=DIRECTION('center_axis',(0.,0.,1.));
#6542=DIRECTION('ref_axis',(1.,0.,0.));
#6543=DIRECTION('center_axis',(0.,0.,-1.));
#6544=DIRECTION('ref_axis',(1.,0.,0.));
#6545=DIRECTION('center_axis',(0.,0.,-1.));
#6546=DIRECTION('ref_axis',(1.,0.,0.));
#6547=DIRECTION('',(0.,0.,-1.));
#6548=DIRECTION('center_axis',(0.,0.,1.));
#6549=DIRECTION('ref_axis',(1.,0.,0.));
#6550=DIRECTION('center_axis',(0.,1.,0.));
#6551=DIRECTION('ref_axis',(-1.,0.,0.));
#6552=DIRECTION('',(-1.,0.,0.));
#6553=DIRECTION('center_axis',(0.,-1.,0.));
#6554=DIRECTION('ref_axis',(1.,0.,0.));
#6555=DIRECTION('',(1.,0.,0.));
#6556=DIRECTION('center_axis',(-4.11193712824132E-16,-1.,0.));
#6557=DIRECTION('ref_axis',(-1.,4.11193712824132E-16,0.));
#6558=DIRECTION('',(0.,0.,1.));
#6559=DIRECTION('',(-1.,4.11193712824132E-16,0.));
#6560=DIRECTION('',(0.,0.,1.));
#6561=DIRECTION('center_axis',(-1.,1.2166827667125E-15,0.));
#6562=DIRECTION('ref_axis',(1.2166827667125E-15,1.,0.));
#6563=DIRECTION('',(0.,0.,-1.));
#6564=DIRECTION('',(1.2166827667125E-15,1.,0.));
#6565=DIRECTION('center_axis',(0.,1.,0.));
#6566=DIRECTION('ref_axis',(1.,0.,0.));
#6567=DIRECTION('',(0.,0.,1.));
#6568=DIRECTION('',(1.,0.,0.));
#6569=DIRECTION('center_axis',(1.,0.,0.));
#6570=DIRECTION('ref_axis',(0.,-1.,0.));
#6571=DIRECTION('',(0.,-1.,0.));
#6572=DIRECTION('center_axis',(0.,0.,-1.));
#6573=DIRECTION('ref_axis',(1.,0.,0.));
#6574=DIRECTION('center_axis',(0.,0.,-1.));
#6575=DIRECTION('ref_axis',(1.,0.,0.));
#6576=DIRECTION('',(0.,0.,-1.));
#6577=DIRECTION('center_axis',(0.,0.,-1.));
#6578=DIRECTION('ref_axis',(1.,0.,0.));
#6579=DIRECTION('center_axis',(0.,0.,-1.));
#6580=DIRECTION('ref_axis',(1.,0.,0.));
#6581=DIRECTION('',(0.,0.,-1.));
#6582=DIRECTION('center_axis',(0.,0.,-1.));
#6583=DIRECTION('ref_axis',(1.,0.,0.));
#6584=DIRECTION('center_axis',(0.,0.,-1.));
#6585=DIRECTION('ref_axis',(1.,0.,0.));
#6586=DIRECTION('',(0.,0.,-1.));
#6587=DIRECTION('center_axis',(0.,0.,-1.));
#6588=DIRECTION('ref_axis',(1.,0.,0.));
#6589=DIRECTION('center_axis',(0.,0.,-1.));
#6590=DIRECTION('ref_axis',(1.,0.,0.));
#6591=DIRECTION('',(0.,0.,-1.));
#6592=DIRECTION('center_axis',(-1.,0.,0.));
#6593=DIRECTION('ref_axis',(0.,1.,0.));
#6594=DIRECTION('',(0.,-1.,0.));
#6595=DIRECTION('',(0.,0.,-1.));
#6596=DIRECTION('',(0.,1.,0.));
#6597=DIRECTION('',(0.,0.,-1.));
#6598=DIRECTION('center_axis',(0.,1.,0.));
#6599=DIRECTION('ref_axis',(1.,0.,0.));
#6600=DIRECTION('',(-1.,0.,0.));
#6601=DIRECTION('',(1.,0.,0.));
#6602=DIRECTION('',(0.,0.,-1.));
#6603=DIRECTION('center_axis',(1.,-1.11442841486995E-16,0.));
#6604=DIRECTION('ref_axis',(-1.11442841486995E-16,-1.,0.));
#6605=DIRECTION('',(1.11442841486995E-16,1.,0.));
#6606=DIRECTION('',(-1.11442841486995E-16,-1.,0.));
#6607=DIRECTION('',(0.,0.,-1.));
#6608=DIRECTION('center_axis',(0.,-1.,0.));
#6609=DIRECTION('ref_axis',(-1.,0.,0.));
#6610=DIRECTION('',(1.,0.,0.));
#6611=DIRECTION('',(-1.,0.,0.));
#6612=DIRECTION('center_axis',(0.,-1.,0.));
#6613=DIRECTION('ref_axis',(-1.,0.,0.));
#6614=DIRECTION('',(0.,0.,-1.));
#6615=DIRECTION('',(-1.,0.,0.));
#6616=DIRECTION('',(0.,0.,-1.));
#6617=DIRECTION('center_axis',(1.,0.,0.));
#6618=DIRECTION('ref_axis',(0.,-1.,0.));
#6619=DIRECTION('',(0.,-1.,0.));
#6620=DIRECTION('',(0.,0.,-1.));
#6621=DIRECTION('center_axis',(0.,1.,0.));
#6622=DIRECTION('ref_axis',(1.,0.,0.));
#6623=DIRECTION('',(1.,0.,0.));
#6624=DIRECTION('',(0.,0.,-1.));
#6625=DIRECTION('center_axis',(-1.,5.09804985278974E-34,0.));
#6626=DIRECTION('ref_axis',(5.09804985278974E-34,1.,0.));
#6627=DIRECTION('',(5.09804985278974E-34,1.,0.));
#6628=DIRECTION('center_axis',(0.,0.,-1.));
#6629=DIRECTION('ref_axis',(-1.,0.,0.));
#6630=DIRECTION('center_axis',(0.,1.,0.));
#6631=DIRECTION('ref_axis',(1.,0.,0.));
#6632=DIRECTION('',(-1.,0.,0.));
#6633=DIRECTION('center_axis',(0.,0.,1.));
#6634=DIRECTION('ref_axis',(1.,0.,0.));
#6635=DIRECTION('center_axis',(0.,0.,-1.));
#6636=DIRECTION('ref_axis',(-1.,0.,0.));
#6637=DIRECTION('center_axis',(0.,0.,1.));
#6638=DIRECTION('ref_axis',(1.,0.,0.));
#6639=DIRECTION('center_axis',(0.,0.,-1.));
#6640=DIRECTION('ref_axis',(-1.,0.,0.));
#6641=DIRECTION('center_axis',(1.77635683940025E-16,-1.,0.));
#6642=DIRECTION('ref_axis',(-1.,-1.77635683940025E-16,0.));
#6643=DIRECTION('center_axis',(0.,0.,1.));
#6644=DIRECTION('ref_axis',(-1.,0.,0.));
#6645=DIRECTION('center_axis',(0.,0.,1.));
#6646=DIRECTION('ref_axis',(-1.,0.,0.));
#6647=DIRECTION('center_axis',(0.,0.,1.));
#6648=DIRECTION('ref_axis',(-1.,0.,0.));
#6649=DIRECTION('center_axis',(0.,0.,1.));
#6650=DIRECTION('ref_axis',(-1.,0.,0.));
#6651=DIRECTION('center_axis',(0.,0.,1.));
#6652=DIRECTION('ref_axis',(-1.,0.,0.));
#6653=DIRECTION('',(0.,0.,1.));
#6654=DIRECTION('center_axis',(0.,0.,1.));
#6655=DIRECTION('ref_axis',(-1.,0.,0.));
#6656=DIRECTION('center_axis',(0.,0.,1.));
#6657=DIRECTION('ref_axis',(-1.,0.,0.));
#6658=DIRECTION('center_axis',(0.,0.,1.));
#6659=DIRECTION('ref_axis',(-1.,0.,0.));
#6660=DIRECTION('center_axis',(0.,0.,1.));
#6661=DIRECTION('ref_axis',(-1.,0.,0.));
#6662=DIRECTION('',(0.,0.,1.));
#6663=DIRECTION('center_axis',(0.,0.,1.));
#6664=DIRECTION('ref_axis',(-1.,0.,0.));
#6665=DIRECTION('center_axis',(0.,0.,1.));
#6666=DIRECTION('ref_axis',(-1.,0.,0.));
#6667=DIRECTION('center_axis',(0.,0.,1.));
#6668=DIRECTION('ref_axis',(-1.,0.,0.));
#6669=DIRECTION('center_axis',(0.,0.,1.));
#6670=DIRECTION('ref_axis',(-1.,0.,0.));
#6671=DIRECTION('',(0.,0.,1.));
#6672=DIRECTION('center_axis',(0.,0.,1.));
#6673=DIRECTION('ref_axis',(-1.,0.,0.));
#6674=DIRECTION('center_axis',(0.,0.,1.));
#6675=DIRECTION('ref_axis',(-1.,0.,0.));
#6676=DIRECTION('center_axis',(0.,0.,1.));
#6677=DIRECTION('ref_axis',(-1.,0.,0.));
#6678=DIRECTION('center_axis',(0.,0.,1.));
#6679=DIRECTION('ref_axis',(-1.,0.,0.));
#6680=DIRECTION('',(0.,0.,1.));
#6681=DIRECTION('center_axis',(0.,0.,1.));
#6682=DIRECTION('ref_axis',(-1.,0.,0.));
#6683=DIRECTION('center_axis',(0.,0.,1.));
#6684=DIRECTION('ref_axis',(-1.,0.,0.));
#6685=DIRECTION('center_axis',(4.11193712824132E-16,1.,0.));
#6686=DIRECTION('ref_axis',(-1.,4.11193712824132E-16,0.));
#6687=DIRECTION('',(1.,-4.11193712824132E-16,0.));
#6688=DIRECTION('',(0.,0.,1.));
#6689=DIRECTION('',(1.,-4.11193712824132E-16,0.));
#6690=DIRECTION('',(0.,0.,1.));
#6691=DIRECTION('center_axis',(-1.,0.,0.));
#6692=DIRECTION('ref_axis',(0.,-1.,0.));
#6693=DIRECTION('',(0.,1.,0.));
#6694=DIRECTION('',(0.,1.,0.));
#6695=DIRECTION('',(0.,0.,-1.));
#6696=DIRECTION('center_axis',(0.,-1.,0.));
#6697=DIRECTION('ref_axis',(1.,0.,0.));
#6698=DIRECTION('',(-1.,0.,0.));
#6699=DIRECTION('',(-1.,0.,0.));
#6700=DIRECTION('',(0.,0.,-1.));
#6701=DIRECTION('center_axis',(1.,8.22387425648264E-16,0.));
#6702=DIRECTION('ref_axis',(-8.22387425648264E-16,1.,0.));
#6703=DIRECTION('',(8.22387425648264E-16,-1.,0.));
#6704=DIRECTION('',(8.22387425648264E-16,-1.,0.));
#6705=DIRECTION('center_axis',(0.,0.,1.));
#6706=DIRECTION('ref_axis',(-1.,0.,0.));
#6707=DIRECTION('center_axis',(0.,0.,-1.));
#6708=DIRECTION('ref_axis',(-1.,0.,0.));
#6709=DIRECTION('center_axis',(0.,0.,1.));
#6710=DIRECTION('ref_axis',(-5.0532154980743E-16,-1.,0.));
#6711=DIRECTION('center_axis',(0.,0.,1.));
#6712=DIRECTION('ref_axis',(-1.,0.,0.));
#6713=DIRECTION('',(0.,0.,-1.));
#6714=DIRECTION('center_axis',(0.,0.,-1.));
#6715=DIRECTION('ref_axis',(-1.,0.,0.));
#6716=DIRECTION('',(0.,0.,1.));
#6717=DIRECTION('center_axis',(0.,1.,0.));
#6718=DIRECTION('ref_axis',(-1.,0.,0.));
#6719=DIRECTION('',(1.,0.,0.));
#6720=DIRECTION('',(0.,0.,-1.));
#6721=DIRECTION('',(1.,0.,0.));
#6722=DIRECTION('',(0.,0.,-1.));
#6723=DIRECTION('center_axis',(1.,0.,0.));
#6724=DIRECTION('ref_axis',(0.,1.,0.));
#6725=DIRECTION('',(0.,-1.,0.));
#6726=DIRECTION('',(0.,-1.,0.));
#6727=DIRECTION('center_axis',(-1.,1.2166827667125E-15,0.));
#6728=DIRECTION('ref_axis',(-1.2166827667125E-15,-1.,0.));
#6729=DIRECTION('',(1.2166827667125E-15,1.,0.));
#6730=DIRECTION('',(1.2166827667125E-15,1.,0.));
#6731=DIRECTION('center_axis',(0.,0.,1.));
#6732=DIRECTION('ref_axis',(1.,0.,0.));
#6733=DIRECTION('center_axis',(0.,0.,1.));
#6734=DIRECTION('ref_axis',(-1.,0.,0.));
#6735=DIRECTION('center_axis',(0.,0.,1.));
#6736=DIRECTION('ref_axis',(-1.,0.,0.));
#6737=DIRECTION('',(-0.939692620785908,-1.15079156022785E-16,-0.342020143325669));
#6738=DIRECTION('center_axis',(-1.88173394004264E-17,1.,0.));
#6739=DIRECTION('ref_axis',(0.866025403784439,0.,-0.5));
#6740=DIRECTION('center_axis',(0.,-1.,0.));
#6741=DIRECTION('ref_axis',(0.,0.,-1.));
#6742=DIRECTION('',(-1.88173394004264E-17,1.,0.));
#6743=DIRECTION('center_axis',(0.,1.,0.));
#6744=DIRECTION('ref_axis',(0.866025403784439,0.,-0.5));
#6745=DIRECTION('',(-1.88173394004264E-17,1.,0.));
#6746=DIRECTION('center_axis',(0.,0.,-1.));
#6747=DIRECTION('ref_axis',(1.,0.,0.));
#6748=DIRECTION('center_axis',(-1.,0.,0.));
#6749=DIRECTION('ref_axis',(0.,0.,-1.));
#6750=DIRECTION('center_axis',(0.,0.,1.));
#6751=DIRECTION('ref_axis',(-0.707106781186542,0.707106781186553,0.));
#6752=DIRECTION('center_axis',(0.,0.,-1.));
#6753=DIRECTION('ref_axis',(1.,0.,0.));
#6754=DIRECTION('center_axis',(0.,0.,-1.));
#6755=DIRECTION('ref_axis',(1.,-1.4564895368912E-15,0.));
#6756=DIRECTION('center_axis',(-1.,-8.5465008283714E-16,-1.58142033327265E-31));
#6757=DIRECTION('ref_axis',(-7.40148683083438E-16,0.866025403784439,-0.5));
#6758=DIRECTION('center_axis',(0.,0.,-1.));
#6759=DIRECTION('ref_axis',(1.,-1.43343539523863E-15,0.));
#6760=DIRECTION('center_axis',(0.,0.,1.));
#6761=DIRECTION('ref_axis',(-0.707106781186546,-0.707106781186549,0.));
#6762=DIRECTION('center_axis',(1.,0.,0.));
#6763=DIRECTION('ref_axis',(0.,-0.866025403784439,-0.5));
#6764=DIRECTION('center_axis',(-1.,0.,0.));
#6765=DIRECTION('ref_axis',(0.,0.,-1.));
#6766=DIRECTION('',(1.,0.,0.));
#6767=DIRECTION('',(1.,0.,0.));
#6768=DIRECTION('center_axis',(-1.,3.62029247160377E-17,0.));
#6769=DIRECTION('ref_axis',(0.,0.866025403784439,-0.5));
#6770=DIRECTION('center_axis',(-1.,0.,0.));
#6771=DIRECTION('ref_axis',(0.,0.866025403784439,-0.5));
#6772=DIRECTION('',(-1.,3.62029247160377E-17,0.));
#6773=DIRECTION('',(-1.,3.62029247160377E-17,0.));
#6774=DIRECTION('center_axis',(0.,0.,-1.));
#6775=DIRECTION('ref_axis',(0.,-1.,0.));
#6776=DIRECTION('center_axis',(0.,1.,0.));
#6777=DIRECTION('ref_axis',(5.9211894646675E-15,0.,-1.));
#6778=DIRECTION('center_axis',(0.,0.,1.));
#6779=DIRECTION('ref_axis',(0.707106781186548,0.707106781186548,0.));
#6780=DIRECTION('center_axis',(0.,0.,-1.));
#6781=DIRECTION('ref_axis',(0.,-1.,0.));
#6782=DIRECTION('center_axis',(0.,0.,-1.));
#6783=DIRECTION('ref_axis',(4.66076651805185E-15,1.,0.));
#6784=DIRECTION('center_axis',(-6.83720066269715E-15,-1.,0.));
#6785=DIRECTION('ref_axis',(-0.866025403784437,5.92118946466753E-15,-0.500000000000002));
#6786=DIRECTION('center_axis',(0.,0.,-1.));
#6787=DIRECTION('ref_axis',(5.7337415809545E-15,1.,0.));
#6788=DIRECTION('center_axis',(0.,0.,1.));
#6789=DIRECTION('ref_axis',(0.707106781186552,-0.707106781186543,0.));
#6790=DIRECTION('center_axis',(0.,-1.,0.));
#6791=DIRECTION('ref_axis',(-0.866025403784439,0.,-0.5));
#6792=DIRECTION('',(0.,-1.,0.));
#6793=DIRECTION('',(0.,-1.,0.));
#6794=DIRECTION('center_axis',(0.,0.,-1.));
#6795=DIRECTION('ref_axis',(-1.,0.,0.));
#6796=DIRECTION('',(-5.18104078158406E-17,-1.,0.));
#6797=DIRECTION('center_axis',(0.,0.,1.));
#6798=DIRECTION('ref_axis',(1.,0.,0.));
#6799=DIRECTION('',(-1.,0.,0.));
#6800=DIRECTION('center_axis',(0.,0.,1.));
#6801=DIRECTION('ref_axis',(0.,-1.,0.));
#6802=DIRECTION('',(0.,1.,0.));
#6803=DIRECTION('center_axis',(0.,0.,1.));
#6804=DIRECTION('ref_axis',(0.,1.,0.));
#6805=DIRECTION('',(1.,-3.59794498721116E-17,0.));
#6806=DIRECTION('center_axis',(0.,0.,1.));
#6807=DIRECTION('ref_axis',(1.,-9.48572401157881E-16,0.));
#6808=DIRECTION('center_axis',(-5.18104078158406E-17,-1.,0.));
#6809=DIRECTION('ref_axis',(-0.866025403784439,0.,-0.5));
#6810=DIRECTION('center_axis',(0.,1.,0.));
#6811=DIRECTION('ref_axis',(0.,0.,-1.));
#6812=DIRECTION('',(-5.18104078158406E-17,-1.,0.));
#6813=DIRECTION('center_axis',(0.,-1.,0.));
#6814=DIRECTION('ref_axis',(-0.866025403784439,0.,-0.5));
#6815=DIRECTION('center_axis',(-1.,0.,0.));
#6816=DIRECTION('ref_axis',(0.,0.,-1.));
#6817=DIRECTION('center_axis',(0.,0.,-1.));
#6818=DIRECTION('ref_axis',(-0.707106781186547,-0.707106781186548,0.));
#6819=DIRECTION('center_axis',(-1.,-1.65588453549696E-15,0.));
#6820=DIRECTION('ref_axis',(-1.43403807347416E-15,0.866025403784439,-0.5));
#6821=DIRECTION('center_axis',(0.,0.,-1.));
#6822=DIRECTION('ref_axis',(-0.707106781186547,0.707106781186548,0.));
#6823=DIRECTION('center_axis',(1.,-3.59794498721116E-17,0.));
#6824=DIRECTION('ref_axis',(0.,-0.866025403784439,-0.5));
#6825=DIRECTION('center_axis',(-1.,0.,0.));
#6826=DIRECTION('ref_axis',(0.,0.,-1.));
#6827=DIRECTION('',(1.,-3.59794498721116E-17,0.));
#6828=DIRECTION('center_axis',(-1.,0.,0.));
#6829=DIRECTION('ref_axis',(0.,0.866025403784439,-0.5));
#6830=DIRECTION('center_axis',(-1.,0.,0.));
#6831=DIRECTION('ref_axis',(0.,0.866025403784439,-0.5));
#6832=DIRECTION('',(-1.,0.,0.));
#6833=DIRECTION('center_axis',(-5.34156301773215E-17,-1.,0.));
#6834=DIRECTION('ref_axis',(0.,0.,-1.));
#6835=DIRECTION('center_axis',(0.,0.,-1.));
#6836=DIRECTION('ref_axis',(0.707106781186547,-0.707106781186548,0.));
#6837=DIRECTION('center_axis',(0.,1.,0.));
#6838=DIRECTION('ref_axis',(0.866025403784437,0.,-0.500000000000002));
#6839=DIRECTION('center_axis',(0.,0.,-1.));
#6840=DIRECTION('ref_axis',(0.707106781186548,0.707106781186548,0.));
#6841=DIRECTION('center_axis',(0.,1.,0.));
#6842=DIRECTION('ref_axis',(0.866025403784439,0.,-0.5));
#6843=DIRECTION('',(0.,1.,0.));
#6844=DIRECTION('center_axis',(0.,0.,1.));
#6845=DIRECTION('ref_axis',(1.,0.,0.));
#6846=DIRECTION('',(-1.,0.,0.));
#6847=DIRECTION('',(0.,1.,0.));
#6848=DIRECTION('',(1.,0.,0.));
#6849=DIRECTION('',(0.,-1.,0.));
#6850=DIRECTION('',(0.,1.,0.));
#6851=DIRECTION('',(1.,0.,0.));
#6852=DIRECTION('',(0.,-1.,0.));
#6853=DIRECTION('',(-1.,0.,0.));
#6854=DIRECTION('',(0.,-1.,0.));
#6855=DIRECTION('',(-1.,0.,0.));
#6856=DIRECTION('',(0.,1.,0.));
#6857=DIRECTION('',(1.,0.,0.));
#6858=DIRECTION('',(0.,1.,0.));
#6859=DIRECTION('',(1.,0.,0.));
#6860=DIRECTION('',(0.,-1.,0.));
#6861=DIRECTION('',(-1.,0.,0.));
#6862=DIRECTION('',(0.,-1.,0.));
#6863=DIRECTION('',(-1.,0.,0.));
#6864=DIRECTION('',(0.,1.,0.));
#6865=DIRECTION('',(1.,0.,0.));
#6866=DIRECTION('',(0.,-1.,0.));
#6867=DIRECTION('',(-1.,0.,0.));
#6868=DIRECTION('',(0.,1.,0.));
#6869=DIRECTION('',(1.,0.,0.));
#6870=DIRECTION('',(0.,-1.,0.));
#6871=DIRECTION('',(-1.,0.,0.));
#6872=DIRECTION('',(0.,1.,0.));
#6873=DIRECTION('',(1.,0.,0.));
#6874=DIRECTION('',(0.,1.,0.));
#6875=DIRECTION('',(1.,0.,0.));
#6876=DIRECTION('',(0.,-1.,0.));
#6877=DIRECTION('',(-1.,0.,0.));
#6878=DIRECTION('',(0.,1.,0.));
#6879=DIRECTION('',(1.,0.,0.));
#6880=DIRECTION('',(0.,-1.,0.));
#6881=DIRECTION('',(-1.,0.,0.));
#6882=DIRECTION('',(0.,1.,0.));
#6883=DIRECTION('',(1.,0.,0.));
#6884=DIRECTION('',(0.,-1.,0.));
#6885=DIRECTION('',(-1.,0.,0.));
#6886=DIRECTION('',(0.,-1.,0.));
#6887=DIRECTION('',(-1.,0.,0.));
#6888=DIRECTION('',(0.,1.,0.));
#6889=DIRECTION('',(1.,0.,0.));
#6890=DIRECTION('',(0.,1.,0.));
#6891=DIRECTION('',(1.,0.,0.));
#6892=DIRECTION('',(0.,-1.,0.));
#6893=DIRECTION('',(-1.,0.,0.));
#6894=DIRECTION('center_axis',(0.,-1.,0.));
#6895=DIRECTION('ref_axis',(1.,0.,0.));
#6896=DIRECTION('',(0.,0.,1.));
#6897=DIRECTION('',(1.,0.,0.));
#6898=DIRECTION('',(0.,0.,1.));
#6899=DIRECTION('center_axis',(-1.,0.,0.));
#6900=DIRECTION('ref_axis',(0.,-1.,0.));
#6901=DIRECTION('',(0.,-1.,0.));
#6902=DIRECTION('',(0.,0.,1.));
#6903=DIRECTION('center_axis',(0.,1.,0.));
#6904=DIRECTION('ref_axis',(-1.,0.,0.));
#6905=DIRECTION('',(-1.,0.,0.));
#6906=DIRECTION('',(0.,0.,1.));
#6907=DIRECTION('center_axis',(1.,0.,0.));
#6908=DIRECTION('ref_axis',(0.,1.,0.));
#6909=DIRECTION('',(0.,1.,0.));
#6910=DIRECTION('center_axis',(0.,0.,1.));
#6911=DIRECTION('ref_axis',(1.,0.,0.));
#6912=DIRECTION('center_axis',(-1.,0.,0.));
#6913=DIRECTION('ref_axis',(0.,-1.,0.));
#6914=DIRECTION('',(0.,0.,1.));
#6915=DIRECTION('',(0.,-1.,0.));
#6916=DIRECTION('',(0.,0.,1.));
#6917=DIRECTION('center_axis',(0.,1.,0.));
#6918=DIRECTION('ref_axis',(-1.,0.,0.));
#6919=DIRECTION('',(-1.,0.,0.));
#6920=DIRECTION('',(0.,0.,1.));
#6921=DIRECTION('center_axis',(1.,0.,0.));
#6922=DIRECTION('ref_axis',(0.,1.,0.));
#6923=DIRECTION('',(0.,1.,0.));
#6924=DIRECTION('',(0.,0.,1.));
#6925=DIRECTION('center_axis',(0.,-1.,0.));
#6926=DIRECTION('ref_axis',(1.,0.,0.));
#6927=DIRECTION('',(1.,0.,0.));
#6928=DIRECTION('center_axis',(0.,0.,1.));
#6929=DIRECTION('ref_axis',(1.,0.,0.));
#6930=DIRECTION('center_axis',(1.,0.,0.));
#6931=DIRECTION('ref_axis',(0.,1.,0.));
#6932=DIRECTION('',(0.,0.,1.));
#6933=DIRECTION('',(0.,1.,0.));
#6934=DIRECTION('',(0.,0.,1.));
#6935=DIRECTION('center_axis',(0.,-1.,0.));
#6936=DIRECTION('ref_axis',(1.,0.,0.));
#6937=DIRECTION('',(1.,0.,0.));
#6938=DIRECTION('',(0.,0.,1.));
#6939=DIRECTION('center_axis',(-1.,0.,0.));
#6940=DIRECTION('ref_axis',(0.,-1.,0.));
#6941=DIRECTION('',(0.,-1.,0.));
#6942=DIRECTION('',(0.,0.,1.));
#6943=DIRECTION('center_axis',(0.,1.,0.));
#6944=DIRECTION('ref_axis',(-1.,0.,0.));
#6945=DIRECTION('',(-1.,0.,0.));
#6946=DIRECTION('center_axis',(0.,0.,1.));
#6947=DIRECTION('ref_axis',(1.,0.,0.));
#6948=DIRECTION('center_axis',(-1.,0.,0.));
#6949=DIRECTION('ref_axis',(0.,-1.,0.));
#6950=DIRECTION('',(0.,0.,1.));
#6951=DIRECTION('',(0.,-1.,0.));
#6952=DIRECTION('',(0.,0.,1.));
#6953=DIRECTION('center_axis',(0.,1.,0.));
#6954=DIRECTION('ref_axis',(-1.,0.,0.));
#6955=DIRECTION('',(-1.,0.,0.));
#6956=DIRECTION('',(0.,0.,1.));
#6957=DIRECTION('center_axis',(1.,0.,0.));
#6958=DIRECTION('ref_axis',(0.,1.,0.));
#6959=DIRECTION('',(0.,1.,0.));
#6960=DIRECTION('',(0.,0.,1.));
#6961=DIRECTION('center_axis',(0.,-1.,0.));
#6962=DIRECTION('ref_axis',(1.,0.,0.));
#6963=DIRECTION('',(1.,0.,0.));
#6964=DIRECTION('center_axis',(0.,0.,1.));
#6965=DIRECTION('ref_axis',(1.,0.,0.));
#6966=DIRECTION('center_axis',(1.,0.,0.));
#6967=DIRECTION('ref_axis',(0.,1.,0.));
#6968=DIRECTION('',(0.,0.,1.));
#6969=DIRECTION('',(0.,1.,0.));
#6970=DIRECTION('',(0.,0.,1.));
#6971=DIRECTION('center_axis',(0.,-1.,0.));
#6972=DIRECTION('ref_axis',(1.,0.,0.));
#6973=DIRECTION('',(1.,0.,0.));
#6974=DIRECTION('',(0.,0.,1.));
#6975=DIRECTION('center_axis',(-1.,0.,0.));
#6976=DIRECTION('ref_axis',(0.,-1.,0.));
#6977=DIRECTION('',(0.,-1.,0.));
#6978=DIRECTION('',(0.,0.,1.));
#6979=DIRECTION('center_axis',(0.,1.,0.));
#6980=DIRECTION('ref_axis',(-1.,0.,0.));
#6981=DIRECTION('',(-1.,0.,0.));
#6982=DIRECTION('center_axis',(0.,0.,1.));
#6983=DIRECTION('ref_axis',(1.,0.,0.));
#6984=DIRECTION('center_axis',(1.,0.,0.));
#6985=DIRECTION('ref_axis',(0.,1.,0.));
#6986=DIRECTION('',(0.,0.,1.));
#6987=DIRECTION('',(0.,1.,0.));
#6988=DIRECTION('',(0.,0.,1.));
#6989=DIRECTION('center_axis',(0.,-1.,0.));
#6990=DIRECTION('ref_axis',(1.,0.,0.));
#6991=DIRECTION('',(1.,0.,0.));
#6992=DIRECTION('',(0.,0.,1.));
#6993=DIRECTION('center_axis',(-1.,0.,0.));
#6994=DIRECTION('ref_axis',(0.,-1.,0.));
#6995=DIRECTION('',(0.,-1.,0.));
#6996=DIRECTION('',(0.,0.,1.));
#6997=DIRECTION('center_axis',(0.,1.,0.));
#6998=DIRECTION('ref_axis',(-1.,0.,0.));
#6999=DIRECTION('',(-1.,0.,0.));
#7000=DIRECTION('center_axis',(0.,0.,1.));
#7001=DIRECTION('ref_axis',(1.,0.,0.));
#7002=DIRECTION('center_axis',(1.,0.,0.));
#7003=DIRECTION('ref_axis',(0.,1.,0.));
#7004=DIRECTION('',(0.,0.,1.));
#7005=DIRECTION('',(0.,1.,0.));
#7006=DIRECTION('',(0.,0.,1.));
#7007=DIRECTION('center_axis',(0.,-1.,0.));
#7008=DIRECTION('ref_axis',(1.,0.,0.));
#7009=DIRECTION('',(1.,0.,0.));
#7010=DIRECTION('',(0.,0.,1.));
#7011=DIRECTION('center_axis',(-1.,0.,0.));
#7012=DIRECTION('ref_axis',(0.,-1.,0.));
#7013=DIRECTION('',(0.,-1.,0.));
#7014=DIRECTION('',(0.,0.,1.));
#7015=DIRECTION('center_axis',(0.,1.,0.));
#7016=DIRECTION('ref_axis',(-1.,0.,0.));
#7017=DIRECTION('',(-1.,0.,0.));
#7018=DIRECTION('center_axis',(0.,0.,1.));
#7019=DIRECTION('ref_axis',(1.,0.,0.));
#7020=DIRECTION('center_axis',(-1.,0.,0.));
#7021=DIRECTION('ref_axis',(0.,-1.,0.));
#7022=DIRECTION('',(0.,0.,1.));
#7023=DIRECTION('',(0.,-1.,0.));
#7024=DIRECTION('',(0.,0.,1.));
#7025=DIRECTION('center_axis',(0.,1.,0.));
#7026=DIRECTION('ref_axis',(-1.,0.,0.));
#7027=DIRECTION('',(-1.,0.,0.));
#7028=DIRECTION('',(0.,0.,1.));
#7029=DIRECTION('center_axis',(1.,0.,0.));
#7030=DIRECTION('ref_axis',(0.,1.,0.));
#7031=DIRECTION('',(0.,1.,0.));
#7032=DIRECTION('',(0.,0.,1.));
#7033=DIRECTION('center_axis',(0.,-1.,0.));
#7034=DIRECTION('ref_axis',(1.,0.,0.));
#7035=DIRECTION('',(1.,0.,0.));
#7036=DIRECTION('center_axis',(0.,0.,1.));
#7037=DIRECTION('ref_axis',(1.,0.,0.));
#7038=DIRECTION('center_axis',(-1.,0.,0.));
#7039=DIRECTION('ref_axis',(0.,-1.,0.));
#7040=DIRECTION('',(0.,0.,1.));
#7041=DIRECTION('',(0.,-1.,0.));
#7042=DIRECTION('',(0.,0.,1.));
#7043=DIRECTION('center_axis',(0.,1.,0.));
#7044=DIRECTION('ref_axis',(-1.,0.,0.));
#7045=DIRECTION('',(-1.,0.,0.));
#7046=DIRECTION('',(0.,0.,1.));
#7047=DIRECTION('center_axis',(1.,0.,0.));
#7048=DIRECTION('ref_axis',(0.,1.,0.));
#7049=DIRECTION('',(0.,1.,0.));
#7050=DIRECTION('',(0.,0.,1.));
#7051=DIRECTION('center_axis',(0.,-1.,0.));
#7052=DIRECTION('ref_axis',(1.,0.,0.));
#7053=DIRECTION('',(1.,0.,0.));
#7054=DIRECTION('center_axis',(0.,0.,1.));
#7055=DIRECTION('ref_axis',(1.,0.,0.));
#7056=DIRECTION('center_axis',(-1.,0.,0.));
#7057=DIRECTION('ref_axis',(0.,-1.,0.));
#7058=DIRECTION('',(0.,0.,1.));
#7059=DIRECTION('',(0.,-1.,0.));
#7060=DIRECTION('',(0.,0.,1.));
#7061=DIRECTION('center_axis',(0.,1.,0.));
#7062=DIRECTION('ref_axis',(-1.,0.,0.));
#7063=DIRECTION('',(-1.,0.,0.));
#7064=DIRECTION('',(0.,0.,1.));
#7065=DIRECTION('center_axis',(1.,0.,0.));
#7066=DIRECTION('ref_axis',(0.,1.,0.));
#7067=DIRECTION('',(0.,1.,0.));
#7068=DIRECTION('',(0.,0.,1.));
#7069=DIRECTION('center_axis',(0.,-1.,0.));
#7070=DIRECTION('ref_axis',(1.,0.,0.));
#7071=DIRECTION('',(1.,0.,0.));
#7072=DIRECTION('center_axis',(0.,0.,1.));
#7073=DIRECTION('ref_axis',(1.,0.,0.));
#7074=DIRECTION('center_axis',(1.,0.,0.));
#7075=DIRECTION('ref_axis',(0.,1.,0.));
#7076=DIRECTION('',(0.,0.,1.));
#7077=DIRECTION('',(0.,1.,0.));
#7078=DIRECTION('',(0.,0.,1.));
#7079=DIRECTION('center_axis',(0.,-1.,0.));
#7080=DIRECTION('ref_axis',(1.,0.,0.));
#7081=DIRECTION('',(1.,0.,0.));
#7082=DIRECTION('',(0.,0.,1.));
#7083=DIRECTION('center_axis',(-1.,0.,0.));
#7084=DIRECTION('ref_axis',(0.,-1.,0.));
#7085=DIRECTION('',(0.,-1.,0.));
#7086=DIRECTION('',(0.,0.,1.));
#7087=DIRECTION('center_axis',(0.,1.,0.));
#7088=DIRECTION('ref_axis',(-1.,0.,0.));
#7089=DIRECTION('',(-1.,0.,0.));
#7090=DIRECTION('center_axis',(0.,0.,1.));
#7091=DIRECTION('ref_axis',(1.,0.,0.));
#7092=DIRECTION('center_axis',(-1.,0.,0.));
#7093=DIRECTION('ref_axis',(0.,-1.,0.));
#7094=DIRECTION('',(0.,0.,1.));
#7095=DIRECTION('',(0.,-1.,0.));
#7096=DIRECTION('',(0.,0.,1.));
#7097=DIRECTION('center_axis',(0.,1.,0.));
#7098=DIRECTION('ref_axis',(-1.,0.,0.));
#7099=DIRECTION('',(-1.,0.,0.));
#7100=DIRECTION('',(0.,0.,1.));
#7101=DIRECTION('center_axis',(1.,0.,0.));
#7102=DIRECTION('ref_axis',(0.,1.,0.));
#7103=DIRECTION('',(0.,1.,0.));
#7104=DIRECTION('',(0.,0.,1.));
#7105=DIRECTION('center_axis',(0.,-1.,0.));
#7106=DIRECTION('ref_axis',(1.,0.,0.));
#7107=DIRECTION('',(1.,0.,0.));
#7108=DIRECTION('center_axis',(0.,0.,1.));
#7109=DIRECTION('ref_axis',(1.,0.,0.));
#7110=CARTESIAN_POINT('',(0.,0.,0.));
#7111=CARTESIAN_POINT('Origin',(77.5,71.2,0.3));
#7112=CARTESIAN_POINT('',(100.,71.5,0.3));
#7113=CARTESIAN_POINT('',(100.,71.2,0.));
#7114=CARTESIAN_POINT('Origin',(100.,71.2,0.3));
#7115=CARTESIAN_POINT('',(1.00000000000001,71.2,0.));
#7116=CARTESIAN_POINT('',(77.5,71.2,0.));
#7117=CARTESIAN_POINT('',(1.00000000000001,71.5,0.3));
#7118=CARTESIAN_POINT('Origin',(1.00000000000001,71.2,0.3));
#7119=CARTESIAN_POINT('',(77.5,71.5,0.3));
#7120=CARTESIAN_POINT('Origin',(1.00000000000001,67.,0.3));
#7121=CARTESIAN_POINT('',(-3.19999999999999,67.,0.));
#7122=CARTESIAN_POINT('',(-3.5,67.,0.3));
#7123=CARTESIAN_POINT('Origin',(-3.19999999999999,67.,0.3));
#7124=CARTESIAN_POINT('Origin',(1.00000000000001,67.,0.3));
#7125=CARTESIAN_POINT('Origin',(1.00000000000001,67.,0.));
#7126=CARTESIAN_POINT('Origin',(-3.19999999999999,52.75,0.3));
#7127=CARTESIAN_POINT('',(-3.2,1.00000000000001,0.));
#7128=CARTESIAN_POINT('',(-3.5,1.,0.3));
#7129=CARTESIAN_POINT('Origin',(-3.2,1.00000000000001,0.3));
#7130=CARTESIAN_POINT('',(-3.5,52.75,0.3));
#7131=CARTESIAN_POINT('',(-3.19999999999999,52.75,0.));
#7132=CARTESIAN_POINT('Origin',(1.,1.,0.3));
#7133=CARTESIAN_POINT('',(1.,-3.2,0.));
#7134=CARTESIAN_POINT('',(1.,-3.5,0.3));
#7135=CARTESIAN_POINT('Origin',(1.,-3.2,0.3));
#7136=CARTESIAN_POINT('Origin',(1.,1.,0.3));
#7137=CARTESIAN_POINT('Origin',(1.,1.,0.));
#7138=CARTESIAN_POINT('Origin',(23.5,-3.2,0.3));
#7139=CARTESIAN_POINT('',(100.,-3.2,0.));
#7140=CARTESIAN_POINT('',(100.,-3.5,0.3));
#7141=CARTESIAN_POINT('Origin',(100.,-3.2,0.3));
#7142=CARTESIAN_POINT('',(23.5,-3.5,0.3));
#7143=CARTESIAN_POINT('',(23.5,-3.2,0.));
#7144=CARTESIAN_POINT('Origin',(100.,1.,0.3));
#7145=CARTESIAN_POINT('',(104.2,1.,0.));
#7146=CARTESIAN_POINT('',(104.5,1.,0.3));
#7147=CARTESIAN_POINT('Origin',(104.2,1.,0.3));
#7148=CARTESIAN_POINT('Origin',(100.,1.,0.3));
#7149=CARTESIAN_POINT('Origin',(100.,1.,0.));
#7150=CARTESIAN_POINT('Origin',(104.2,15.25,0.3));
#7151=CARTESIAN_POINT('',(104.2,67.,0.));
#7152=CARTESIAN_POINT('',(104.5,67.,0.3));
#7153=CARTESIAN_POINT('Origin',(104.2,67.,0.3));
#7154=CARTESIAN_POINT('',(104.5,15.25,0.3));
#7155=CARTESIAN_POINT('',(104.2,15.25,0.));
#7156=CARTESIAN_POINT('Origin',(100.,67.,0.3));
#7157=CARTESIAN_POINT('Origin',(100.,67.,0.3));
#7158=CARTESIAN_POINT('Origin',(100.,67.,0.));
#7159=CARTESIAN_POINT('Origin',(100.,1.,0.));
#7160=CARTESIAN_POINT('',(104.5,1.,26.9689110867545));
#7161=CARTESIAN_POINT('',(104.5,1.,0.));
#7162=CARTESIAN_POINT('',(100.,-3.5,26.9689110867545));
#7163=CARTESIAN_POINT('Origin',(100.,0.999999999999996,26.9689110867545));
#7164=CARTESIAN_POINT('',(100.,-3.5,0.));
#7165=CARTESIAN_POINT('Origin',(104.5,-3.5,0.));
#7166=CARTESIAN_POINT('',(104.5,67.,26.9689110867545));
#7167=CARTESIAN_POINT('',(104.5,67.,0.));
#7168=CARTESIAN_POINT('',(104.5,51.875,26.9689110867545));
#7169=CARTESIAN_POINT('Origin',(100.,67.,0.));
#7170=CARTESIAN_POINT('',(100.,71.5,26.9689110867545));
#7171=CARTESIAN_POINT('',(100.,71.5,0.));
#7172=CARTESIAN_POINT('Origin',(100.,67.,26.9689110867545));
#7173=CARTESIAN_POINT('Origin',(104.5,71.5,0.));
#7174=CARTESIAN_POINT('',(1.00000000000001,71.5,26.9689110867545));
#7175=CARTESIAN_POINT('',(1.00000000000001,71.5,0.));
#7176=CARTESIAN_POINT('',(24.375,71.5,26.9689110867545));
#7177=CARTESIAN_POINT('',(14.,71.5,25.));
#7178=CARTESIAN_POINT('Origin',(14.,71.5,17.));
#7179=CARTESIAN_POINT('Origin',(50.5,34.,0.));
#7180=CARTESIAN_POINT('',(-0.199999999999997,-0.2,0.));
#7181=CARTESIAN_POINT('',(-0.199999999999999,68.2,0.));
#7182=CARTESIAN_POINT('',(-0.199999999999996,17.,0.));
#7183=CARTESIAN_POINT('',(101.2,-0.199999999999999,0.));
#7184=CARTESIAN_POINT('',(75.75,-0.2,0.));
#7185=CARTESIAN_POINT('',(101.2,68.2,0.));
#7186=CARTESIAN_POINT('',(101.2,51.,0.));
#7187=CARTESIAN_POINT('',(25.25,68.2,0.));
#7188=CARTESIAN_POINT('',(48.35,70.65,0.));
#7189=CARTESIAN_POINT('',(48.35,68.85,0.));
#7190=CARTESIAN_POINT('',(48.35,52.25,0.));
#7191=CARTESIAN_POINT('',(52.65,68.85,0.));
#7192=CARTESIAN_POINT('',(49.5,68.85,0.));
#7193=CARTESIAN_POINT('',(52.65,70.65,0.));
#7194=CARTESIAN_POINT('',(52.65,51.5,0.));
#7195=CARTESIAN_POINT('',(51.5,70.65,0.));
#7196=CARTESIAN_POINT('',(101.85,31.85,0.));
#7197=CARTESIAN_POINT('',(103.65,31.85,0.));
#7198=CARTESIAN_POINT('',(76.25,31.85,0.));
#7199=CARTESIAN_POINT('',(103.65,36.15,0.));
#7200=CARTESIAN_POINT('',(103.65,33.,0.));
#7201=CARTESIAN_POINT('',(101.85,36.15,0.));
#7202=CARTESIAN_POINT('',(77.,36.15,0.));
#7203=CARTESIAN_POINT('',(101.85,35.,0.));
#7204=CARTESIAN_POINT('',(5.65,-2.65,0.));
#7205=CARTESIAN_POINT('',(5.65,-0.849999999999996,0.));
#7206=CARTESIAN_POINT('',(5.65,15.75,0.));
#7207=CARTESIAN_POINT('',(1.35,-0.849999999999996,0.));
#7208=CARTESIAN_POINT('',(28.,-0.849999999999995,0.));
#7209=CARTESIAN_POINT('',(1.35,-2.65,0.));
#7210=CARTESIAN_POINT('',(1.35,16.5,0.));
#7211=CARTESIAN_POINT('',(26.,-2.65,0.));
#7212=CARTESIAN_POINT('',(-2.77000000000002,66.77,0.));
#7213=CARTESIAN_POINT('',(-2.77000000000002,62.35,0.));
#7214=CARTESIAN_POINT('',(-2.77000000000002,50.25,0.));
#7215=CARTESIAN_POINT('',(-0.849999999999997,62.35,0.));
#7216=CARTESIAN_POINT('',(24.,62.35,0.));
#7217=CARTESIAN_POINT('',(-0.849999999999997,66.77,0.));
#7218=CARTESIAN_POINT('',(-0.85,48.25,0.));
#7219=CARTESIAN_POINT('',(24.75,66.77,0.));
#7220=CARTESIAN_POINT('',(52.65,-2.65,0.));
#7221=CARTESIAN_POINT('',(52.65,-0.849999999999996,0.));
#7222=CARTESIAN_POINT('',(52.65,15.75,0.));
#7223=CARTESIAN_POINT('',(48.35,-0.849999999999996,0.));
#7224=CARTESIAN_POINT('',(51.5,-0.849999999999995,0.));
#7225=CARTESIAN_POINT('',(48.35,-2.65,0.));
#7226=CARTESIAN_POINT('',(48.35,16.5,0.));
#7227=CARTESIAN_POINT('',(49.5,-2.65,0.));
#7228=CARTESIAN_POINT('',(101.85,66.65,0.));
#7229=CARTESIAN_POINT('',(101.85,62.35,0.));
#7230=CARTESIAN_POINT('',(101.85,50.25,0.));
#7231=CARTESIAN_POINT('',(103.65,62.35,0.));
#7232=CARTESIAN_POINT('',(76.25,62.35,0.));
#7233=CARTESIAN_POINT('',(103.65,66.65,0.));
#7234=CARTESIAN_POINT('',(103.65,48.25,0.));
#7235=CARTESIAN_POINT('',(77.,66.65,0.));
#7236=CARTESIAN_POINT('',(5.65,68.85,0.));
#7237=CARTESIAN_POINT('',(5.65,70.65,0.));
#7238=CARTESIAN_POINT('',(5.65,51.5,0.));
#7239=CARTESIAN_POINT('',(1.35,70.65,0.));
#7240=CARTESIAN_POINT('',(28.,70.65,0.));
#7241=CARTESIAN_POINT('',(1.35,68.85,0.));
#7242=CARTESIAN_POINT('',(1.35,52.25,0.));
#7243=CARTESIAN_POINT('',(26.,68.85,0.));
#7244=CARTESIAN_POINT('',(101.85,5.65000000000001,0.));
#7245=CARTESIAN_POINT('',(101.85,1.35000000000001,0.));
#7246=CARTESIAN_POINT('',(101.85,19.75,0.));
#7247=CARTESIAN_POINT('',(103.65,1.35000000000001,0.));
#7248=CARTESIAN_POINT('',(76.25,1.35000000000001,0.));
#7249=CARTESIAN_POINT('',(103.65,5.65000000000001,0.));
#7250=CARTESIAN_POINT('',(103.65,17.75,0.));
#7251=CARTESIAN_POINT('',(77.,5.65000000000001,0.));
#7252=CARTESIAN_POINT('',(-2.65000000000002,36.15,0.));
#7253=CARTESIAN_POINT('',(-2.65000000000002,31.85,0.));
#7254=CARTESIAN_POINT('',(-2.65000000000001,35.,0.));
#7255=CARTESIAN_POINT('',(-0.849999999999997,31.85,0.));
#7256=CARTESIAN_POINT('',(24.,31.85,0.));
#7257=CARTESIAN_POINT('',(-0.849999999999997,36.15,0.));
#7258=CARTESIAN_POINT('',(-0.85,33.,0.));
#7259=CARTESIAN_POINT('',(24.75,36.15,0.));
#7260=CARTESIAN_POINT('',(-2.65000000000002,5.65000000000001,0.));
#7261=CARTESIAN_POINT('',(-2.65000000000002,1.35000000000001,0.));
#7262=CARTESIAN_POINT('',(-2.65000000000001,19.75,0.));
#7263=CARTESIAN_POINT('',(-0.849999999999997,1.35000000000001,0.));
#7264=CARTESIAN_POINT('',(24.,1.35000000000001,0.));
#7265=CARTESIAN_POINT('',(-0.849999999999997,5.65000000000001,0.));
#7266=CARTESIAN_POINT('',(-0.85,17.75,0.));
#7267=CARTESIAN_POINT('',(24.75,5.65000000000001,0.));
#7268=CARTESIAN_POINT('',(99.65,-2.65,0.));
#7269=CARTESIAN_POINT('',(99.65,-0.849999999999996,0.));
#7270=CARTESIAN_POINT('',(99.65,15.75,0.));
#7271=CARTESIAN_POINT('',(95.35,-0.849999999999996,0.));
#7272=CARTESIAN_POINT('',(75.,-0.849999999999995,0.));
#7273=CARTESIAN_POINT('',(95.35,-2.65,0.));
#7274=CARTESIAN_POINT('',(95.35,16.5,0.));
#7275=CARTESIAN_POINT('',(73.,-2.65,0.));
#7276=CARTESIAN_POINT('',(99.65,68.85,0.));
#7277=CARTESIAN_POINT('',(99.65,70.65,0.));
#7278=CARTESIAN_POINT('',(99.65,51.5,0.));
#7279=CARTESIAN_POINT('',(95.35,70.65,0.));
#7280=CARTESIAN_POINT('',(75.,70.65,0.));
#7281=CARTESIAN_POINT('',(95.35,68.85,0.));
#7282=CARTESIAN_POINT('',(95.35,52.25,0.));
#7283=CARTESIAN_POINT('',(73.,68.85,0.));
#7284=CARTESIAN_POINT('Origin',(101.,51.875,26.9689110867545));
#7285=CARTESIAN_POINT('',(102.75,67.,30.));
#7286=CARTESIAN_POINT('Origin',(101.,67.,26.9689110867545));
#7287=CARTESIAN_POINT('',(102.75,0.999999999999996,30.));
#7288=CARTESIAN_POINT('',(102.75,51.875,30.));
#7289=CARTESIAN_POINT('Origin',(101.,0.999999999999988,26.9689110867545));
#7290=CARTESIAN_POINT('Ctrl Pts',(102.75,67.,30.));
#7291=CARTESIAN_POINT('Ctrl Pts',(102.75,69.75,30.));
#7292=CARTESIAN_POINT('Ctrl Pts',(100.,69.75,30.));
#7293=CARTESIAN_POINT('Ctrl Pts',(104.5,67.,28.9896370289182));
#7294=CARTESIAN_POINT('Ctrl Pts',(104.5,71.5,28.9896370289182));
#7295=CARTESIAN_POINT('Ctrl Pts',(100.,71.5,28.9896370289182));
#7296=CARTESIAN_POINT('Ctrl Pts',(104.5,67.,26.9689110867545));
#7297=CARTESIAN_POINT('Ctrl Pts',(104.5,71.5,26.9689110867545));
#7298=CARTESIAN_POINT('Ctrl Pts',(100.,71.5,26.9689110867545));
#7299=CARTESIAN_POINT('',(100.,69.75,30.));
#7300=CARTESIAN_POINT('Origin',(100.,68.,26.9689110867545));
#7301=CARTESIAN_POINT('Origin',(100.,67.,30.));
#7302=CARTESIAN_POINT('Ctrl Pts',(100.,-1.75000000000001,30.));
#7303=CARTESIAN_POINT('Ctrl Pts',(102.75,-1.75000000000003,30.));
#7304=CARTESIAN_POINT('Ctrl Pts',(102.75,0.999999999999972,30.));
#7305=CARTESIAN_POINT('Ctrl Pts',(100.,-3.5,28.9896370289182));
#7306=CARTESIAN_POINT('Ctrl Pts',(104.5,-3.50000000000004,28.9896370289182));
#7307=CARTESIAN_POINT('Ctrl Pts',(104.5,0.999999999999956,28.9896370289182));
#7308=CARTESIAN_POINT('Ctrl Pts',(100.,-3.5,26.9689110867545));
#7309=CARTESIAN_POINT('Ctrl Pts',(104.5,-3.50000000000004,26.9689110867545));
#7310=CARTESIAN_POINT('Ctrl Pts',(104.5,0.999999999999956,26.9689110867545));
#7311=CARTESIAN_POINT('',(100.,-1.75,30.));
#7312=CARTESIAN_POINT('Origin',(100.,0.,26.9689110867545));
#7313=CARTESIAN_POINT('Origin',(100.,0.999999999999996,30.));
#7314=CARTESIAN_POINT('Origin',(24.375,68.,26.9689110867545));
#7315=CARTESIAN_POINT('',(0.999999999999992,69.75,30.));
#7316=CARTESIAN_POINT('Origin',(1.00000000000001,68.,26.9689110867545));
#7317=CARTESIAN_POINT('',(24.375,69.75,30.));
#7318=CARTESIAN_POINT('Origin',(76.625,0.,26.9689110867545));
#7319=CARTESIAN_POINT('',(0.999999999999996,-1.75,30.));
#7320=CARTESIAN_POINT('',(76.625,-1.75,30.));
#7321=CARTESIAN_POINT('',(1.,-3.5,26.9689110867545));
#7322=CARTESIAN_POINT('Origin',(0.999999999999996,0.,26.9689110867545));
#7323=CARTESIAN_POINT('',(76.625,-3.5,26.9689110867545));
#7324=CARTESIAN_POINT('Ctrl Pts',(1.00000000000004,69.75,30.));
#7325=CARTESIAN_POINT('Ctrl Pts',(-1.74999999999997,69.7500000000001,30.));
#7326=CARTESIAN_POINT('Ctrl Pts',(-1.75000000000001,67.,30.));
#7327=CARTESIAN_POINT('Ctrl Pts',(1.00000000000007,71.5,28.9896370289182));
#7328=CARTESIAN_POINT('Ctrl Pts',(-3.49999999999995,71.5000000000001,28.9896370289182));
#7329=CARTESIAN_POINT('Ctrl Pts',(-3.50000000000002,67.0000000000001,28.9896370289182));
#7330=CARTESIAN_POINT('Ctrl Pts',(1.00000000000007,71.5,26.9689110867545));
#7331=CARTESIAN_POINT('Ctrl Pts',(-3.49999999999995,71.5000000000001,26.9689110867545));
#7332=CARTESIAN_POINT('Ctrl Pts',(-3.50000000000002,67.0000000000001,26.9689110867545));
#7333=CARTESIAN_POINT('',(-3.5,67.,26.9689110867545));
#7334=CARTESIAN_POINT('',(-1.75,67.,30.));
#7335=CARTESIAN_POINT('Origin',(-2.09554595897998E-14,67.,26.9689110867545));
#7336=CARTESIAN_POINT('Origin',(0.999999999999993,67.,30.));
#7337=CARTESIAN_POINT('Origin',(0.999999999999993,67.,26.9689110867545));
#7338=CARTESIAN_POINT('Ctrl Pts',(-1.75,1.,30.));
#7339=CARTESIAN_POINT('Ctrl Pts',(-1.75,-1.75,30.));
#7340=CARTESIAN_POINT('Ctrl Pts',(0.999999999999997,-1.75,30.));
#7341=CARTESIAN_POINT('Ctrl Pts',(-3.5,0.999999999999999,28.9896370289182));
#7342=CARTESIAN_POINT('Ctrl Pts',(-3.5,-3.5,28.9896370289182));
#7343=CARTESIAN_POINT('Ctrl Pts',(0.999999999999997,-3.5,28.9896370289182));
#7344=CARTESIAN_POINT('Ctrl Pts',(-3.5,0.999999999999999,26.9689110867545));
#7345=CARTESIAN_POINT('Ctrl Pts',(-3.5,-3.5,26.9689110867545));
#7346=CARTESIAN_POINT('Ctrl Pts',(0.999999999999997,-3.5,26.9689110867545));
#7347=CARTESIAN_POINT('',(-1.75,0.999999999999999,30.));
#7348=CARTESIAN_POINT('',(-3.5,1.,26.9689110867545));
#7349=CARTESIAN_POINT('Origin',(-2.63677968348475E-15,1.,26.9689110867545));
#7350=CARTESIAN_POINT('Origin',(0.999999999999996,1.,26.9689110867545));
#7351=CARTESIAN_POINT('Origin',(0.999999999999996,1.,30.));
#7352=CARTESIAN_POINT('Origin',(1.11022302462516E-15,16.125,26.9689110867545));
#7353=CARTESIAN_POINT('',(-3.5,16.125,26.9689110867545));
#7354=CARTESIAN_POINT('',(-1.75,16.125,30.));
#7355=CARTESIAN_POINT('Origin',(1.00000000000001,67.,0.));
#7356=CARTESIAN_POINT('',(-3.5,67.,0.));
#7357=CARTESIAN_POINT('Origin',(0.999999999999996,1.,30.));
#7358=CARTESIAN_POINT('',(-1.75,0.999999999999996,29.));
#7359=CARTESIAN_POINT('',(0.999999999999996,-1.75,29.));
#7360=CARTESIAN_POINT('Origin',(0.999999999999996,1.,29.));
#7361=CARTESIAN_POINT('',(-1.75,1.,30.));
#7362=CARTESIAN_POINT('',(0.999999999999996,-1.75,30.));
#7363=CARTESIAN_POINT('Origin',(102.75,-1.75,30.));
#7364=CARTESIAN_POINT('',(100.,-1.75,29.));
#7365=CARTESIAN_POINT('',(100.,-1.75,30.));
#7366=CARTESIAN_POINT('',(-1.75,-1.75,29.));
#7367=CARTESIAN_POINT('Origin',(100.,0.999999999999996,30.));
#7368=CARTESIAN_POINT('',(102.75,0.999999999999997,29.));
#7369=CARTESIAN_POINT('Origin',(100.,0.999999999999996,29.));
#7370=CARTESIAN_POINT('',(102.75,0.999999999999996,30.));
#7371=CARTESIAN_POINT('Origin',(102.75,69.75,30.));
#7372=CARTESIAN_POINT('',(102.75,67.,29.));
#7373=CARTESIAN_POINT('',(102.75,67.,30.));
#7374=CARTESIAN_POINT('',(102.75,-1.75,29.));
#7375=CARTESIAN_POINT('Origin',(100.,67.,30.));
#7376=CARTESIAN_POINT('',(100.,69.75,29.));
#7377=CARTESIAN_POINT('Origin',(100.,67.,29.));
#7378=CARTESIAN_POINT('',(100.,69.75,30.));
#7379=CARTESIAN_POINT('Origin',(-1.75000000000001,69.75,30.));
#7380=CARTESIAN_POINT('',(0.999999999999996,69.75,29.));
#7381=CARTESIAN_POINT('',(0.999999999999993,69.75,30.));
#7382=CARTESIAN_POINT('',(102.75,69.75,29.));
#7383=CARTESIAN_POINT('Origin',(0.999999999999993,67.,30.));
#7384=CARTESIAN_POINT('',(-1.75000000000001,67.,29.));
#7385=CARTESIAN_POINT('Origin',(0.999999999999993,67.,29.));
#7386=CARTESIAN_POINT('',(-1.75000000000001,67.,30.));
#7387=CARTESIAN_POINT('Origin',(-1.75,-1.75,30.));
#7388=CARTESIAN_POINT('',(-1.75000000000001,69.75,29.));
#7389=CARTESIAN_POINT('Origin',(-3.5,71.5,0.));
#7390=CARTESIAN_POINT('',(-3.5,1.,0.));
#7391=CARTESIAN_POINT('',(-3.5,37.25,17.05));
#7392=CARTESIAN_POINT('',(-3.5,30.75,17.05));
#7393=CARTESIAN_POINT('',(-3.5,54.375,17.05));
#7394=CARTESIAN_POINT('',(-3.5,29.15,15.45));
#7395=CARTESIAN_POINT('Origin',(-3.5,30.75,15.45));
#7396=CARTESIAN_POINT('',(-3.5,29.15,14.55));
#7397=CARTESIAN_POINT('',(-3.5,29.15,7.7249999999999));
#7398=CARTESIAN_POINT('',(-3.5,30.75,12.95));
#7399=CARTESIAN_POINT('Origin',(-3.5,30.75,14.55));
#7400=CARTESIAN_POINT('',(-3.5,37.25,12.95));
#7401=CARTESIAN_POINT('',(-3.5,51.125,12.95));
#7402=CARTESIAN_POINT('',(-3.5,38.85,14.55));
#7403=CARTESIAN_POINT('Origin',(-3.5,37.25,14.55));
#7404=CARTESIAN_POINT('',(-3.5,38.85,15.45));
#7405=CARTESIAN_POINT('',(-3.5,38.85,7.27500000000008));
#7406=CARTESIAN_POINT('Origin',(-3.5,37.25,15.45));
#7407=CARTESIAN_POINT('',(-3.5,66.25,15.));
#7408=CARTESIAN_POINT('Origin',(-3.5,64.5,15.));
#7409=CARTESIAN_POINT('Origin',(1.,1.,0.));
#7410=CARTESIAN_POINT('',(1.,-3.5,0.));
#7411=CARTESIAN_POINT('Origin',(-3.5,-3.5,0.));
#7412=CARTESIAN_POINT('Origin',(99.65,69.,0.));
#7413=CARTESIAN_POINT('',(99.65,68.85,1.15));
#7414=CARTESIAN_POINT('',(99.65,68.85,0.));
#7415=CARTESIAN_POINT('',(99.65,70.65,1.15));
#7416=CARTESIAN_POINT('',(99.65,69.375,1.15));
#7417=CARTESIAN_POINT('',(99.65,70.65,0.));
#7418=CARTESIAN_POINT('Origin',(95.5,68.85,0.));
#7419=CARTESIAN_POINT('',(95.35,68.85,1.15));
#7420=CARTESIAN_POINT('',(95.35,68.85,0.));
#7421=CARTESIAN_POINT('',(96.5,68.85,1.15));
#7422=CARTESIAN_POINT('Origin',(95.35,70.5,0.));
#7423=CARTESIAN_POINT('',(95.35,70.65,1.15));
#7424=CARTESIAN_POINT('',(95.35,70.65,0.));
#7425=CARTESIAN_POINT('',(95.35,70.125,1.15));
#7426=CARTESIAN_POINT('Origin',(99.5,70.65,0.));
#7427=CARTESIAN_POINT('',(98.5,70.65,1.15));
#7428=CARTESIAN_POINT('Origin',(97.5,69.75,1.15));
#7429=CARTESIAN_POINT('Origin',(99.65,-2.5,0.));
#7430=CARTESIAN_POINT('',(99.65,-2.65,1.15));
#7431=CARTESIAN_POINT('',(99.65,-2.65,0.));
#7432=CARTESIAN_POINT('',(99.65,-0.849999999999996,1.15));
#7433=CARTESIAN_POINT('',(99.65,-2.125,1.15));
#7434=CARTESIAN_POINT('',(99.65,-0.849999999999996,0.));
#7435=CARTESIAN_POINT('Origin',(95.5,-2.65,0.));
#7436=CARTESIAN_POINT('',(95.35,-2.65,1.15));
#7437=CARTESIAN_POINT('',(95.35,-2.65,0.));
#7438=CARTESIAN_POINT('',(96.5,-2.65,1.15));
#7439=CARTESIAN_POINT('Origin',(95.35,-0.999999999999996,0.));
#7440=CARTESIAN_POINT('',(95.35,-0.849999999999996,1.15));
#7441=CARTESIAN_POINT('',(95.35,-0.849999999999996,0.));
#7442=CARTESIAN_POINT('',(95.35,-1.375,1.15));
#7443=CARTESIAN_POINT('Origin',(99.5,-0.849999999999996,0.));
#7444=CARTESIAN_POINT('',(98.5,-0.849999999999996,1.15));
#7445=CARTESIAN_POINT('Origin',(97.5,-1.75,1.15));
#7446=CARTESIAN_POINT('Origin',(-2.65000000000002,5.50000000000001,0.));
#7447=CARTESIAN_POINT('',(-2.65000000000002,5.65000000000001,1.15));
#7448=CARTESIAN_POINT('',(-2.65000000000002,5.65000000000001,0.));
#7449=CARTESIAN_POINT('',(-2.65000000000002,1.35000000000001,1.15));
#7450=CARTESIAN_POINT('',(-2.65000000000002,4.50000000000001,1.15));
#7451=CARTESIAN_POINT('',(-2.65000000000002,1.35000000000001,0.));
#7452=CARTESIAN_POINT('Origin',(-0.999999999999996,5.65000000000001,0.));
#7453=CARTESIAN_POINT('',(-0.849999999999996,5.65000000000001,1.15));
#7454=CARTESIAN_POINT('',(-0.849999999999996,5.65000000000001,0.));
#7455=CARTESIAN_POINT('',(-1.375,5.65000000000001,1.15));
#7456=CARTESIAN_POINT('Origin',(-0.849999999999996,1.50000000000001,0.));
#7457=CARTESIAN_POINT('',(-0.849999999999996,1.35000000000001,1.15));
#7458=CARTESIAN_POINT('',(-0.849999999999996,1.35000000000001,0.));
#7459=CARTESIAN_POINT('',(-0.849999999999996,2.50000000000001,1.15));
#7460=CARTESIAN_POINT('Origin',(-2.50000000000002,1.35000000000001,0.));
#7461=CARTESIAN_POINT('',(-2.12500000000001,1.35000000000001,1.15));
#7462=CARTESIAN_POINT('Origin',(-1.75000000000001,3.50000000000001,1.15));
#7463=CARTESIAN_POINT('Origin',(-2.65000000000002,36.,0.));
#7464=CARTESIAN_POINT('',(-2.65000000000002,36.15,1.15));
#7465=CARTESIAN_POINT('',(-2.65000000000002,36.15,0.));
#7466=CARTESIAN_POINT('',(-2.65000000000002,31.85,1.15));
#7467=CARTESIAN_POINT('',(-2.65000000000002,35.,1.15));
#7468=CARTESIAN_POINT('',(-2.65000000000002,31.85,0.));
#7469=CARTESIAN_POINT('Origin',(-0.999999999999996,36.15,0.));
#7470=CARTESIAN_POINT('',(-0.849999999999996,36.15,1.15));
#7471=CARTESIAN_POINT('',(-0.849999999999996,36.15,0.));
#7472=CARTESIAN_POINT('',(-1.375,36.15,1.15));
#7473=CARTESIAN_POINT('Origin',(-0.849999999999996,32.,0.));
#7474=CARTESIAN_POINT('',(-0.849999999999996,31.85,1.15));
#7475=CARTESIAN_POINT('',(-0.849999999999996,31.85,0.));
#7476=CARTESIAN_POINT('',(-0.849999999999996,33.,1.15));
#7477=CARTESIAN_POINT('Origin',(-2.50000000000002,31.85,0.));
#7478=CARTESIAN_POINT('',(-2.12500000000001,31.85,1.15));
#7479=CARTESIAN_POINT('Origin',(-1.75000000000001,34.,1.15));
#7480=CARTESIAN_POINT('Origin',(101.85,5.50000000000001,0.));
#7481=CARTESIAN_POINT('',(101.85,5.65000000000001,1.15));
#7482=CARTESIAN_POINT('',(101.85,5.65000000000001,0.));
#7483=CARTESIAN_POINT('',(101.85,1.35000000000001,1.15));
#7484=CARTESIAN_POINT('',(101.85,4.50000000000001,1.15));
#7485=CARTESIAN_POINT('',(101.85,1.35000000000001,0.));
#7486=CARTESIAN_POINT('Origin',(103.5,5.65000000000001,0.));
#7487=CARTESIAN_POINT('',(103.65,5.65000000000001,1.15));
#7488=CARTESIAN_POINT('',(103.65,5.65000000000001,0.));
#7489=CARTESIAN_POINT('',(103.125,5.65000000000001,1.15));
#7490=CARTESIAN_POINT('Origin',(103.65,1.50000000000001,0.));
#7491=CARTESIAN_POINT('',(103.65,1.35000000000001,1.15));
#7492=CARTESIAN_POINT('',(103.65,1.35000000000001,0.));
#7493=CARTESIAN_POINT('',(103.65,2.50000000000001,1.15));
#7494=CARTESIAN_POINT('Origin',(102.,1.35000000000001,0.));
#7495=CARTESIAN_POINT('',(102.375,1.35000000000001,1.15));
#7496=CARTESIAN_POINT('Origin',(102.75,3.50000000000001,1.15));
#7497=CARTESIAN_POINT('Origin',(5.65,69.,0.));
#7498=CARTESIAN_POINT('',(5.65,68.85,1.15));
#7499=CARTESIAN_POINT('',(5.65,68.85,0.));
#7500=CARTESIAN_POINT('',(5.65,70.65,1.15));
#7501=CARTESIAN_POINT('',(5.65,69.375,1.15));
#7502=CARTESIAN_POINT('',(5.65,70.65,0.));
#7503=CARTESIAN_POINT('Origin',(1.49999999999999,68.85,0.));
#7504=CARTESIAN_POINT('',(1.34999999999999,68.85,1.15));
#7505=CARTESIAN_POINT('',(1.34999999999999,68.85,0.));
#7506=CARTESIAN_POINT('',(2.5,68.85,1.15));
#7507=CARTESIAN_POINT('Origin',(1.34999999999999,70.5,0.));
#7508=CARTESIAN_POINT('',(1.34999999999999,70.65,1.15));
#7509=CARTESIAN_POINT('',(1.34999999999999,70.65,0.));
#7510=CARTESIAN_POINT('',(1.34999999999999,70.125,1.15));
#7511=CARTESIAN_POINT('Origin',(5.5,70.65,0.));
#7512=CARTESIAN_POINT('',(4.5,70.65,1.15));
#7513=CARTESIAN_POINT('Origin',(3.5,69.75,1.15));
#7514=CARTESIAN_POINT('Origin',(101.85,66.5,0.));
#7515=CARTESIAN_POINT('',(101.85,66.65,1.15));
#7516=CARTESIAN_POINT('',(101.85,66.65,0.));
#7517=CARTESIAN_POINT('',(101.85,62.35,1.15));
#7518=CARTESIAN_POINT('',(101.85,65.5,1.15));
#7519=CARTESIAN_POINT('',(101.85,62.35,0.));
#7520=CARTESIAN_POINT('Origin',(103.5,66.65,0.));
#7521=CARTESIAN_POINT('',(103.65,66.65,1.15));
#7522=CARTESIAN_POINT('',(103.65,66.65,0.));
#7523=CARTESIAN_POINT('',(103.125,66.65,1.15));
#7524=CARTESIAN_POINT('Origin',(103.65,62.5,0.));
#7525=CARTESIAN_POINT('',(103.65,62.35,1.15));
#7526=CARTESIAN_POINT('',(103.65,62.35,0.));
#7527=CARTESIAN_POINT('',(103.65,63.5,1.15));
#7528=CARTESIAN_POINT('Origin',(102.,62.35,0.));
#7529=CARTESIAN_POINT('',(102.375,62.35,1.15));
#7530=CARTESIAN_POINT('Origin',(102.75,64.5,1.15));
#7531=CARTESIAN_POINT('Origin',(52.65,-2.5,0.));
#7532=CARTESIAN_POINT('',(52.65,-2.65,1.15));
#7533=CARTESIAN_POINT('',(52.65,-2.65,0.));
#7534=CARTESIAN_POINT('',(52.65,-0.849999999999996,1.15));
#7535=CARTESIAN_POINT('',(52.65,-2.125,1.15));
#7536=CARTESIAN_POINT('',(52.65,-0.849999999999996,0.));
#7537=CARTESIAN_POINT('Origin',(48.5,-2.65,0.));
#7538=CARTESIAN_POINT('',(48.35,-2.65,1.15));
#7539=CARTESIAN_POINT('',(48.35,-2.65,0.));
#7540=CARTESIAN_POINT('',(49.5,-2.65,1.15));
#7541=CARTESIAN_POINT('Origin',(48.35,-0.999999999999996,0.));
#7542=CARTESIAN_POINT('',(48.35,-0.849999999999996,1.15));
#7543=CARTESIAN_POINT('',(48.35,-0.849999999999996,0.));
#7544=CARTESIAN_POINT('',(48.35,-1.375,1.15));
#7545=CARTESIAN_POINT('Origin',(52.5,-0.849999999999996,0.));
#7546=CARTESIAN_POINT('',(51.5,-0.849999999999996,1.15));
#7547=CARTESIAN_POINT('Origin',(50.5,-1.75,1.15));
#7548=CARTESIAN_POINT('Origin',(-2.77000000000002,66.5,0.));
#7549=CARTESIAN_POINT('',(-2.77000000000002,66.77,1.15));
#7550=CARTESIAN_POINT('',(-2.77000000000002,66.77,0.));
#7551=CARTESIAN_POINT('',(-2.77000000000002,62.35,1.15));
#7552=CARTESIAN_POINT('',(-2.77000000000002,65.5,1.15));
#7553=CARTESIAN_POINT('',(-2.77000000000002,62.35,0.));
#7554=CARTESIAN_POINT('Origin',(-0.999999999999996,66.77,0.));
#7555=CARTESIAN_POINT('',(-0.849999999999996,66.77,1.15));
#7556=CARTESIAN_POINT('',(-0.849999999999996,66.77,0.));
#7557=CARTESIAN_POINT('',(-1.375,66.77,1.15));
#7558=CARTESIAN_POINT('Origin',(-0.849999999999996,62.5,0.));
#7559=CARTESIAN_POINT('',(-0.849999999999996,62.35,1.15));
#7560=CARTESIAN_POINT('',(-0.849999999999996,62.35,0.));
#7561=CARTESIAN_POINT('',(-0.849999999999996,63.5,1.15));
#7562=CARTESIAN_POINT('Origin',(-2.50000000000002,62.35,0.));
#7563=CARTESIAN_POINT('',(-2.12500000000001,62.35,1.15));
#7564=CARTESIAN_POINT('Origin',(-1.75000000000001,64.5,1.15));
#7565=CARTESIAN_POINT('Origin',(5.65,-2.5,0.));
#7566=CARTESIAN_POINT('',(5.65,-2.65,1.15));
#7567=CARTESIAN_POINT('',(5.65,-2.65,0.));
#7568=CARTESIAN_POINT('',(5.65,-0.849999999999996,1.15));
#7569=CARTESIAN_POINT('',(5.65,-2.125,1.15));
#7570=CARTESIAN_POINT('',(5.65,-0.849999999999996,0.));
#7571=CARTESIAN_POINT('Origin',(1.49999999999999,-2.65,0.));
#7572=CARTESIAN_POINT('',(1.34999999999999,-2.65,1.15));
#7573=CARTESIAN_POINT('',(1.34999999999999,-2.65,0.));
#7574=CARTESIAN_POINT('',(2.5,-2.65,1.15));
#7575=CARTESIAN_POINT('Origin',(1.34999999999999,-0.999999999999996,0.));
#7576=CARTESIAN_POINT('',(1.34999999999999,-0.849999999999996,1.15));
#7577=CARTESIAN_POINT('',(1.34999999999999,-0.849999999999996,0.));
#7578=CARTESIAN_POINT('',(1.34999999999999,-1.375,1.15));
#7579=CARTESIAN_POINT('Origin',(5.5,-0.849999999999996,0.));
#7580=CARTESIAN_POINT('',(4.5,-0.849999999999996,1.15));
#7581=CARTESIAN_POINT('Origin',(3.5,-1.75,1.15));
#7582=CARTESIAN_POINT('Origin',(102.,31.85,0.));
#7583=CARTESIAN_POINT('',(101.85,31.85,1.15));
#7584=CARTESIAN_POINT('',(101.85,31.85,0.));
#7585=CARTESIAN_POINT('',(103.65,31.85,1.15));
#7586=CARTESIAN_POINT('',(102.375,31.85,1.15));
#7587=CARTESIAN_POINT('',(103.65,31.85,0.));
#7588=CARTESIAN_POINT('Origin',(101.85,36.,0.));
#7589=CARTESIAN_POINT('',(101.85,36.15,1.15));
#7590=CARTESIAN_POINT('',(101.85,36.15,0.));
#7591=CARTESIAN_POINT('',(101.85,35.,1.15));
#7592=CARTESIAN_POINT('Origin',(103.5,36.15,0.));
#7593=CARTESIAN_POINT('',(103.65,36.15,1.15));
#7594=CARTESIAN_POINT('',(103.65,36.15,0.));
#7595=CARTESIAN_POINT('',(103.125,36.15,1.15));
#7596=CARTESIAN_POINT('Origin',(103.65,32.,0.));
#7597=CARTESIAN_POINT('',(103.65,33.,1.15));
#7598=CARTESIAN_POINT('Origin',(102.75,34.,1.15));
#7599=CARTESIAN_POINT('Origin',(48.35,70.5,0.));
#7600=CARTESIAN_POINT('',(48.35,70.65,1.15));
#7601=CARTESIAN_POINT('',(48.35,70.65,0.));
#7602=CARTESIAN_POINT('',(48.35,68.85,1.15));
#7603=CARTESIAN_POINT('',(48.35,70.125,1.15));
#7604=CARTESIAN_POINT('',(48.35,68.85,0.));
#7605=CARTESIAN_POINT('Origin',(52.5,70.65,0.));
#7606=CARTESIAN_POINT('',(52.65,70.65,1.15));
#7607=CARTESIAN_POINT('',(52.65,70.65,0.));
#7608=CARTESIAN_POINT('',(51.5,70.65,1.15));
#7609=CARTESIAN_POINT('Origin',(52.65,69.,0.));
#7610=CARTESIAN_POINT('',(52.65,68.85,1.15));
#7611=CARTESIAN_POINT('',(52.65,68.85,0.));
#7612=CARTESIAN_POINT('',(52.65,69.375,1.15));
#7613=CARTESIAN_POINT('Origin',(48.5,68.85,0.));
#7614=CARTESIAN_POINT('',(49.5,68.85,1.15));
#7615=CARTESIAN_POINT('Origin',(50.5,69.75,1.15));
#7616=CARTESIAN_POINT('Origin',(-3.28349364905389,64.5,15.));
#7617=CARTESIAN_POINT('',(-3.06698729810778,66.,15.));
#7618=CARTESIAN_POINT('',(-3.28349364905389,66.125,15.));
#7619=CARTESIAN_POINT('Origin',(-3.06698729810778,64.5,15.));
#7620=CARTESIAN_POINT('Origin',(-1.75,64.5,15.));
#7621=CARTESIAN_POINT('',(0.,66.,15.));
#7622=CARTESIAN_POINT('',(-1.75,66.,15.));
#7623=CARTESIAN_POINT('Origin',(0.,64.5,15.));
#7624=CARTESIAN_POINT('Origin',(2.5,25.7,6.3));
#7625=CARTESIAN_POINT('',(3.85,25.7,6.3));
#7626=CARTESIAN_POINT('Origin',(2.5,25.7,6.3));
#7627=CARTESIAN_POINT('Origin',(2.5,42.3,6.3));
#7628=CARTESIAN_POINT('',(3.85,42.3,6.3));
#7629=CARTESIAN_POINT('Origin',(2.5,42.3,6.3));
#7630=CARTESIAN_POINT('Origin',(2.5,42.3,10.725));
#7631=CARTESIAN_POINT('',(3.85,42.3,12.3));
#7632=CARTESIAN_POINT('',(3.85,42.3,10.725));
#7633=CARTESIAN_POINT('Origin',(2.5,42.3,12.3));
#7634=CARTESIAN_POINT('Origin',(2.5,25.7,10.725));
#7635=CARTESIAN_POINT('',(3.85,25.7,12.3));
#7636=CARTESIAN_POINT('',(3.85,25.7,10.725));
#7637=CARTESIAN_POINT('Origin',(2.5,25.7,12.3));
#7638=CARTESIAN_POINT('Origin',(26.5,34.,6.8));
#7639=CARTESIAN_POINT('',(26.5,62.,8.8));
#7640=CARTESIAN_POINT('',(26.5,6.,8.8));
#7641=CARTESIAN_POINT('',(26.5,6.,8.8));
#7642=CARTESIAN_POINT('',(26.5,6.,4.8));
#7643=CARTESIAN_POINT('',(26.5,6.,5.8));
#7644=CARTESIAN_POINT('',(26.5,62.,4.8));
#7645=CARTESIAN_POINT('',(26.5,62.,4.8));
#7646=CARTESIAN_POINT('',(26.5,62.,5.8));
#7647=CARTESIAN_POINT('Origin',(18.,6.,4.8));
#7648=CARTESIAN_POINT('',(18.,21.1999999999951,8.8));
#7649=CARTESIAN_POINT('',(18.,46.7999999999951,8.8));
#7650=CARTESIAN_POINT('',(18.,34.,8.8));
#7651=CARTESIAN_POINT('',(18.,46.7999999999951,14.));
#7652=CARTESIAN_POINT('',(18.,46.7999999999951,8.8));
#7653=CARTESIAN_POINT('',(18.,45.4,14.));
#7654=CARTESIAN_POINT('',(18.,21.1999999999951,14.));
#7655=CARTESIAN_POINT('',(18.,45.4,12.3));
#7656=CARTESIAN_POINT('',(18.,45.4,6.8));
#7657=CARTESIAN_POINT('',(18.,22.6,12.3));
#7658=CARTESIAN_POINT('',(18.,21.1999999999951,12.3));
#7659=CARTESIAN_POINT('',(18.,22.6,14.));
#7660=CARTESIAN_POINT('',(18.,22.6,6.8));
#7661=CARTESIAN_POINT('',(18.,21.1999999999951,14.));
#7662=CARTESIAN_POINT('',(18.,21.1999999999951,14.));
#7663=CARTESIAN_POINT('',(18.,21.1999999999951,8.8));
#7664=CARTESIAN_POINT('Origin',(6.,62.,4.8));
#7665=CARTESIAN_POINT('',(31.5,62.,4.8));
#7666=CARTESIAN_POINT('',(95.,62.,4.8));
#7667=CARTESIAN_POINT('',(31.5,62.,5.9));
#7668=CARTESIAN_POINT('',(31.5,62.,4.8));
#7669=CARTESIAN_POINT('',(89.5,62.,5.9));
#7670=CARTESIAN_POINT('',(36.125,62.,5.9));
#7671=CARTESIAN_POINT('',(89.5,62.,4.8));
#7672=CARTESIAN_POINT('',(89.5,62.,4.8));
#7673=CARTESIAN_POINT('',(95.,62.,4.8));
#7674=CARTESIAN_POINT('',(95.,62.,4.8));
#7675=CARTESIAN_POINT('',(95.,62.,8.8));
#7676=CARTESIAN_POINT('',(95.,62.,4.8));
#7677=CARTESIAN_POINT('',(95.,62.,8.8));
#7678=CARTESIAN_POINT('Origin',(6.,22.6,8.8));
#7679=CARTESIAN_POINT('',(1.42745395878113E-33,22.6,12.3));
#7680=CARTESIAN_POINT('',(4.5,22.6,12.3));
#7681=CARTESIAN_POINT('',(2.93137866535442E-33,22.6,14.));
#7682=CARTESIAN_POINT('',(0.,22.6,4.4));
#7683=CARTESIAN_POINT('',(4.5,22.6,14.));
#7684=CARTESIAN_POINT('Origin',(-4.8572861316004E-17,21.2000000000011,8.8));
#7685=CARTESIAN_POINT('',(-4.8572861316004E-17,21.2000000000011,8.8));
#7686=CARTESIAN_POINT('',(25.2499999999936,21.1999999999757,8.8));
#7687=CARTESIAN_POINT('',(-4.8572861316004E-17,21.2000000000011,14.));
#7688=CARTESIAN_POINT('',(-4.8572861316004E-17,21.2000000000011,14.));
#7689=CARTESIAN_POINT('',(0.,21.2000000000011,4.4));
#7690=CARTESIAN_POINT('Origin',(3.,22.1999999999975,14.));
#7691=CARTESIAN_POINT('',(0.,11.0999999999988,14.));
#7692=CARTESIAN_POINT('Origin',(0.,0.,0.));
#7693=CARTESIAN_POINT('',(7.23923079096143E-33,45.4,12.3));
#7694=CARTESIAN_POINT('',(0.,17.,12.3));
#7695=CARTESIAN_POINT('',(5.73530608438839E-33,45.4,14.));
#7696=CARTESIAN_POINT('',(0.,45.4,4.4));
#7697=CARTESIAN_POINT('',(1.50573937315921E-15,46.8000000000011,14.));
#7698=CARTESIAN_POINT('',(0.,22.9000000000003,14.));
#7699=CARTESIAN_POINT('',(1.50573937315921E-15,46.8000000000011,8.8));
#7700=CARTESIAN_POINT('',(0.,46.8000000000011,4.4));
#7701=CARTESIAN_POINT('',(0.,68.,8.8));
#7702=CARTESIAN_POINT('',(3.46667389989702E-32,68.,8.8));
#7703=CARTESIAN_POINT('',(3.46667389989702E-32,68.,29.));
#7704=CARTESIAN_POINT('',(3.46667389989702E-32,68.,0.));
#7705=CARTESIAN_POINT('',(0.,0.,29.));
#7706=CARTESIAN_POINT('',(0.,17.,29.));
#7707=CARTESIAN_POINT('',(0.,0.,8.8));
#7708=CARTESIAN_POINT('',(0.,0.,0.));
#7709=CARTESIAN_POINT('',(3.46667389989702E-32,68.,8.8));
#7710=CARTESIAN_POINT('',(7.83825164866422E-33,30.75,17.05));
#7711=CARTESIAN_POINT('',(9.49511785082089E-33,37.25,17.05));
#7712=CARTESIAN_POINT('',(0.,18.625,17.05));
#7713=CARTESIAN_POINT('',(9.90296183904407E-33,38.85,15.45));
#7714=CARTESIAN_POINT('Origin',(0.,37.25,15.45));
#7715=CARTESIAN_POINT('',(9.90296183904407E-33,38.85,14.55));
#7716=CARTESIAN_POINT('',(0.,38.85,7.27499999999991));
#7717=CARTESIAN_POINT('',(9.49511785082089E-33,37.25,12.95));
#7718=CARTESIAN_POINT('Origin',(0.,37.25,14.55));
#7719=CARTESIAN_POINT('',(7.83825164866423E-33,30.75,12.95));
#7720=CARTESIAN_POINT('',(0.,15.375,12.95));
#7721=CARTESIAN_POINT('',(7.43040766044105E-33,29.15,14.55));
#7722=CARTESIAN_POINT('Origin',(0.,30.75,14.55));
#7723=CARTESIAN_POINT('',(7.43040766044105E-33,29.15,15.45));
#7724=CARTESIAN_POINT('',(0.,29.15,7.72500000000008));
#7725=CARTESIAN_POINT('Origin',(0.,30.75,15.45));
#7726=CARTESIAN_POINT('Origin',(1.38430872984077E-15,45.4,8.8));
#7727=CARTESIAN_POINT('',(1.5,45.4,12.3));
#7728=CARTESIAN_POINT('',(1.5,45.4,14.));
#7729=CARTESIAN_POINT('Origin',(6.,46.7999999999951,8.8));
#7730=CARTESIAN_POINT('',(6.,46.7999999999951,8.8));
#7731=CARTESIAN_POINT('',(6.,46.7999999999951,14.));
#7732=CARTESIAN_POINT('Origin',(3.,45.8000000000005,14.));
#7733=CARTESIAN_POINT('Origin',(50.5,34.,8.8));
#7734=CARTESIAN_POINT('',(101.,0.,8.8));
#7735=CARTESIAN_POINT('',(0.,0.,8.8));
#7736=CARTESIAN_POINT('',(101.,68.,8.8));
#7737=CARTESIAN_POINT('',(101.,-5.39260384428426E-32,8.8));
#7738=CARTESIAN_POINT('',(101.,68.,8.8));
#7739=CARTESIAN_POINT('',(95.,6.,8.8));
#7740=CARTESIAN_POINT('',(95.,6.,8.8));
#7741=CARTESIAN_POINT('',(6.,6.,8.8));
#7742=CARTESIAN_POINT('',(4.85,3.50000000000001,8.8));
#7743=CARTESIAN_POINT('Origin',(3.5,3.50000000000001,8.8));
#7744=CARTESIAN_POINT('',(98.85,3.5,8.8));
#7745=CARTESIAN_POINT('Origin',(97.5,3.5,8.8));
#7746=CARTESIAN_POINT('',(98.85,64.5,8.8));
#7747=CARTESIAN_POINT('Origin',(97.5,64.5,8.8));
#7748=CARTESIAN_POINT('',(4.85,64.5,8.8));
#7749=CARTESIAN_POINT('Origin',(3.5,64.5,8.8));
#7750=CARTESIAN_POINT('Origin',(3.,34.,12.3));
#7751=CARTESIAN_POINT('Origin',(-3.5,37.25,17.05));
#7752=CARTESIAN_POINT('',(-3.5,37.25,17.05));
#7753=CARTESIAN_POINT('',(-3.5,30.75,17.05));
#7754=CARTESIAN_POINT('Origin',(-3.5,37.25,15.45));
#7755=CARTESIAN_POINT('',(-3.5,38.85,15.45));
#7756=CARTESIAN_POINT('Origin',(-3.5,38.85,14.55));
#7757=CARTESIAN_POINT('',(-3.5,38.85,14.55));
#7758=CARTESIAN_POINT('Origin',(-3.5,37.25,14.55));
#7759=CARTESIAN_POINT('',(-3.5,37.25,12.95));
#7760=CARTESIAN_POINT('Origin',(-3.5,30.75,12.95));
#7761=CARTESIAN_POINT('',(-3.5,30.75,12.95));
#7762=CARTESIAN_POINT('Origin',(-3.5,30.75,14.55));
#7763=CARTESIAN_POINT('',(-3.5,29.15,14.55));
#7764=CARTESIAN_POINT('Origin',(-3.5,29.15,15.45));
#7765=CARTESIAN_POINT('',(-3.5,29.15,15.45));
#7766=CARTESIAN_POINT('Origin',(-3.5,30.75,15.45));
#7767=CARTESIAN_POINT('Origin',(14.,70.75,17.));
#7768=CARTESIAN_POINT('',(14.,70.75,24.25));
#7769=CARTESIAN_POINT('Origin',(14.,70.75,25.));
#7770=CARTESIAN_POINT('',(14.,70.75,9.75));
#7771=CARTESIAN_POINT('Origin',(14.,70.75,17.));
#7772=CARTESIAN_POINT('Origin',(14.,70.75,17.));
#7773=CARTESIAN_POINT('Origin',(14.,70.5,17.));
#7774=CARTESIAN_POINT('',(14.,69.5,9.75));
#7775=CARTESIAN_POINT('',(14.,70.5,9.75));
#7776=CARTESIAN_POINT('Origin',(14.,69.5,17.));
#7777=CARTESIAN_POINT('Origin',(14.,69.5,17.));
#7778=CARTESIAN_POINT('',(14.,69.5,10.9));
#7779=CARTESIAN_POINT('Origin',(14.,69.5,17.));
#7780=CARTESIAN_POINT('Origin',(14.,66.5,17.));
#7781=CARTESIAN_POINT('',(14.,68.,10.9));
#7782=CARTESIAN_POINT('',(14.,66.5,10.9));
#7783=CARTESIAN_POINT('Origin',(14.,68.,17.));
#7784=CARTESIAN_POINT('Origin',(3.5,64.5,7.8));
#7785=CARTESIAN_POINT('',(6.8,64.5,7.8));
#7786=CARTESIAN_POINT('Origin',(3.5,64.5,7.8));
#7787=CARTESIAN_POINT('',(4.85,64.5,7.8));
#7788=CARTESIAN_POINT('Origin',(3.5,64.5,7.8));
#7789=CARTESIAN_POINT('Origin',(3.5,64.5,3.9));
#7790=CARTESIAN_POINT('',(6.8,64.5,4.8));
#7791=CARTESIAN_POINT('Origin',(3.5,64.5,4.8));
#7792=CARTESIAN_POINT('',(6.8,64.5,3.9));
#7793=CARTESIAN_POINT('Origin',(3.5,64.5,4.4));
#7794=CARTESIAN_POINT('',(4.85,64.5,4.4));
#7795=CARTESIAN_POINT('Origin',(97.5,64.5,7.8));
#7796=CARTESIAN_POINT('',(100.8,64.5,7.8));
#7797=CARTESIAN_POINT('Origin',(97.5,64.5,7.8));
#7798=CARTESIAN_POINT('',(98.85,64.5,7.8));
#7799=CARTESIAN_POINT('Origin',(97.5,64.5,7.8));
#7800=CARTESIAN_POINT('Origin',(97.5,64.5,3.9));
#7801=CARTESIAN_POINT('',(100.8,64.5,4.8));
#7802=CARTESIAN_POINT('Origin',(97.5,64.5,4.8));
#7803=CARTESIAN_POINT('',(100.8,64.5,3.9));
#7804=CARTESIAN_POINT('Origin',(97.5,64.5,4.4));
#7805=CARTESIAN_POINT('',(98.85,64.5,4.4));
#7806=CARTESIAN_POINT('Origin',(97.5,3.5,7.8));
#7807=CARTESIAN_POINT('',(100.8,3.5,7.8));
#7808=CARTESIAN_POINT('Origin',(97.5,3.5,7.8));
#7809=CARTESIAN_POINT('',(98.85,3.5,7.8));
#7810=CARTESIAN_POINT('Origin',(97.5,3.5,7.8));
#7811=CARTESIAN_POINT('Origin',(97.5,3.5,3.9));
#7812=CARTESIAN_POINT('',(100.8,3.5,4.8));
#7813=CARTESIAN_POINT('Origin',(97.5,3.5,4.8));
#7814=CARTESIAN_POINT('',(100.8,3.5,3.9));
#7815=CARTESIAN_POINT('Origin',(97.5,3.5,4.4));
#7816=CARTESIAN_POINT('',(98.85,3.5,4.4));
#7817=CARTESIAN_POINT('Origin',(3.5,3.50000000000001,7.8));
#7818=CARTESIAN_POINT('',(6.8,3.50000000000001,7.8));
#7819=CARTESIAN_POINT('Origin',(3.5,3.50000000000001,7.8));
#7820=CARTESIAN_POINT('',(4.85,3.50000000000001,7.8));
#7821=CARTESIAN_POINT('Origin',(3.5,3.50000000000001,7.8));
#7822=CARTESIAN_POINT('Origin',(3.5,3.50000000000001,3.9));
#7823=CARTESIAN_POINT('',(6.8,3.50000000000001,4.8));
#7824=CARTESIAN_POINT('Origin',(3.5,3.50000000000001,4.8));
#7825=CARTESIAN_POINT('',(6.8,3.50000000000001,3.9));
#7826=CARTESIAN_POINT('Origin',(3.5,3.50000000000001,4.4));
#7827=CARTESIAN_POINT('',(4.85,3.50000000000001,4.4));
#7828=CARTESIAN_POINT('Origin',(50.5,34.,29.));
#7829=CARTESIAN_POINT('',(101.,68.,29.));
#7830=CARTESIAN_POINT('',(25.25,68.,29.));
#7831=CARTESIAN_POINT('',(101.,-5.39260384428426E-32,29.));
#7832=CARTESIAN_POINT('',(101.,51.,29.));
#7833=CARTESIAN_POINT('',(75.75,0.,29.));
#7834=CARTESIAN_POINT('Origin',(0.,68.,0.));
#7835=CARTESIAN_POINT('',(101.,68.,0.));
#7836=CARTESIAN_POINT('Origin',(101.,-5.39260384428426E-32,0.));
#7837=CARTESIAN_POINT('',(101.,-5.39260384428426E-32,0.));
#7838=CARTESIAN_POINT('Origin',(101.,-0.2,0.));
#7839=CARTESIAN_POINT('',(-0.199999999999997,-0.2,4.8));
#7840=CARTESIAN_POINT('',(101.2,-0.199999999999999,4.8));
#7841=CARTESIAN_POINT('',(75.75,-0.2,4.8));
#7842=CARTESIAN_POINT('',(101.2,-0.199999999999996,0.));
#7843=CARTESIAN_POINT('',(-0.199999999999996,-0.2,0.));
#7844=CARTESIAN_POINT('Origin',(101.,68.,0.));
#7845=CARTESIAN_POINT('Origin',(101.2,68.,0.));
#7846=CARTESIAN_POINT('',(101.2,19.,4.8));
#7847=CARTESIAN_POINT('',(101.2,51.,4.8));
#7848=CARTESIAN_POINT('',(101.2,19.,5.9));
#7849=CARTESIAN_POINT('',(101.2,19.,2.4));
#7850=CARTESIAN_POINT('',(101.2,49.,5.9));
#7851=CARTESIAN_POINT('',(101.2,55.75,5.9));
#7852=CARTESIAN_POINT('',(101.2,49.,4.8));
#7853=CARTESIAN_POINT('',(101.2,49.,2.4));
#7854=CARTESIAN_POINT('',(101.2,68.2,4.8));
#7855=CARTESIAN_POINT('',(101.2,51.,4.8));
#7856=CARTESIAN_POINT('',(101.2,68.2,0.));
#7857=CARTESIAN_POINT('Origin',(0.,68.2,0.));
#7858=CARTESIAN_POINT('',(31.5,68.2,4.8));
#7859=CARTESIAN_POINT('',(-0.199999999999999,68.2,4.8));
#7860=CARTESIAN_POINT('',(25.25,68.2,4.8));
#7861=CARTESIAN_POINT('',(-0.2,68.2,0.));
#7862=CARTESIAN_POINT('',(89.5,68.2,4.8));
#7863=CARTESIAN_POINT('',(25.25,68.2,4.8));
#7864=CARTESIAN_POINT('',(89.5,68.2,5.9));
#7865=CARTESIAN_POINT('',(89.5,68.2,2.4));
#7866=CARTESIAN_POINT('',(31.5,68.2,5.9));
#7867=CARTESIAN_POINT('',(33.125,68.2,5.9));
#7868=CARTESIAN_POINT('',(31.5,68.2,2.4));
#7869=CARTESIAN_POINT('Origin',(-0.2,1.01960997055795E-34,0.));
#7870=CARTESIAN_POINT('',(-0.199999999999996,17.,4.8));
#7871=CARTESIAN_POINT('Origin',(95.0000014156103,19.,4.8));
#7872=CARTESIAN_POINT('',(95.0000014156103,19.,4.8));
#7873=CARTESIAN_POINT('',(72.7500007078052,19.,4.8));
#7874=CARTESIAN_POINT('',(95.0000014156103,19.,5.9));
#7875=CARTESIAN_POINT('',(95.,19.,4.8));
#7876=CARTESIAN_POINT('',(80.6250007078052,19.,5.9));
#7877=CARTESIAN_POINT('Origin',(101.,49.,4.8));
#7878=CARTESIAN_POINT('',(95.0000014156103,49.,4.8));
#7879=CARTESIAN_POINT('',(75.75,49.,4.8));
#7880=CARTESIAN_POINT('',(95.0000014156103,49.,5.9));
#7881=CARTESIAN_POINT('',(83.625,49.,5.9));
#7882=CARTESIAN_POINT('',(95.,49.,4.8));
#7883=CARTESIAN_POINT('Origin',(66.25,43.5,5.9));
#7884=CARTESIAN_POINT('',(95.,52.75,5.9));
#7885=CARTESIAN_POINT('Origin',(31.5,68.,4.8));
#7886=CARTESIAN_POINT('',(31.5,51.,4.8));
#7887=CARTESIAN_POINT('',(31.5,55.75,5.9));
#7888=CARTESIAN_POINT('Origin',(89.5,62.,4.8));
#7889=CARTESIAN_POINT('',(89.5,48.,4.8));
#7890=CARTESIAN_POINT('',(89.5,52.75,5.9));
#7891=CARTESIAN_POINT('Origin',(66.25,43.5,5.9));
#7892=CARTESIAN_POINT('Origin',(95.,62.,4.8));
#7893=CARTESIAN_POINT('',(95.,6.,4.8));
#7894=CARTESIAN_POINT('',(95.,6.,4.8));
#7895=CARTESIAN_POINT('',(95.,6.,4.8));
#7896=CARTESIAN_POINT('',(95.,6.,4.8));
#7897=CARTESIAN_POINT('Origin',(50.5,34.,4.8));
#7898=CARTESIAN_POINT('',(6.,6.,4.8));
#7899=CARTESIAN_POINT('Origin',(50.5,34.,4.8));
#7900=CARTESIAN_POINT('Origin',(95.,6.,4.8));
#7901=CARTESIAN_POINT('Origin',(100.,67.,30.));
#7902=CARTESIAN_POINT('',(102.75,67.,29.));
#7903=CARTESIAN_POINT('',(100.,69.75,29.));
#7904=CARTESIAN_POINT('Origin',(100.,67.,29.));
#7905=CARTESIAN_POINT('',(100.,69.75,30.));
#7906=CARTESIAN_POINT('',(100.,69.75,30.));
#7907=CARTESIAN_POINT('',(102.75,67.,30.));
#7908=CARTESIAN_POINT('Origin',(100.,67.,30.));
#7909=CARTESIAN_POINT('',(102.75,67.,30.));
#7910=CARTESIAN_POINT('Origin',(50.5,34.,29.));
#7911=CARTESIAN_POINT('',(102.75,1.,29.));
#7912=CARTESIAN_POINT('',(102.75,-1.75,29.));
#7913=CARTESIAN_POINT('',(100.,-1.75,29.));
#7914=CARTESIAN_POINT('Origin',(100.,1.,29.));
#7915=CARTESIAN_POINT('',(0.999999999999997,-1.75,29.));
#7916=CARTESIAN_POINT('',(-1.75,-1.75,29.));
#7917=CARTESIAN_POINT('',(-1.75,0.999999999999996,29.));
#7918=CARTESIAN_POINT('Origin',(0.999999999999996,1.,29.));
#7919=CARTESIAN_POINT('',(-1.75000000000001,67.,29.));
#7920=CARTESIAN_POINT('',(-1.75000000000001,69.75,29.));
#7921=CARTESIAN_POINT('',(0.999999999999996,69.75,29.));
#7922=CARTESIAN_POINT('Origin',(0.999999999999993,67.,29.));
#7923=CARTESIAN_POINT('',(102.75,69.75,29.));
#7924=CARTESIAN_POINT('',(0.,0.,29.));
#7925=CARTESIAN_POINT('',(101.,0.,29.));
#7926=CARTESIAN_POINT('',(75.75,0.,29.));
#7927=CARTESIAN_POINT('',(101.,68.,29.));
#7928=CARTESIAN_POINT('',(101.,51.,29.));
#7929=CARTESIAN_POINT('',(3.46667389989702E-32,68.,29.));
#7930=CARTESIAN_POINT('',(25.25,68.,29.));
#7931=CARTESIAN_POINT('',(0.,17.,29.));
#7932=CARTESIAN_POINT('Origin',(102.75,69.75,30.));
#7933=CARTESIAN_POINT('',(102.75,1.,30.));
#7934=CARTESIAN_POINT('',(102.75,-1.75,30.));
#7935=CARTESIAN_POINT('',(102.75,1.,30.));
#7936=CARTESIAN_POINT('Origin',(100.,1.,30.));
#7937=CARTESIAN_POINT('',(100.,-1.75,30.));
#7938=CARTESIAN_POINT('Origin',(100.,1.,30.));
#7939=CARTESIAN_POINT('',(100.,-1.75,30.));
#7940=CARTESIAN_POINT('Origin',(0.999999999999993,67.,30.));
#7941=CARTESIAN_POINT('',(-1.75000000000001,67.,30.));
#7942=CARTESIAN_POINT('',(-1.75000000000001,67.,30.));
#7943=CARTESIAN_POINT('',(0.999999999999996,69.75,30.));
#7944=CARTESIAN_POINT('Origin',(0.999999999999993,67.,30.));
#7945=CARTESIAN_POINT('',(0.999999999999993,69.75,30.));
#7946=CARTESIAN_POINT('Origin',(-1.75,-1.75,30.));
#7947=CARTESIAN_POINT('',(-1.75,0.999999999999996,30.));
#7948=CARTESIAN_POINT('',(-1.75,1.,30.));
#7949=CARTESIAN_POINT('',(-1.75000000000001,69.75,30.));
#7950=CARTESIAN_POINT('Origin',(0.999999999999996,1.,30.));
#7951=CARTESIAN_POINT('',(0.999999999999997,-1.75,30.));
#7952=CARTESIAN_POINT('',(0.999999999999996,-1.75,30.));
#7953=CARTESIAN_POINT('Origin',(0.999999999999996,1.,30.));
#7954=CARTESIAN_POINT('Origin',(102.75,-1.75,30.));
#7955=CARTESIAN_POINT('',(-1.75,-1.75,30.));
#7956=CARTESIAN_POINT('Origin',(62.6,25.388,29.));
#7957=CARTESIAN_POINT('',(63.35,25.388,29.5));
#7958=CARTESIAN_POINT('',(62.6,24.638,29.5));
#7959=CARTESIAN_POINT('Origin',(62.6,25.388,29.5));
#7960=CARTESIAN_POINT('',(63.35,25.388,29.));
#7961=CARTESIAN_POINT('',(63.35,25.388,29.));
#7962=CARTESIAN_POINT('',(62.6,24.638,29.));
#7963=CARTESIAN_POINT('Origin',(62.6,25.388,29.));
#7964=CARTESIAN_POINT('',(62.6,24.638,29.));
#7965=CARTESIAN_POINT('Origin',(63.35,24.838,29.));
#7966=CARTESIAN_POINT('',(63.35,48.15,29.5));
#7967=CARTESIAN_POINT('',(63.35,30.8035,29.5));
#7968=CARTESIAN_POINT('',(63.35,48.15,29.));
#7969=CARTESIAN_POINT('',(63.35,48.15,29.));
#7970=CARTESIAN_POINT('',(63.35,29.419,29.));
#7971=CARTESIAN_POINT('Origin',(38.7,48.15,29.));
#7972=CARTESIAN_POINT('',(37.95,48.15,29.5));
#7973=CARTESIAN_POINT('',(38.7,48.9,29.5));
#7974=CARTESIAN_POINT('Origin',(38.7,48.15,29.5));
#7975=CARTESIAN_POINT('',(37.95,48.15,29.));
#7976=CARTESIAN_POINT('',(37.95,48.15,29.));
#7977=CARTESIAN_POINT('',(38.7,48.9,29.));
#7978=CARTESIAN_POINT('Origin',(38.7,48.15,29.));
#7979=CARTESIAN_POINT('',(38.7,48.9,29.));
#7980=CARTESIAN_POINT('Origin',(37.95,48.7,29.));
#7981=CARTESIAN_POINT('',(37.95,25.388,29.5));
#7982=CARTESIAN_POINT('',(37.95,42.7345,29.5));
#7983=CARTESIAN_POINT('',(37.95,25.388,29.));
#7984=CARTESIAN_POINT('',(37.95,25.388,29.));
#7985=CARTESIAN_POINT('',(37.95,41.35,29.));
#7986=CARTESIAN_POINT('Origin',(38.7,25.388,29.));
#7987=CARTESIAN_POINT('',(38.7,24.638,29.5));
#7988=CARTESIAN_POINT('Origin',(38.7,25.388,29.5));
#7989=CARTESIAN_POINT('',(38.7,24.638,29.));
#7990=CARTESIAN_POINT('',(38.7,24.638,29.));
#7991=CARTESIAN_POINT('Origin',(38.7,25.388,29.));
#7992=CARTESIAN_POINT('Origin',(50.65,36.769,29.5));
#7993=CARTESIAN_POINT('',(44.4,24.638,29.5));
#7994=CARTESIAN_POINT('',(62.6,48.9,29.5));
#7995=CARTESIAN_POINT('',(56.9,48.9,29.5));
#7996=CARTESIAN_POINT('Origin',(62.6,48.15,29.5));
#7997=CARTESIAN_POINT('',(45.05,28.7,29.5));
#7998=CARTESIAN_POINT('',(45.05,47.2,29.5));
#7999=CARTESIAN_POINT('',(45.05,32.8345,29.5));
#8000=CARTESIAN_POINT('',(56.25,28.7,29.5));
#8001=CARTESIAN_POINT('',(53.35,28.7,29.5));
#8002=CARTESIAN_POINT('',(56.25,47.2,29.5));
#8003=CARTESIAN_POINT('',(56.25,41.8845,29.5));
#8004=CARTESIAN_POINT('',(47.95,47.2,29.5));
#8005=CARTESIAN_POINT('',(60.,34.2,29.5));
#8006=CARTESIAN_POINT('Origin',(61.15,34.2,29.5));
#8007=CARTESIAN_POINT('',(39.,46.7,29.5));
#8008=CARTESIAN_POINT('Origin',(40.15,46.7,29.5));
#8009=CARTESIAN_POINT('',(39.,34.2,29.5));
#8010=CARTESIAN_POINT('Origin',(40.15,34.2,29.5));
#8011=CARTESIAN_POINT('',(60.,46.7,29.5));
#8012=CARTESIAN_POINT('Origin',(61.15,46.7,29.5));
#8013=CARTESIAN_POINT('Origin',(62.6,48.15,29.));
#8014=CARTESIAN_POINT('',(62.6,48.9,29.));
#8015=CARTESIAN_POINT('',(62.6,48.9,29.));
#8016=CARTESIAN_POINT('Origin',(62.6,48.15,29.));
#8017=CARTESIAN_POINT('Origin',(3.5,64.5,28.5));
#8018=CARTESIAN_POINT('',(2.15,64.5,30.));
#8019=CARTESIAN_POINT('Origin',(3.5,64.5,30.));
#8020=CARTESIAN_POINT('',(2.15,64.5,29.));
#8021=CARTESIAN_POINT('',(2.15,64.5,28.5));
#8022=CARTESIAN_POINT('Origin',(3.5,64.5,29.));
#8023=CARTESIAN_POINT('Origin',(97.5,3.5,28.5));
#8024=CARTESIAN_POINT('',(96.15,3.5,30.));
#8025=CARTESIAN_POINT('Origin',(97.5,3.5,30.));
#8026=CARTESIAN_POINT('',(96.15,3.5,29.));
#8027=CARTESIAN_POINT('',(96.15,3.5,28.5));
#8028=CARTESIAN_POINT('Origin',(97.5,3.5,29.));
#8029=CARTESIAN_POINT('Origin',(3.5,3.50000000000001,28.5));
#8030=CARTESIAN_POINT('',(2.15,3.50000000000001,30.));
#8031=CARTESIAN_POINT('Origin',(3.5,3.50000000000001,30.));
#8032=CARTESIAN_POINT('',(2.15,3.50000000000001,29.));
#8033=CARTESIAN_POINT('',(2.15,3.50000000000001,28.5));
#8034=CARTESIAN_POINT('Origin',(3.5,3.50000000000001,29.));
#8035=CARTESIAN_POINT('Origin',(97.5,64.5,28.5));
#8036=CARTESIAN_POINT('',(96.15,64.5,30.));
#8037=CARTESIAN_POINT('Origin',(97.5,64.5,30.));
#8038=CARTESIAN_POINT('',(96.15,64.5,29.));
#8039=CARTESIAN_POINT('',(96.15,64.5,28.5));
#8040=CARTESIAN_POINT('Origin',(97.5,64.5,29.));
#8041=CARTESIAN_POINT('Origin',(63.15,48.9,29.));
#8042=CARTESIAN_POINT('',(56.825,48.9,29.));
#8043=CARTESIAN_POINT('Origin',(38.15,24.638,29.));
#8044=CARTESIAN_POINT('',(44.325,24.638,29.));
#8045=CARTESIAN_POINT('Origin',(56.05,28.7,30.));
#8046=CARTESIAN_POINT('',(45.05,28.7,30.));
#8047=CARTESIAN_POINT('',(45.05,28.7,30.));
#8048=CARTESIAN_POINT('',(56.25,28.7,30.));
#8049=CARTESIAN_POINT('',(53.275,28.7,30.));
#8050=CARTESIAN_POINT('',(56.25,28.7,30.));
#8051=CARTESIAN_POINT('Origin',(45.05,28.9,30.));
#8052=CARTESIAN_POINT('',(45.05,47.2,30.));
#8053=CARTESIAN_POINT('',(45.05,47.2,30.));
#8054=CARTESIAN_POINT('',(45.05,31.45,30.));
#8055=CARTESIAN_POINT('Origin',(45.25,47.2,30.));
#8056=CARTESIAN_POINT('',(56.25,47.2,30.));
#8057=CARTESIAN_POINT('',(56.25,47.2,30.));
#8058=CARTESIAN_POINT('',(47.875,47.2,30.));
#8059=CARTESIAN_POINT('Origin',(56.25,47.,30.));
#8060=CARTESIAN_POINT('',(56.25,40.5,30.));
#8061=CARTESIAN_POINT('Origin',(61.15,46.7,28.9));
#8062=CARTESIAN_POINT('',(60.,46.7,30.));
#8063=CARTESIAN_POINT('Origin',(61.15,46.7,30.));
#8064=CARTESIAN_POINT('',(60.,46.7,28.9));
#8065=CARTESIAN_POINT('Origin',(40.15,34.2,28.9));
#8066=CARTESIAN_POINT('',(39.,34.2,30.));
#8067=CARTESIAN_POINT('Origin',(40.15,34.2,30.));
#8068=CARTESIAN_POINT('',(39.,34.2,28.9));
#8069=CARTESIAN_POINT('Origin',(40.15,46.7,28.9));
#8070=CARTESIAN_POINT('',(39.,46.7,30.));
#8071=CARTESIAN_POINT('Origin',(40.15,46.7,30.));
#8072=CARTESIAN_POINT('',(39.,46.7,28.9));
#8073=CARTESIAN_POINT('Origin',(61.15,34.2,28.9));
#8074=CARTESIAN_POINT('',(60.,34.2,30.));
#8075=CARTESIAN_POINT('Origin',(61.15,34.2,30.));
#8076=CARTESIAN_POINT('',(60.,34.2,28.9));
#8077=CARTESIAN_POINT('Origin',(100.,0.999999999999996,29.));
#8078=CARTESIAN_POINT('',(100.,67.,29.));
#8079=CARTESIAN_POINT('',(100.,0.999999999999996,29.));
#8080=CARTESIAN_POINT('',(100.,17.5,29.));
#8081=CARTESIAN_POINT('',(100.,67.,28.));
#8082=CARTESIAN_POINT('',(100.,67.,29.));
#8083=CARTESIAN_POINT('',(100.,0.999999999999996,28.));
#8084=CARTESIAN_POINT('',(100.,67.,28.));
#8085=CARTESIAN_POINT('',(100.,0.999999999999996,29.));
#8086=CARTESIAN_POINT('Origin',(0.999999999999996,1.,29.));
#8087=CARTESIAN_POINT('',(0.999999999999996,1.,29.));
#8088=CARTESIAN_POINT('',(25.75,1.,29.));
#8089=CARTESIAN_POINT('',(0.999999999999996,0.999999999999996,28.));
#8090=CARTESIAN_POINT('',(100.,1.,28.));
#8091=CARTESIAN_POINT('',(0.999999999999996,1.,29.));
#8092=CARTESIAN_POINT('Origin',(1.,67.,29.));
#8093=CARTESIAN_POINT('',(1.,67.,29.));
#8094=CARTESIAN_POINT('',(1.00000000000001,50.5,29.));
#8095=CARTESIAN_POINT('',(1.,67.,28.));
#8096=CARTESIAN_POINT('',(0.999999999999996,1.,28.));
#8097=CARTESIAN_POINT('',(1.,67.,29.));
#8098=CARTESIAN_POINT('Origin',(100.,67.,29.));
#8099=CARTESIAN_POINT('',(75.25,67.,29.));
#8100=CARTESIAN_POINT('',(1.,67.,28.));
#8101=CARTESIAN_POINT('Origin',(101.,0.,29.));
#8102=CARTESIAN_POINT('',(0.,0.,28.));
#8103=CARTESIAN_POINT('',(0.,0.,29.));
#8104=CARTESIAN_POINT('',(101.,0.,28.));
#8105=CARTESIAN_POINT('',(0.,0.,28.));
#8106=CARTESIAN_POINT('',(101.,0.,29.));
#8107=CARTESIAN_POINT('Origin',(101.,68.,29.));
#8108=CARTESIAN_POINT('',(101.,68.,28.));
#8109=CARTESIAN_POINT('',(101.,68.,28.));
#8110=CARTESIAN_POINT('',(101.,68.,29.));
#8111=CARTESIAN_POINT('Origin',(3.46667389989702E-32,68.,29.));
#8112=CARTESIAN_POINT('',(0.,68.,28.));
#8113=CARTESIAN_POINT('',(3.46667389989702E-32,68.,28.));
#8114=CARTESIAN_POINT('',(3.46667389989702E-32,68.,29.));
#8115=CARTESIAN_POINT('Origin',(0.,0.,29.));
#8116=CARTESIAN_POINT('',(0.,0.,28.));
#8117=CARTESIAN_POINT('Origin',(50.5,34.,28.));
#8118=CARTESIAN_POINT('Origin',(-1.75000000000001,69.75,30.));
#8119=CARTESIAN_POINT('',(102.75,69.75,30.));
#8120=CARTESIAN_POINT('Origin',(50.5,34.,30.));
#8121=CARTESIAN_POINT('Origin',(50.5,34.,29.));
#8122=CARTESIAN_POINT('Origin',(50.65,34.3,30.));
#8123=CARTESIAN_POINT('',(32.65,34.3,37.));
#8124=CARTESIAN_POINT('Origin',(50.65,34.3,37.));
#8125=CARTESIAN_POINT('',(25.65,34.3,30.));
#8126=CARTESIAN_POINT('Origin',(32.65,34.3,30.));
#8127=CARTESIAN_POINT('Origin',(50.65,34.3,30.));
#8128=CARTESIAN_POINT('Origin',(50.65,34.3,37.));
#8129=CARTESIAN_POINT('',(65.5186935486366,34.3,37.));
#8130=CARTESIAN_POINT('Origin',(50.65,34.3,37.));
#8131=CARTESIAN_POINT('Origin',(61.15,46.7,32.));
#8132=CARTESIAN_POINT('',(62.3,46.7,30.));
#8133=CARTESIAN_POINT('Origin',(61.15,46.7,30.));
#8134=CARTESIAN_POINT('',(62.3,46.7,34.));
#8135=CARTESIAN_POINT('',(62.3,46.7,32.));
#8136=CARTESIAN_POINT('Origin',(61.15,46.7,34.));
#8137=CARTESIAN_POINT('Origin',(61.15,46.7,34.));
#8138=CARTESIAN_POINT('Origin',(40.15,34.2,32.));
#8139=CARTESIAN_POINT('',(41.3,34.2,30.));
#8140=CARTESIAN_POINT('Origin',(40.15,34.2,30.));
#8141=CARTESIAN_POINT('',(41.3,34.2,34.));
#8142=CARTESIAN_POINT('',(41.3,34.2,32.));
#8143=CARTESIAN_POINT('Origin',(40.15,34.2,34.));
#8144=CARTESIAN_POINT('Origin',(40.15,34.2,34.));
#8145=CARTESIAN_POINT('Origin',(61.15,34.2,32.));
#8146=CARTESIAN_POINT('',(62.3,34.2,30.));
#8147=CARTESIAN_POINT('Origin',(61.15,34.2,30.));
#8148=CARTESIAN_POINT('',(62.3,34.2,34.));
#8149=CARTESIAN_POINT('',(62.3,34.2,32.));
#8150=CARTESIAN_POINT('Origin',(61.15,34.2,34.));
#8151=CARTESIAN_POINT('Origin',(61.15,34.2,34.));
#8152=CARTESIAN_POINT('Origin',(40.15,46.7,32.));
#8153=CARTESIAN_POINT('',(41.3,46.7,30.));
#8154=CARTESIAN_POINT('Origin',(40.15,46.7,30.));
#8155=CARTESIAN_POINT('',(41.3,46.7,34.));
#8156=CARTESIAN_POINT('',(41.3,46.7,32.));
#8157=CARTESIAN_POINT('Origin',(40.15,46.7,34.));
#8158=CARTESIAN_POINT('Origin',(40.15,46.7,34.));
#8159=CARTESIAN_POINT('Origin',(56.05,28.7,32.));
#8160=CARTESIAN_POINT('',(56.25,28.7,32.));
#8161=CARTESIAN_POINT('',(45.05,28.7,32.));
#8162=CARTESIAN_POINT('',(53.35,28.7,32.));
#8163=CARTESIAN_POINT('',(45.05,28.7,34.5));
#8164=CARTESIAN_POINT('',(45.05,28.7,32.));
#8165=CARTESIAN_POINT('',(56.25,28.7,34.5));
#8166=CARTESIAN_POINT('',(53.35,28.7,34.5));
#8167=CARTESIAN_POINT('',(56.25,28.7,32.));
#8168=CARTESIAN_POINT('Origin',(56.25,39.7,32.));
#8169=CARTESIAN_POINT('',(56.25,39.9,32.));
#8170=CARTESIAN_POINT('',(56.25,41.525,32.));
#8171=CARTESIAN_POINT('',(56.25,39.9,34.5));
#8172=CARTESIAN_POINT('',(56.25,37.,34.5));
#8173=CARTESIAN_POINT('',(56.25,39.9,32.));
#8174=CARTESIAN_POINT('Origin',(45.25,39.9,32.));
#8175=CARTESIAN_POINT('',(45.05,39.9,32.));
#8176=CARTESIAN_POINT('',(47.95,39.9,32.));
#8177=CARTESIAN_POINT('',(45.05,39.9,34.5));
#8178=CARTESIAN_POINT('',(47.95,39.9,34.5));
#8179=CARTESIAN_POINT('',(45.05,39.9,32.));
#8180=CARTESIAN_POINT('Origin',(45.05,28.9,32.));
#8181=CARTESIAN_POINT('',(45.05,36.125,32.));
#8182=CARTESIAN_POINT('',(45.05,31.6,34.5));
#8183=CARTESIAN_POINT('Origin',(50.65,34.3,34.5));
#8184=CARTESIAN_POINT('',(58.65,34.3,34.5));
#8185=CARTESIAN_POINT('Origin',(50.65,34.3,34.5));
#8186=CARTESIAN_POINT('Origin',(50.65,34.3,30.));
#8187=CARTESIAN_POINT('',(45.05,40.0131427428344,32.));
#8188=CARTESIAN_POINT('',(56.25,40.0131427428344,32.));
#8189=CARTESIAN_POINT('Origin',(50.65,34.3,32.));
#8190=CARTESIAN_POINT('',(56.25,40.0131427428344,30.));
#8191=CARTESIAN_POINT('',(56.25,40.0131427428343,30.));
#8192=CARTESIAN_POINT('',(45.05,40.0131427428344,30.));
#8193=CARTESIAN_POINT('Origin',(50.65,34.3,30.));
#8194=CARTESIAN_POINT('',(45.05,40.0131427428343,30.));
#8195=CARTESIAN_POINT('Origin',(56.05,47.2,30.));
#8196=CARTESIAN_POINT('',(56.25,47.2,30.));
#8197=CARTESIAN_POINT('',(45.05,47.2,30.));
#8198=CARTESIAN_POINT('',(53.35,47.2,30.));
#8199=CARTESIAN_POINT('',(56.25,47.2,32.));
#8200=CARTESIAN_POINT('',(56.25,47.2,30.));
#8201=CARTESIAN_POINT('',(45.05,47.2,32.));
#8202=CARTESIAN_POINT('',(53.35,47.2,32.));
#8203=CARTESIAN_POINT('',(45.05,47.2,30.));
#8204=CARTESIAN_POINT('Origin',(56.25,39.7,30.));
#8205=CARTESIAN_POINT('',(56.25,41.525,32.));
#8206=CARTESIAN_POINT('',(56.25,37.,30.));
#8207=CARTESIAN_POINT('Origin',(45.05,47.,30.));
#8208=CARTESIAN_POINT('',(45.05,40.65,30.));
#8209=CARTESIAN_POINT('',(45.05,45.175,32.));
#8210=CARTESIAN_POINT('Origin',(50.65,43.35,32.));
#8211=CARTESIAN_POINT('Origin',(50.65,34.3,30.));
#8212=CARTESIAN_POINT('Origin',(50.65,34.3,34.5));
#8213=CARTESIAN_POINT('',(58.65,34.3,34.5));
#8214=CARTESIAN_POINT('Origin',(1.90192378864668,63.5,1.5));
#8215=CARTESIAN_POINT('',(1.90192378864668,63.,-1.5));
#8216=CARTESIAN_POINT('',(4.5,63.,0.));
#8217=CARTESIAN_POINT('Origin',(1.90192378864668,63.,1.5));
#8218=CARTESIAN_POINT('',(4.5,5.00000000000001,0.));
#8219=CARTESIAN_POINT('',(4.5,63.5,0.));
#8220=CARTESIAN_POINT('',(1.90192378864669,5.00000000000001,-1.5));
#8221=CARTESIAN_POINT('Origin',(1.90192378864669,5.00000000000001,1.5));
#8222=CARTESIAN_POINT('',(1.90192378864668,63.5,-1.5));
#8223=CARTESIAN_POINT('Origin',(5.,63.,1.5));
#8224=CARTESIAN_POINT('',(5.,66.0980762113533,-1.5));
#8225=CARTESIAN_POINT('',(5.,63.5,0.));
#8226=CARTESIAN_POINT('Origin',(5.,66.0980762113533,1.5));
#8227=CARTESIAN_POINT('Origin',(5.,63.,0.));
#8228=CARTESIAN_POINT('Origin',(5.,63.,-1.5));
#8229=CARTESIAN_POINT('Origin',(5.,5.,1.5));
#8230=CARTESIAN_POINT('',(5.,4.5,0.));
#8231=CARTESIAN_POINT('',(5.,1.90192378864669,-1.5));
#8232=CARTESIAN_POINT('Origin',(5.,1.90192378864669,1.5));
#8233=CARTESIAN_POINT('Origin',(5.,5.,-1.5));
#8234=CARTESIAN_POINT('Origin',(5.,5.,0.));
#8235=CARTESIAN_POINT('Origin',(96.5,66.0980762113533,1.5));
#8236=CARTESIAN_POINT('',(96.,66.0980762113533,-1.5));
#8237=CARTESIAN_POINT('',(96.,63.5,0.));
#8238=CARTESIAN_POINT('Origin',(96.,66.0980762113533,1.5));
#8239=CARTESIAN_POINT('',(96.5,63.5,0.));
#8240=CARTESIAN_POINT('',(96.5,66.0980762113533,-1.5));
#8241=CARTESIAN_POINT('Origin',(4.5,1.90192378864669,1.5));
#8242=CARTESIAN_POINT('',(96.,4.5,0.));
#8243=CARTESIAN_POINT('',(96.,1.90192378864668,-1.5));
#8244=CARTESIAN_POINT('Origin',(96.,1.90192378864668,1.5));
#8245=CARTESIAN_POINT('',(4.5,1.90192378864669,-1.5));
#8246=CARTESIAN_POINT('',(4.5,4.5,0.));
#8247=CARTESIAN_POINT('Origin',(96.,63.,1.5));
#8248=CARTESIAN_POINT('',(99.0980762113533,63.,-1.5));
#8249=CARTESIAN_POINT('',(96.5,63.,0.));
#8250=CARTESIAN_POINT('Origin',(99.0980762113533,63.,1.5));
#8251=CARTESIAN_POINT('Origin',(96.,63.,0.));
#8252=CARTESIAN_POINT('Origin',(96.,63.,-1.5));
#8253=CARTESIAN_POINT('Origin',(96.,5.,1.5));
#8254=CARTESIAN_POINT('',(96.5,5.,0.));
#8255=CARTESIAN_POINT('',(99.0980762113533,4.99999999999998,-1.5));
#8256=CARTESIAN_POINT('Origin',(99.0980762113533,4.99999999999998,1.5));
#8257=CARTESIAN_POINT('Origin',(96.,5.,-1.5));
#8258=CARTESIAN_POINT('Origin',(96.,5.,0.));
#8259=CARTESIAN_POINT('Origin',(99.0980762113533,4.5,1.5));
#8260=CARTESIAN_POINT('',(96.5,4.5,0.));
#8261=CARTESIAN_POINT('',(99.0980762113533,4.5,-1.5));
#8262=CARTESIAN_POINT('Origin',(50.5,34.,-1.5));
#8263=CARTESIAN_POINT('',(-0.90192378864668,67.,-1.5));
#8264=CARTESIAN_POINT('',(-0.901923788646684,1.00000000000001,-1.5));
#8265=CARTESIAN_POINT('',(-0.90192378864668,71.5,-1.5));
#8266=CARTESIAN_POINT('',(1.,68.9019237886467,-1.5));
#8267=CARTESIAN_POINT('Origin',(1.,67.,-1.5));
#8268=CARTESIAN_POINT('',(100.,68.9019237886467,-1.5));
#8269=CARTESIAN_POINT('',(104.5,68.9019237886467,-1.5));
#8270=CARTESIAN_POINT('',(101.901923788647,67.,-1.5));
#8271=CARTESIAN_POINT('Origin',(100.,67.,-1.5));
#8272=CARTESIAN_POINT('',(101.901923788647,1.,-1.5));
#8273=CARTESIAN_POINT('',(101.901923788647,-3.5,-1.5));
#8274=CARTESIAN_POINT('',(100.,-0.901923788646684,-1.5));
#8275=CARTESIAN_POINT('Origin',(100.,1.,-1.5));
#8276=CARTESIAN_POINT('',(0.999999999999996,-0.901923788646681,-1.5));
#8277=CARTESIAN_POINT('',(-3.5,-0.90192378864668,-1.5));
#8278=CARTESIAN_POINT('Origin',(0.999999999999996,1.,-1.5));
#8279=CARTESIAN_POINT('Origin',(-0.90192378864668,71.5,1.5));
#8280=CARTESIAN_POINT('',(-3.5,1.00000000000001,0.));
#8281=CARTESIAN_POINT('Origin',(-0.901923788646684,1.00000000000001,1.5));
#8282=CARTESIAN_POINT('',(-3.5,67.,0.));
#8283=CARTESIAN_POINT('',(-3.5,71.5,0.));
#8284=CARTESIAN_POINT('Origin',(-0.90192378864668,67.,1.5));
#8285=CARTESIAN_POINT('Ctrl Pts',(-3.5,1.00000000000001,0.));
#8286=CARTESIAN_POINT('Ctrl Pts',(-3.50000000000001,-3.49999999999999,0.));
#8287=CARTESIAN_POINT('Ctrl Pts',(0.999999999999992,-3.5,0.));
#8288=CARTESIAN_POINT('Ctrl Pts',(-2.63397459621557,1.00000000000001,-1.5));
#8289=CARTESIAN_POINT('Ctrl Pts',(-2.63397459621557,-2.63397459621556,-1.5));
#8290=CARTESIAN_POINT('Ctrl Pts',(0.999999999999993,-2.63397459621556,-1.5));
#8291=CARTESIAN_POINT('Ctrl Pts',(-0.901923788646688,1.00000000000001,-1.5));
#8292=CARTESIAN_POINT('Ctrl Pts',(-0.901923788646691,-0.90192378864668,
-1.5));
#8293=CARTESIAN_POINT('Ctrl Pts',(0.999999999999995,-0.901923788646681,
-1.5));
#8294=CARTESIAN_POINT('',(0.999999999999996,-3.5,0.));
#8295=CARTESIAN_POINT('Origin',(0.999999999999996,-0.901923788646681,1.5));
#8296=CARTESIAN_POINT('Origin',(0.999999999999996,1.,0.));
#8297=CARTESIAN_POINT('Ctrl Pts',(1.,71.5,0.));
#8298=CARTESIAN_POINT('Ctrl Pts',(-3.49999999999999,71.5,0.));
#8299=CARTESIAN_POINT('Ctrl Pts',(-3.5,67.,0.));
#8300=CARTESIAN_POINT('Ctrl Pts',(1.,70.6339745962156,-1.5));
#8301=CARTESIAN_POINT('Ctrl Pts',(-2.63397459621555,70.6339745962156,-1.5));
#8302=CARTESIAN_POINT('Ctrl Pts',(-2.63397459621556,67.,-1.5));
#8303=CARTESIAN_POINT('Ctrl Pts',(1.,68.9019237886467,-1.5));
#8304=CARTESIAN_POINT('Ctrl Pts',(-0.901923788646678,68.9019237886467,-1.5));
#8305=CARTESIAN_POINT('Ctrl Pts',(-0.90192378864668,67.,-1.5));
#8306=CARTESIAN_POINT('',(0.999999999999996,71.5,0.));
#8307=CARTESIAN_POINT('Origin',(1.,68.9019237886467,1.5));
#8308=CARTESIAN_POINT('Origin',(1.,67.,0.));
#8309=CARTESIAN_POINT('Origin',(-3.5,-0.90192378864668,1.5));
#8310=CARTESIAN_POINT('',(100.,-3.5,0.));
#8311=CARTESIAN_POINT('Origin',(100.,-0.901923788646684,1.5));
#8312=CARTESIAN_POINT('',(-3.5,-3.5,0.));
#8313=CARTESIAN_POINT('Origin',(104.5,68.9019237886467,1.5));
#8314=CARTESIAN_POINT('',(100.,71.5,0.));
#8315=CARTESIAN_POINT('Origin',(100.,68.9019237886467,1.5));
#8316=CARTESIAN_POINT('',(104.5,71.5,0.));
#8317=CARTESIAN_POINT('Ctrl Pts',(100.,-3.5,-1.11022302462516E-15));
#8318=CARTESIAN_POINT('Ctrl Pts',(104.5,-3.5,-1.11022302462516E-15));
#8319=CARTESIAN_POINT('Ctrl Pts',(104.5,1.,-1.11022302462516E-15));
#8320=CARTESIAN_POINT('Ctrl Pts',(100.,-2.63397459621556,-1.5));
#8321=CARTESIAN_POINT('Ctrl Pts',(103.633974596216,-2.63397459621556,-1.5));
#8322=CARTESIAN_POINT('Ctrl Pts',(103.633974596216,1.,-1.5));
#8323=CARTESIAN_POINT('Ctrl Pts',(100.,-0.901923788646682,-1.5));
#8324=CARTESIAN_POINT('Ctrl Pts',(101.901923788647,-0.901923788646682,-1.5));
#8325=CARTESIAN_POINT('Ctrl Pts',(101.901923788647,1.,-1.5));
#8326=CARTESIAN_POINT('',(104.5,1.,0.));
#8327=CARTESIAN_POINT('Origin',(101.901923788647,1.,1.5));
#8328=CARTESIAN_POINT('Origin',(100.,1.,0.));
#8329=CARTESIAN_POINT('Ctrl Pts',(104.5,67.,-5.55111512312578E-16));
#8330=CARTESIAN_POINT('Ctrl Pts',(104.5,71.5,-5.55111512312578E-16));
#8331=CARTESIAN_POINT('Ctrl Pts',(100.,71.5,-5.55111512312578E-16));
#8332=CARTESIAN_POINT('Ctrl Pts',(103.633974596216,67.,-1.5));
#8333=CARTESIAN_POINT('Ctrl Pts',(103.633974596216,70.6339745962156,-1.5));
#8334=CARTESIAN_POINT('Ctrl Pts',(100.,70.6339745962156,-1.5));
#8335=CARTESIAN_POINT('Ctrl Pts',(101.901923788647,67.,-1.5));
#8336=CARTESIAN_POINT('Ctrl Pts',(101.901923788647,68.9019237886467,-1.5));
#8337=CARTESIAN_POINT('Ctrl Pts',(100.,68.9019237886467,-1.5));
#8338=CARTESIAN_POINT('',(104.5,67.,0.));
#8339=CARTESIAN_POINT('Origin',(101.901923788647,67.,1.5));
#8340=CARTESIAN_POINT('Origin',(100.,67.,0.));
#8341=CARTESIAN_POINT('Origin',(101.901923788647,-3.5,1.5));
#8342=CARTESIAN_POINT('',(104.5,-3.5,0.));
#8343=CARTESIAN_POINT('Origin',(50.5,34.,0.));
#8344=CARTESIAN_POINT('',(103.5,32.,0.));
#8345=CARTESIAN_POINT('',(102.,32.,0.));
#8346=CARTESIAN_POINT('',(76.25,32.,0.));
#8347=CARTESIAN_POINT('',(102.,36.,0.));
#8348=CARTESIAN_POINT('',(102.,35.,0.));
#8349=CARTESIAN_POINT('',(103.5,36.,0.));
#8350=CARTESIAN_POINT('',(77.,36.,0.));
#8351=CARTESIAN_POINT('',(103.5,33.,0.));
#8352=CARTESIAN_POINT('',(102.,62.5,0.));
#8353=CARTESIAN_POINT('',(102.,66.5,0.));
#8354=CARTESIAN_POINT('',(102.,50.25,0.));
#8355=CARTESIAN_POINT('',(103.5,66.5,0.));
#8356=CARTESIAN_POINT('',(77.,66.5,0.));
#8357=CARTESIAN_POINT('',(103.5,62.5,0.));
#8358=CARTESIAN_POINT('',(103.5,48.25,0.));
#8359=CARTESIAN_POINT('',(76.25,62.5,0.));
#8360=CARTESIAN_POINT('',(52.5,-0.999999999999996,0.));
#8361=CARTESIAN_POINT('',(52.5,-2.5,0.));
#8362=CARTESIAN_POINT('',(52.5,15.75,0.));
#8363=CARTESIAN_POINT('',(48.5,-2.5,0.));
#8364=CARTESIAN_POINT('',(49.5,-2.5,0.));
#8365=CARTESIAN_POINT('',(48.5,-0.999999999999996,0.));
#8366=CARTESIAN_POINT('',(48.5,16.5,0.));
#8367=CARTESIAN_POINT('',(51.5,-0.999999999999996,0.));
#8368=CARTESIAN_POINT('',(-2.50000000000002,62.5,0.));
#8369=CARTESIAN_POINT('',(-2.50000000000002,66.5,0.));
#8370=CARTESIAN_POINT('',(-2.50000000000002,50.25,0.));
#8371=CARTESIAN_POINT('',(-0.999999999999996,66.5,0.));
#8372=CARTESIAN_POINT('',(24.75,66.5,0.));
#8373=CARTESIAN_POINT('',(-0.999999999999996,62.5,0.));
#8374=CARTESIAN_POINT('',(-0.999999999999996,48.25,0.));
#8375=CARTESIAN_POINT('',(24.,62.5,0.));
#8376=CARTESIAN_POINT('',(5.5,-0.999999999999996,0.));
#8377=CARTESIAN_POINT('',(5.5,-2.5,0.));
#8378=CARTESIAN_POINT('',(5.5,15.75,0.));
#8379=CARTESIAN_POINT('',(1.49999999999999,-2.5,0.));
#8380=CARTESIAN_POINT('',(26.,-2.5,0.));
#8381=CARTESIAN_POINT('',(1.49999999999999,-0.999999999999996,0.));
#8382=CARTESIAN_POINT('',(1.49999999999999,16.5,0.));
#8383=CARTESIAN_POINT('',(28.,-0.999999999999996,0.));
#8384=CARTESIAN_POINT('',(5.5,70.5,0.));
#8385=CARTESIAN_POINT('',(5.5,69.,0.));
#8386=CARTESIAN_POINT('',(5.5,51.5,0.));
#8387=CARTESIAN_POINT('',(1.49999999999999,69.,0.));
#8388=CARTESIAN_POINT('',(26.,69.,0.));
#8389=CARTESIAN_POINT('',(1.49999999999999,70.5,0.));
#8390=CARTESIAN_POINT('',(1.49999999999999,52.25,0.));
#8391=CARTESIAN_POINT('',(28.,70.5,0.));
#8392=CARTESIAN_POINT('',(99.5,70.5,0.));
#8393=CARTESIAN_POINT('',(99.5,69.,0.));
#8394=CARTESIAN_POINT('',(99.5,51.5,0.));
#8395=CARTESIAN_POINT('',(95.5,69.,0.));
#8396=CARTESIAN_POINT('',(73.,69.,0.));
#8397=CARTESIAN_POINT('',(95.5,70.5,0.));
#8398=CARTESIAN_POINT('',(95.5,52.25,0.));
#8399=CARTESIAN_POINT('',(75.,70.5,0.));
#8400=CARTESIAN_POINT('',(102.,1.50000000000001,0.));
#8401=CARTESIAN_POINT('',(102.,5.50000000000001,0.));
#8402=CARTESIAN_POINT('',(102.,19.75,0.));
#8403=CARTESIAN_POINT('',(103.5,5.50000000000001,0.));
#8404=CARTESIAN_POINT('',(77.,5.50000000000001,0.));
#8405=CARTESIAN_POINT('',(103.5,1.50000000000001,0.));
#8406=CARTESIAN_POINT('',(103.5,17.75,0.));
#8407=CARTESIAN_POINT('',(76.25,1.50000000000001,0.));
#8408=CARTESIAN_POINT('',(-2.50000000000002,1.50000000000001,0.));
#8409=CARTESIAN_POINT('',(-2.50000000000002,5.50000000000001,0.));
#8410=CARTESIAN_POINT('',(-2.50000000000002,19.75,0.));
#8411=CARTESIAN_POINT('',(-0.999999999999996,5.50000000000001,0.));
#8412=CARTESIAN_POINT('',(24.75,5.50000000000001,0.));
#8413=CARTESIAN_POINT('',(-0.999999999999996,1.50000000000001,0.));
#8414=CARTESIAN_POINT('',(-0.999999999999996,17.75,0.));
#8415=CARTESIAN_POINT('',(24.,1.50000000000001,0.));
#8416=CARTESIAN_POINT('',(-2.50000000000002,32.,0.));
#8417=CARTESIAN_POINT('',(-2.50000000000002,36.,0.));
#8418=CARTESIAN_POINT('',(-2.50000000000002,35.,0.));
#8419=CARTESIAN_POINT('',(-0.999999999999996,36.,0.));
#8420=CARTESIAN_POINT('',(24.75,36.,0.));
#8421=CARTESIAN_POINT('',(-0.999999999999996,32.,0.));
#8422=CARTESIAN_POINT('',(-0.999999999999996,33.,0.));
#8423=CARTESIAN_POINT('',(24.,32.,0.));
#8424=CARTESIAN_POINT('',(99.5,-0.999999999999996,0.));
#8425=CARTESIAN_POINT('',(99.5,-2.5,0.));
#8426=CARTESIAN_POINT('',(99.5,15.75,0.));
#8427=CARTESIAN_POINT('',(95.5,-2.5,0.));
#8428=CARTESIAN_POINT('',(73.,-2.5,0.));
#8429=CARTESIAN_POINT('',(95.5,-0.999999999999996,0.));
#8430=CARTESIAN_POINT('',(95.5,16.5,0.));
#8431=CARTESIAN_POINT('',(75.,-0.999999999999996,0.));
#8432=CARTESIAN_POINT('',(48.5,69.,0.));
#8433=CARTESIAN_POINT('',(48.5,70.5,0.));
#8434=CARTESIAN_POINT('',(48.5,52.25,0.));
#8435=CARTESIAN_POINT('',(52.5,70.5,0.));
#8436=CARTESIAN_POINT('',(51.5,70.5,0.));
#8437=CARTESIAN_POINT('',(52.5,69.,0.));
#8438=CARTESIAN_POINT('',(52.5,51.5,0.));
#8439=CARTESIAN_POINT('',(49.5,69.,0.));
#8440=CARTESIAN_POINT('Origin',(102.,32.,0.));
#8441=CARTESIAN_POINT('',(103.5,32.,1.));
#8442=CARTESIAN_POINT('',(103.5,32.,0.));
#8443=CARTESIAN_POINT('',(102.,32.,1.));
#8444=CARTESIAN_POINT('',(102.,32.,1.));
#8445=CARTESIAN_POINT('',(102.,32.,0.));
#8446=CARTESIAN_POINT('Origin',(102.,36.,0.));
#8447=CARTESIAN_POINT('',(102.,36.,1.));
#8448=CARTESIAN_POINT('',(102.,36.,1.));
#8449=CARTESIAN_POINT('',(102.,36.,0.));
#8450=CARTESIAN_POINT('Origin',(103.5,36.,0.));
#8451=CARTESIAN_POINT('',(103.5,36.,1.));
#8452=CARTESIAN_POINT('',(103.5,36.,1.));
#8453=CARTESIAN_POINT('',(103.5,36.,0.));
#8454=CARTESIAN_POINT('Origin',(103.5,32.,0.));
#8455=CARTESIAN_POINT('',(103.5,32.,1.));
#8456=CARTESIAN_POINT('Origin',(102.75,34.,1.));
#8457=CARTESIAN_POINT('Origin',(102.,66.5,0.));
#8458=CARTESIAN_POINT('',(102.,62.5,1.));
#8459=CARTESIAN_POINT('',(102.,62.5,0.));
#8460=CARTESIAN_POINT('',(102.,66.5,1.));
#8461=CARTESIAN_POINT('',(102.,66.5,1.));
#8462=CARTESIAN_POINT('',(102.,66.5,0.));
#8463=CARTESIAN_POINT('Origin',(103.5,66.5,0.));
#8464=CARTESIAN_POINT('',(103.5,66.5,1.));
#8465=CARTESIAN_POINT('',(103.5,66.5,1.));
#8466=CARTESIAN_POINT('',(103.5,66.5,0.));
#8467=CARTESIAN_POINT('Origin',(103.5,62.5,0.));
#8468=CARTESIAN_POINT('',(103.5,62.5,1.));
#8469=CARTESIAN_POINT('',(103.5,62.5,1.));
#8470=CARTESIAN_POINT('',(103.5,62.5,0.));
#8471=CARTESIAN_POINT('Origin',(102.,62.5,0.));
#8472=CARTESIAN_POINT('',(102.,62.5,1.));
#8473=CARTESIAN_POINT('Origin',(102.75,64.5,1.));
#8474=CARTESIAN_POINT('Origin',(52.5,-2.5,0.));
#8475=CARTESIAN_POINT('',(52.5,-0.999999999999996,1.));
#8476=CARTESIAN_POINT('',(52.5,-0.999999999999996,0.));
#8477=CARTESIAN_POINT('',(52.5,-2.5,1.));
#8478=CARTESIAN_POINT('',(52.5,-0.999999999999996,1.));
#8479=CARTESIAN_POINT('',(52.5,-2.5,0.));
#8480=CARTESIAN_POINT('Origin',(48.5,-2.5,0.));
#8481=CARTESIAN_POINT('',(48.5,-2.5,1.));
#8482=CARTESIAN_POINT('',(52.5,-2.5,1.));
#8483=CARTESIAN_POINT('',(48.5,-2.5,0.));
#8484=CARTESIAN_POINT('Origin',(48.5,-0.999999999999996,0.));
#8485=CARTESIAN_POINT('',(48.5,-0.999999999999996,1.));
#8486=CARTESIAN_POINT('',(48.5,-2.5,1.));
#8487=CARTESIAN_POINT('',(48.5,-0.999999999999996,0.));
#8488=CARTESIAN_POINT('Origin',(52.5,-0.999999999999996,0.));
#8489=CARTESIAN_POINT('',(48.5,-0.999999999999996,1.));
#8490=CARTESIAN_POINT('Origin',(50.5,-1.75,1.));
#8491=CARTESIAN_POINT('Origin',(-2.50000000000002,66.5,0.));
#8492=CARTESIAN_POINT('',(-2.50000000000002,62.5,1.));
#8493=CARTESIAN_POINT('',(-2.50000000000002,62.5,0.));
#8494=CARTESIAN_POINT('',(-2.50000000000002,66.5,1.));
#8495=CARTESIAN_POINT('',(-2.50000000000002,66.5,1.));
#8496=CARTESIAN_POINT('',(-2.50000000000002,66.5,0.));
#8497=CARTESIAN_POINT('Origin',(-0.999999999999996,66.5,0.));
#8498=CARTESIAN_POINT('',(-0.999999999999996,66.5,1.));
#8499=CARTESIAN_POINT('',(-0.999999999999996,66.5,1.));
#8500=CARTESIAN_POINT('',(-0.999999999999996,66.5,0.));
#8501=CARTESIAN_POINT('Origin',(-0.999999999999996,62.5,0.));
#8502=CARTESIAN_POINT('',(-0.999999999999996,62.5,1.));
#8503=CARTESIAN_POINT('',(-0.999999999999996,62.5,1.));
#8504=CARTESIAN_POINT('',(-0.999999999999996,62.5,0.));
#8505=CARTESIAN_POINT('Origin',(-2.50000000000002,62.5,0.));
#8506=CARTESIAN_POINT('',(-2.50000000000002,62.5,1.));
#8507=CARTESIAN_POINT('Origin',(-1.75000000000001,64.5,1.));
#8508=CARTESIAN_POINT('Origin',(5.5,-2.5,0.));
#8509=CARTESIAN_POINT('',(5.5,-0.999999999999996,1.));
#8510=CARTESIAN_POINT('',(5.5,-0.999999999999996,0.));
#8511=CARTESIAN_POINT('',(5.5,-2.5,1.));
#8512=CARTESIAN_POINT('',(5.5,-0.999999999999996,1.));
#8513=CARTESIAN_POINT('',(5.5,-2.5,0.));
#8514=CARTESIAN_POINT('Origin',(1.49999999999999,-2.5,0.));
#8515=CARTESIAN_POINT('',(1.49999999999999,-2.5,1.));
#8516=CARTESIAN_POINT('',(5.5,-2.5,1.));
#8517=CARTESIAN_POINT('',(1.49999999999999,-2.5,0.));
#8518=CARTESIAN_POINT('Origin',(1.49999999999999,-0.999999999999996,0.));
#8519=CARTESIAN_POINT('',(1.49999999999999,-0.999999999999996,1.));
#8520=CARTESIAN_POINT('',(1.49999999999999,-2.5,1.));
#8521=CARTESIAN_POINT('',(1.49999999999999,-0.999999999999996,0.));
#8522=CARTESIAN_POINT('Origin',(5.5,-0.999999999999996,0.));
#8523=CARTESIAN_POINT('',(1.49999999999999,-0.999999999999996,1.));
#8524=CARTESIAN_POINT('Origin',(3.5,-1.75,1.));
#8525=CARTESIAN_POINT('Origin',(5.5,69.,0.));
#8526=CARTESIAN_POINT('',(5.5,70.5,1.));
#8527=CARTESIAN_POINT('',(5.5,70.5,0.));
#8528=CARTESIAN_POINT('',(5.5,69.,1.));
#8529=CARTESIAN_POINT('',(5.5,70.5,1.));
#8530=CARTESIAN_POINT('',(5.5,69.,0.));
#8531=CARTESIAN_POINT('Origin',(1.49999999999999,69.,0.));
#8532=CARTESIAN_POINT('',(1.49999999999999,69.,1.));
#8533=CARTESIAN_POINT('',(5.5,69.,1.));
#8534=CARTESIAN_POINT('',(1.49999999999999,69.,0.));
#8535=CARTESIAN_POINT('Origin',(1.49999999999999,70.5,0.));
#8536=CARTESIAN_POINT('',(1.49999999999999,70.5,1.));
#8537=CARTESIAN_POINT('',(1.49999999999999,69.,1.));
#8538=CARTESIAN_POINT('',(1.49999999999999,70.5,0.));
#8539=CARTESIAN_POINT('Origin',(5.5,70.5,0.));
#8540=CARTESIAN_POINT('',(1.49999999999999,70.5,1.));
#8541=CARTESIAN_POINT('Origin',(3.5,69.75,1.));
#8542=CARTESIAN_POINT('Origin',(99.5,69.,0.));
#8543=CARTESIAN_POINT('',(99.5,70.5,1.));
#8544=CARTESIAN_POINT('',(99.5,70.5,0.));
#8545=CARTESIAN_POINT('',(99.5,69.,1.));
#8546=CARTESIAN_POINT('',(99.5,70.5,1.));
#8547=CARTESIAN_POINT('',(99.5,69.,0.));
#8548=CARTESIAN_POINT('Origin',(95.5,69.,0.));
#8549=CARTESIAN_POINT('',(95.5,69.,1.));
#8550=CARTESIAN_POINT('',(99.5,69.,1.));
#8551=CARTESIAN_POINT('',(95.5,69.,0.));
#8552=CARTESIAN_POINT('Origin',(95.5,70.5,0.));
#8553=CARTESIAN_POINT('',(95.5,70.5,1.));
#8554=CARTESIAN_POINT('',(95.5,69.,1.));
#8555=CARTESIAN_POINT('',(95.5,70.5,0.));
#8556=CARTESIAN_POINT('Origin',(99.5,70.5,0.));
#8557=CARTESIAN_POINT('',(95.5,70.5,1.));
#8558=CARTESIAN_POINT('Origin',(97.5,69.75,1.));
#8559=CARTESIAN_POINT('Origin',(102.,5.50000000000001,0.));
#8560=CARTESIAN_POINT('',(102.,1.50000000000001,1.));
#8561=CARTESIAN_POINT('',(102.,1.50000000000001,0.));
#8562=CARTESIAN_POINT('',(102.,5.50000000000001,1.));
#8563=CARTESIAN_POINT('',(102.,5.50000000000001,1.));
#8564=CARTESIAN_POINT('',(102.,5.50000000000001,0.));
#8565=CARTESIAN_POINT('Origin',(103.5,5.50000000000001,0.));
#8566=CARTESIAN_POINT('',(103.5,5.50000000000001,1.));
#8567=CARTESIAN_POINT('',(103.5,5.50000000000001,1.));
#8568=CARTESIAN_POINT('',(103.5,5.50000000000001,0.));
#8569=CARTESIAN_POINT('Origin',(103.5,1.50000000000001,0.));
#8570=CARTESIAN_POINT('',(103.5,1.50000000000001,1.));
#8571=CARTESIAN_POINT('',(103.5,1.50000000000001,1.));
#8572=CARTESIAN_POINT('',(103.5,1.50000000000001,0.));
#8573=CARTESIAN_POINT('Origin',(102.,1.50000000000001,0.));
#8574=CARTESIAN_POINT('',(102.,1.50000000000001,1.));
#8575=CARTESIAN_POINT('Origin',(102.75,3.50000000000001,1.));
#8576=CARTESIAN_POINT('Origin',(-2.50000000000002,5.50000000000001,0.));
#8577=CARTESIAN_POINT('',(-2.50000000000002,1.50000000000001,1.));
#8578=CARTESIAN_POINT('',(-2.50000000000002,1.50000000000001,0.));
#8579=CARTESIAN_POINT('',(-2.50000000000002,5.50000000000001,1.));
#8580=CARTESIAN_POINT('',(-2.50000000000002,5.50000000000001,1.));
#8581=CARTESIAN_POINT('',(-2.50000000000002,5.50000000000001,0.));
#8582=CARTESIAN_POINT('Origin',(-0.999999999999996,5.50000000000001,0.));
#8583=CARTESIAN_POINT('',(-0.999999999999996,5.50000000000001,1.));
#8584=CARTESIAN_POINT('',(-0.999999999999996,5.50000000000001,1.));
#8585=CARTESIAN_POINT('',(-0.999999999999996,5.50000000000001,0.));
#8586=CARTESIAN_POINT('Origin',(-0.999999999999996,1.50000000000001,0.));
#8587=CARTESIAN_POINT('',(-0.999999999999996,1.50000000000001,1.));
#8588=CARTESIAN_POINT('',(-0.999999999999996,1.50000000000001,1.));
#8589=CARTESIAN_POINT('',(-0.999999999999996,1.50000000000001,0.));
#8590=CARTESIAN_POINT('Origin',(-2.50000000000002,1.50000000000001,0.));
#8591=CARTESIAN_POINT('',(-2.50000000000002,1.50000000000001,1.));
#8592=CARTESIAN_POINT('Origin',(-1.75000000000001,3.50000000000001,1.));
#8593=CARTESIAN_POINT('Origin',(-2.50000000000002,36.,0.));
#8594=CARTESIAN_POINT('',(-2.50000000000002,32.,1.));
#8595=CARTESIAN_POINT('',(-2.50000000000002,32.,0.));
#8596=CARTESIAN_POINT('',(-2.50000000000002,36.,1.));
#8597=CARTESIAN_POINT('',(-2.50000000000002,36.,1.));
#8598=CARTESIAN_POINT('',(-2.50000000000002,36.,0.));
#8599=CARTESIAN_POINT('Origin',(-0.999999999999996,36.,0.));
#8600=CARTESIAN_POINT('',(-0.999999999999996,36.,1.));
#8601=CARTESIAN_POINT('',(-0.999999999999996,36.,1.));
#8602=CARTESIAN_POINT('',(-0.999999999999996,36.,0.));
#8603=CARTESIAN_POINT('Origin',(-0.999999999999996,32.,0.));
#8604=CARTESIAN_POINT('',(-0.999999999999996,32.,1.));
#8605=CARTESIAN_POINT('',(-0.999999999999996,32.,1.));
#8606=CARTESIAN_POINT('',(-0.999999999999996,32.,0.));
#8607=CARTESIAN_POINT('Origin',(-2.50000000000002,32.,0.));
#8608=CARTESIAN_POINT('',(-2.50000000000002,32.,1.));
#8609=CARTESIAN_POINT('Origin',(-1.75000000000001,34.,1.));
#8610=CARTESIAN_POINT('Origin',(99.5,-2.5,0.));
#8611=CARTESIAN_POINT('',(99.5,-0.999999999999996,1.));
#8612=CARTESIAN_POINT('',(99.5,-0.999999999999996,0.));
#8613=CARTESIAN_POINT('',(99.5,-2.5,1.));
#8614=CARTESIAN_POINT('',(99.5,-0.999999999999996,1.));
#8615=CARTESIAN_POINT('',(99.5,-2.5,0.));
#8616=CARTESIAN_POINT('Origin',(95.5,-2.5,0.));
#8617=CARTESIAN_POINT('',(95.5,-2.5,1.));
#8618=CARTESIAN_POINT('',(99.5,-2.5,1.));
#8619=CARTESIAN_POINT('',(95.5,-2.5,0.));
#8620=CARTESIAN_POINT('Origin',(95.5,-0.999999999999996,0.));
#8621=CARTESIAN_POINT('',(95.5,-0.999999999999996,1.));
#8622=CARTESIAN_POINT('',(95.5,-2.5,1.));
#8623=CARTESIAN_POINT('',(95.5,-0.999999999999996,0.));
#8624=CARTESIAN_POINT('Origin',(99.5,-0.999999999999996,0.));
#8625=CARTESIAN_POINT('',(95.5,-0.999999999999996,1.));
#8626=CARTESIAN_POINT('Origin',(97.5,-1.75,1.));
#8627=CARTESIAN_POINT('Origin',(48.5,70.5,0.));
#8628=CARTESIAN_POINT('',(48.5,69.,1.));
#8629=CARTESIAN_POINT('',(48.5,69.,0.));
#8630=CARTESIAN_POINT('',(48.5,70.5,1.));
#8631=CARTESIAN_POINT('',(48.5,69.,1.));
#8632=CARTESIAN_POINT('',(48.5,70.5,0.));
#8633=CARTESIAN_POINT('Origin',(52.5,70.5,0.));
#8634=CARTESIAN_POINT('',(52.5,70.5,1.));
#8635=CARTESIAN_POINT('',(48.5,70.5,1.));
#8636=CARTESIAN_POINT('',(52.5,70.5,0.));
#8637=CARTESIAN_POINT('Origin',(52.5,69.,0.));
#8638=CARTESIAN_POINT('',(52.5,69.,1.));
#8639=CARTESIAN_POINT('',(52.5,70.5,1.));
#8640=CARTESIAN_POINT('',(52.5,69.,0.));
#8641=CARTESIAN_POINT('Origin',(48.5,69.,0.));
#8642=CARTESIAN_POINT('',(52.5,69.,1.));
#8643=CARTESIAN_POINT('Origin',(50.5,69.75,1.));
#8644=UNCERTAINTY_MEASURE_WITH_UNIT(LENGTH_MEASURE(0.01),#8648,
'DISTANCE_ACCURACY_VALUE',
'Maximum model space distance between geometric entities at asserted c
onnectivities');
#8645=UNCERTAINTY_MEASURE_WITH_UNIT(LENGTH_MEASURE(0.01),#8648,
'DISTANCE_ACCURACY_VALUE',
'Maximum model space distance between geometric entities at asserted c
onnectivities');
#8646=(
GEOMETRIC_REPRESENTATION_CONTEXT(3)
GLOBAL_UNCERTAINTY_ASSIGNED_CONTEXT((#8644))
GLOBAL_UNIT_ASSIGNED_CONTEXT((#8648,#8650,#8651))
REPRESENTATION_CONTEXT('','3D')
);
#8647=(
GEOMETRIC_REPRESENTATION_CONTEXT(3)
GLOBAL_UNCERTAINTY_ASSIGNED_CONTEXT((#8645))
GLOBAL_UNIT_ASSIGNED_CONTEXT((#8648,#8650,#8651))
REPRESENTATION_CONTEXT('','3D')
);
#8648=(
LENGTH_UNIT()
NAMED_UNIT(*)
SI_UNIT(.MILLI.,.METRE.)
);
#8649=(
LENGTH_UNIT()
NAMED_UNIT(*)
SI_UNIT($,.METRE.)
);
#8650=(
NAMED_UNIT(*)
PLANE_ANGLE_UNIT()
SI_UNIT($,.RADIAN.)
);
#8651=(
NAMED_UNIT(*)
SI_UNIT($,.STERADIAN.)
SOLID_ANGLE_UNIT()
);
#8652=SHAPE_DEFINITION_REPRESENTATION(#8653,#8654);
#8653=PRODUCT_DEFINITION_SHAPE('',$,#8656);
#8654=SHAPE_REPRESENTATION('',(#5233),#8646);
#8655=PRODUCT_DEFINITION_CONTEXT('part definition',#8660,'design');
#8656=PRODUCT_DEFINITION('einkcam v6 screws','einkcam v6 screws v26',#8657,
#8655);
#8657=PRODUCT_DEFINITION_FORMATION('',$,#8662);
#8658=PRODUCT_RELATED_PRODUCT_CATEGORY('einkcam v6 screws v26',
'einkcam v6 screws v26',(#8662));
#8659=APPLICATION_PROTOCOL_DEFINITION('international standard',
'automotive_design',2009,#8660);
#8660=APPLICATION_CONTEXT(
'Core Data for Automotive Mechanical Design Process');
#8661=PRODUCT_CONTEXT('part definition',#8660,'mechanical');
#8662=PRODUCT('einkcam v6 screws','einkcam v6 screws v26',$,(#8661));
#8663=PRESENTATION_STYLE_ASSIGNMENT((#8664));
#8664=SURFACE_STYLE_USAGE(.BOTH.,#8665);
#8665=SURFACE_SIDE_STYLE('',(#8666));
#8666=SURFACE_STYLE_FILL_AREA(#8667);
#8667=FILL_AREA_STYLE('ABS (White)',(#8668));
#8668=FILL_AREA_STYLE_COLOUR('ABS (White)',#8669);
#8669=COLOUR_RGB('ABS (White)',0.964705882352941,0.964705882352941,0.952941176470588);
ENDSEC;
END-ISO-10303-21;
